# geodist_l1 — capital-to-capital great-circle distance (haversine, km).
# sources: mledoze/countries@c8015eebdd94c533358406b0d709f441389e1f2e (countries.json: cca3, capital, latlng); lutangar/cities.json@e66576247c5d26b1fc65d96a499acff3c3fef827 (cities.json, GeoNames-derived, CC BY 4.0: capital coordinates).
# basis: capital = both endpoints matched a capital city; centroid = at least one endpoint fell back to the country centroid.
# built by tools/build_geodist.py; threshold for «قريبة جغرافياً» lives in the template rules, not here.
iso3_a,iso3_b,distcap_km,basis
ABW,AFG,13240.1,capital
ABW,AGO,9498.1,capital
ABW,AIA,979.0,capital
ABW,ALA,8800.7,capital
ABW,ALB,9079.4,capital
ABW,AND,7563.4,capital
ABW,ARE,12717.2,capital
ABW,ARG,5383.8,capital
ABW,ARM,11095.1,capital
ABW,ASM,11477.8,capital
ABW,ATA,11400.1,centroid
ABW,ATF,14544.4,capital
ABW,ATG,1017.4,centroid
ABW,AUS,15345.3,capital
ABW,AUT,8708.2,capital
ABW,AZE,11489.0,capital
ABW,BDI,11169.5,capital
ABW,BEL,7836.9,capital
ABW,BEN,7972.0,capital
ABW,BES,195.7,capital
ABW,BFA,7413.4,capital
ABW,BGD,15458.9,capital
ABW,BGR,9336.6,capital
ABW,BHR,12286.3,capital
ABW,BHS,1591.3,capital
ABW,BIH,8918.7,capital
ABW,BLM,974.3,capital
ABW,BLR,9374.5,capital
ABW,BLZ,2079.8,capital
ABW,BMU,2262.6,capital
ABW,BOL,3547.6,capital
ABW,BRA,3976.6,capital
ABW,BRB,1130.1,capital
ABW,BRN,18002.4,capital
ABW,BTN,15057.3,capital
ABW,BVT,10099.5,centroid
ABW,BWA,11174.9,capital
ABW,CAF,9749.0,capital
ABW,CAN,3696.1,capital
ABW,CCK,18586.2,capital
ABW,CHE,8046.4,capital
ABW,CHL,5113.3,capital
ABW,CHN,14147.3,capital
ABW,CIV,7110.5,capital
ABW,CMR,8997.6,capital
ABW,COD,9607.8,capital
ABW,COG,9602.9,capital
ABW,COK,10482.3,capital
ABW,COL,986.3,capital
ABW,COM,12781.8,capital
ABW,CPV,5022.8,capital
ABW,CRI,1653.9,capital
ABW,CUB,1759.3,capital
ABW,CUW,131.7,capital
ABW,CXR,19492.1,capital
ABW,CYM,1426.7,capital
ABW,CYP,10388.5,capital
ABW,CZE,8549.1,capital
ABW,DEU,8463.6,capital
ABW,DJI,12168.6,capital
ABW,DMA,982.1,capital
ABW,DNK,8397.4,capital
ABW,DOM,661.5,capital
ABW,DZA,7682.2,capital
ABW,ECU,1700.0,capital
ABW,EGY,10368.2,capital
ABW,ERI,11607.5,capital
ABW,ESH,6117.2,centroid
ABW,ESP,7111.7,capital
ABW,EST,9078.2,capital
ABW,ETH,11790.9,capital
ABW,FIN,9073.3,capital
ABW,FJI,12686.6,capital
ABW,FLK,7236.6,capital
ABW,FRA,7676.5,capital
ABW,FRO,7402.0,capital
ABW,FSM,14267.5,capital
ABW,GAB,8856.4,capital
ABW,GBR,7534.4,capital
ABW,GEO,11045.8,capital
ABW,GGY,7328.9,centroid
ABW,GHA,7688.5,capital
ABW,GIB,6925.5,capital
ABW,GIN,6148.2,capital
ABW,GLP,973.6,capital
ABW,GMB,5780.5,capital
ABW,GNB,5905.3,capital
ABW,GNQ,8703.5,capital
ABW,GRC,9477.7,capital
ABW,GRD,909.3,centroid
ABW,GRL,5917.2,capital
ABW,GTM,2225.9,capital
ABW,GUF,2118.0,capital
ABW,GUM,15214.0,capital
ABW,GUY,1447.8,capital
ABW,HKG,16119.3,centroid
ABW,HMD,14421.4,centroid
ABW,HND,1866.7,capital
ABW,HRV,8705.8,capital
ABW,HTI,713.6,capital
ABW,HUN,8915.3,capital
ABW,IDN,19234.2,capital
ABW,IMN,7298.9,capital
ABW,IND,14241.8,capital
ABW,IOT,15735.6,centroid
ABW,IRL,7165.0,capital
ABW,IRN,11862.9,capital
ABW,IRQ,11408.2,capital
ABW,ISL,6822.5,capital
ABW,ISR,10671.6,capital
ABW,ITA,8468.9,capital
ABW,JAM,947.0,capital
ABW,JEY,7358.4,capital
ABW,JOR,10729.9,capital
ABW,JPN,13810.3,capital
ABW,KAZ,12014.3,capital
ABW,KEN,11866.4,capital
ABW,KGZ,12880.3,capital
ABW,KHM,17279.3,capital
ABW,KIR,12890.9,centroid
ABW,KNA,946.9,capital
ABW,KOR,14169.2,capital
ABW,KWT,11902.6,capital
ABW,LAO,16529.5,capital
ABW,LBN,10620.2,capital
ABW,LBR,6522.1,capital
ABW,LBY,8629.6,capital
ABW,LCA,989.9,capital
ABW,LIE,8203.4,capital
ABW,LKA,16044.5,capital
ABW,LSO,11403.9,capital
ABW,LTU,9210.6,capital
ABW,LUX,7956.0,capital
ABW,LVA,9090.9,capital
ABW,MAC,16138.0,centroid
ABW,MAF,966.5,capital
ABW,MAR,6772.7,capital
ABW,MCO,8045.0,capital
ABW,MDA,9651.9,capital
ABW,MDG,13325.9,capital
ABW,MDV,15579.0,capital
ABW,MEX,3199.4,capital
ABW,MHL,12887.9,capital
ABW,MKD,9198.6,capital
ABW,MLI,6717.0,capital
ABW,MLT,8709.3,capital
ABW,MMR,15960.1,centroid
ABW,MNE,9014.4,capital
ABW,MNG,13288.4,capital
ABW,MNP,15013.0,capital
ABW,MOZ,11859.1,capital
ABW,MRT,5810.6,capital
ABW,MSR,960.5,capital
ABW,MTQ,994.9,capital
ABW,MUS,14373.8,capital
ABW,MWI,11805.9,capital
ABW,MYS,18047.3,capital
ABW,MYT,13011.0,capital
ABW,NAM,10248.1,capital
ABW,NCL,13958.1,capital
ABW,NER,7784.9,capital
ABW,NFK,13776.0,capital
ABW,NGA,8447.5,capital
ABW,NIC,1762.6,capital
ABW,NIU,11481.6,capital
ABW,NLD,7886.3,capital
ABW,NOR,8291.5,capital
ABW,NPL,14812.8,capital
ABW,NRU,13599.7,capital
ABW,NZL,13019.7,capital
ABW,OMN,13120.4,capital
ABW,PAK,13556.4,capital
ABW,PAN,1108.6,capital
ABW,PCN,7734.4,capital
ABW,PER,2838.9,capital
ABW,PHL,16764.0,capital
ABW,PLW,16496.6,capital
ABW,PNG,15946.2,capital
ABW,POL,8980.1,capital
ABW,PRI,782.9,capital
ABW,PRK,14052.8,capital
ABW,PRT,6625.2,capital
ABW,PRY,4413.3,capital
ABW,PSE,10665.8,capital
ABW,PYF,9346.1,capital
ABW,QAT,12417.7,capital
ABW,REU,14160.4,capital
ABW,ROU,9514.4,capital
ABW,RUS,9926.5,capital
ABW,RWA,11149.2,capital
ABW,SAU,12006.5,capital
ABW,SDN,10943.4,capital
ABW,SEN,5675.5,capital
ABW,SGP,18337.0,capital
ABW,SGS,8074.7,centroid
ABW,SHN,7746.7,capital
ABW,SJM,8546.6,capital
ABW,SLB,14556.3,capital
ABW,SLE,6214.5,capital
ABW,SLV,2078.5,capital
ABW,SMR,8445.7,centroid
ABW,SOM,12701.1,capital
ABW,SPM,4023.7,capital
ABW,SRB,9068.5,capital
ABW,SSD,11143.8,capital
ABW,STP,8562.3,capital
ABW,SUR,1790.3,capital
ABW,SVK,8763.1,capital
ABW,SVN,8589.9,capital
ABW,SWE,8704.8,capital
ABW,SWZ,11728.1,capital
ABW,SXM,966.7,capital
ABW,SYC,13967.2,capital
ABW,SYR,10703.2,capital
ABW,TCA,1000.8,capital
ABW,TCD,9193.1,capital
ABW,TGO,7830.0,capital
ABW,THA,16912.3,capital
ABW,TJK,12906.7,capital
ABW,TKL,11511.9,centroid
ABW,TKM,12251.0,capital
ABW,TLS,18254.1,capital
ABW,TON,12023.5,centroid
ABW,TTO,949.4,capital
ABW,TUN,8311.6,capital
ABW,TUR,10184.4,capital
ABW,TUV,12454.0,capital
ABW,TWN,15652.9,capital
ABW,TZA,11862.3,capital
ABW,UGA,11367.9,capital
ABW,UKR,9667.1,capital
ABW,UMI,12872.6,centroid
ABW,UNK,9163.9,capital
ABW,URY,5471.9,capital
ABW,USA,3892.6,centroid
ABW,UZB,12718.7,capital
ABW,VAT,8464.1,capital
ABW,VCT,956.5,capital
ABW,VEN,410.9,capital
ABW,VGB,875.3,capital
ABW,VIR,846.5,capital
ABW,VNM,16257.5,capital
ABW,VUT,13875.3,centroid
ABW,WLF,12042.8,capital
ABW,WSM,11582.6,capital
ABW,YEM,12538.9,centroid
ABW,ZAF,11419.6,capital
ABW,ZMB,11249.4,capital
ABW,ZWE,11584.4,capital
AFG,AGO,7600.6,capital
AFG,AIA,12277.3,capital
AFG,ALA,4512.1,capital
AFG,ALB,4335.1,capital
AFG,AND,5796.2,capital
AFG,ARE,1813.2,capital
AFG,ARG,15269.7,capital
AFG,ARM,2260.0,capital
AFG,ASM,13645.6,capital
AFG,ATA,13846.9,centroid
AFG,ATF,9327.3,capital
AFG,ATG,12287.4,centroid
AFG,AUS,11356.2,capital
AFG,AUT,4560.6,capital
AFG,AZE,1817.3,capital
AFG,BDI,5884.0,capital
AFG,BEL,5408.2,capital
AFG,BEN,7457.7,capital
AFG,BES,13153.2,capital
AFG,BFA,7473.9,capital
AFG,BGD,2380.3,capital
AFG,BGR,4034.2,capital
AFG,BHR,2003.1,capital
AFG,BHS,12507.3,capital
AFG,BIH,4427.9,capital
AFG,BLM,12290.0,capital
AFG,BLR,3872.0,capital
AFG,BLZ,13802.4,capital
AFG,BMU,11164.1,capital
AFG,BOL,15221.9,capital
AFG,BRA,13456.7,capital
AFG,BRB,12450.7,capital
AFG,BRN,5739.5,capital
AFG,BTN,2098.2,capital
AFG,BVT,11712.5,centroid
AFG,BWA,8007.5,capital
AFG,CAF,6187.5,capital
AFG,CAN,10449.7,capital
AFG,CCK,5955.2,capital
AFG,CHE,5238.3,capital
AFG,CHL,16333.5,capital
AFG,CHN,4175.4,capital
AFG,CIV,8155.5,capital
AFG,CMR,6832.5,capital
AFG,COD,7092.6,capital
AFG,COG,7090.6,capital
AFG,COK,15032.5,capital
AFG,COL,14207.1,capital
AFG,COM,5822.7,capital
AFG,CPV,9313.3,capital
AFG,CRI,14277.8,capital
AFG,CUB,12934.8,capital
AFG,CUW,13198.0,capital
AFG,CXR,6306.9,capital
AFG,CYM,13269.3,capital
AFG,CYP,3251.4,capital
AFG,CZE,4701.7,capital
AFG,DEU,4776.8,capital
AFG,DJI,3664.7,capital
AFG,DMA,12402.6,capital
AFG,DNK,4851.7,capital
AFG,DOM,12704.0,capital
AFG,DZA,5854.6,capital
AFG,ECU,14935.3,capital
AFG,EGY,3578.0,capital
AFG,ERI,3696.9,capital
AFG,ESH,7816.6,centroid
AFG,ESP,6280.6,capital
AFG,EST,4233.1,capital
AFG,ETH,4199.4,capital
AFG,FIN,4253.1,capital
AFG,FJI,12871.9,capital
AFG,FLK,15433.0,capital
AFG,FRA,5581.5,capital
AFG,FRO,5952.2,capital
AFG,FSM,9479.6,capital
AFG,GAB,7251.0,capital
AFG,GBR,5707.0,capital
AFG,GEO,2264.0,capital
AFG,GGY,5920.4,centroid
AFG,GHA,7771.6,capital
AFG,GIB,6584.3,capital
AFG,GIN,8756.9,capital
AFG,GLP,12369.9,capital
AFG,GMB,8781.6,capital
AFG,GNB,8789.5,capital
AFG,GNQ,7081.5,capital
AFG,GRC,4052.6,capital
AFG,GRD,12683.4,centroid
AFG,GRL,7891.8,capital
AFG,GTM,14141.2,capital
AFG,GUF,12492.0,capital
AFG,GUM,7853.8,capital
AFG,GUY,12831.5,capital
AFG,HKG,4568.4,centroid
AFG,HMD,9749.2,centroid
AFG,HND,14061.5,capital
AFG,HRV,4600.1,capital
AFG,HTI,12847.3,capital
AFG,HUN,4361.5,capital
AFG,IDN,6011.5,capital
AFG,IMN,5945.9,capital
AFG,IND,1005.2,capital
AFG,IOT,4513.1,centroid
AFG,IRL,6077.5,capital
AFG,IRN,1617.6,capital
AFG,IRQ,2283.4,capital
AFG,ISL,6647.1,capital
AFG,ISR,3161.3,capital
AFG,ITA,4927.4,capital
AFG,JAM,13155.1,capital
AFG,JEY,5893.2,capital
AFG,JOR,3089.5,capital
AFG,JPN,6268.1,capital
AFG,KAZ,1860.6,capital
AFG,KEN,5216.8,capital
AFG,KGZ,1039.3,capital
AFG,KHM,4421.3,capital
AFG,KIR,11178.9,centroid
AFG,KNA,12331.8,capital
AFG,KOR,5125.3,capital
AFG,KWT,2076.3,capital
AFG,LAO,3782.4,capital
AFG,LBN,3082.6,capital
AFG,LBR,8693.3,capital
AFG,LBY,5113.9,capital
AFG,LCA,12481.7,capital
AFG,LIE,5079.7,capital
AFG,LKA,3257.5,capital
AFG,LSO,8339.1,capital
AFG,LTU,4038.8,capital
AFG,LUX,5297.7,capital
AFG,LVA,4179.3,capital
AFG,MAC,4515.4,centroid
AFG,MAF,12291.6,capital
AFG,MAR,6801.8,capital
AFG,MCO,5298.9,capital
AFG,MDA,3618.9,capital
AFG,MDG,6367.8,capital
AFG,MDV,3404.6,capital
AFG,MEX,13889.1,capital
AFG,MHL,10664.4,capital
AFG,MKD,4194.5,capital
AFG,MLI,8049.2,capital
AFG,MLT,4901.2,capital
AFG,MMR,3132.7,centroid
AFG,MNE,4368.0,capital
AFG,MNG,3443.0,capital
AFG,MNP,7843.3,capital
AFG,MOZ,7752.9,capital
AFG,MRT,8449.2,capital
AFG,MSR,12345.2,capital
AFG,MTQ,12437.1,capital
AFG,MUS,6205.3,capital
AFG,MWI,6560.8,capital
AFG,MYS,4842.9,capital
AFG,MYT,5836.7,capital
AFG,NAM,8397.6,capital
AFG,NCL,12025.0,capital
AFG,NER,7072.0,capital
AFG,NFK,12528.0,capital
AFG,NGA,6852.5,capital
AFG,NIC,14214.2,capital
AFG,NIU,13988.9,capital
AFG,NLD,5354.1,capital
AFG,NOR,5007.5,capital
AFG,NPL,1711.5,capital
AFG,NRU,10752.0,capital
AFG,NZL,13645.6,capital
AFG,OMN,1602.6,capital
AFG,PAK,367.4,capital
AFG,PAN,14160.2,capital
AFG,PCN,17883.9,capital
AFG,PER,15787.6,capital
AFG,PHL,5617.5,capital
AFG,PLW,7292.7,capital
AFG,PNG,9523.4,capital
AFG,POL,4260.1,capital
AFG,PRI,12461.3,capital
AFG,PRK,4983.0,capital
AFG,PRT,6783.8,capital
AFG,PRY,14846.1,capital
AFG,PSE,3158.7,capital
AFG,PYF,15743.2,capital
AFG,QAT,1982.3,capital
AFG,REU,6329.9,capital
AFG,ROU,3808.4,capital
AFG,RUS,3366.4,capital
AFG,RWA,5750.5,capital
AFG,SAU,2422.9,capital
AFG,SDN,4217.0,capital
AFG,SEN,8784.4,capital
AFG,SGP,5155.3,capital
AFG,SGS,14065.2,centroid
AFG,SHN,9682.6,capital
AFG,SJM,5458.9,capital
AFG,SLB,10670.9,capital
AFG,SLE,8781.2,capital
AFG,SLV,14186.4,capital
AFG,SMR,4902.7,centroid
AFG,SOM,4375.5,capital
AFG,SPM,9454.9,capital
AFG,SRB,4254.8,capital
AFG,SSD,5081.6,capital
AFG,STP,7493.3,capital
AFG,SUR,12659.6,capital
AFG,SVK,4506.2,capital
AFG,SVN,4711.9,capital
AFG,SWE,4591.0,capital
AFG,SWZ,7873.3,capital
AFG,SXM,12292.6,capital
AFG,SYC,4584.3,capital
AFG,SYR,3019.2,capital
AFG,TCA,12509.3,capital
AFG,TCD,5980.0,capital
AFG,TGO,7606.4,capital
AFG,THA,3901.2,capital
AFG,TJK,447.0,capital
AFG,TKL,13204.6,centroid
AFG,TKM,1038.9,capital
AFG,TLS,7617.1,capital
AFG,TON,13574.9,centroid
AFG,TTO,12789.7,capital
AFG,TUN,5249.7,capital
AFG,TUR,3248.0,capital
AFG,TUV,12374.1,capital
AFG,TWN,5104.2,capital
AFG,TZA,5725.8,capital
AFG,UGA,5376.1,capital
AFG,UKR,3574.0,capital
AFG,UMI,9456.6,centroid
AFG,UNK,4210.4,capital
AFG,URY,15085.9,capital
AFG,USA,11825.0,centroid
AFG,UZB,749.1,capital
AFG,VAT,4931.9,capital
AFG,VCT,12566.4,capital
AFG,VEN,13197.6,capital
AFG,VGB,12365.7,capital
AFG,VIR,12393.8,capital
AFG,VNM,3880.5,capital
AFG,VUT,11710.3,centroid
AFG,WLF,13086.4,capital
AFG,WSM,13522.1,capital
AFG,YEM,3033.6,centroid
AFG,ZAF,7972.8,capital
AFG,ZMB,7034.6,capital
AFG,ZWE,7080.1,capital
AGO,AIA,8890.7,capital
AGO,ALA,7688.1,capital
AGO,ALB,5618.5,capital
AGO,AND,5832.1,capital
AGO,ARE,5798.8,capital
AGO,ARG,7771.5,capital
AGO,ARM,6326.7,capital
AGO,ASM,17408.4,capital
AGO,ATA,9024.9,centroid
AGO,ATF,6909.9,capital
AGO,ATG,8731.7,centroid
AGO,AUS,13273.4,capital
AGO,AUT,6350.6,capital
AGO,AZE,6639.7,capital
AGO,BDI,1940.1,capital
AGO,BEL,6692.0,capital
AGO,BEN,2072.5,capital
AGO,BES,9302.5,capital
AGO,BFA,2867.3,capital
AGO,BGD,9118.6,capital
AGO,BGR,5821.2,capital
AGO,BHR,5610.0,capital
AGO,BHS,10480.0,capital
AGO,BIH,5881.1,capital
AGO,BLM,8861.4,capital
AGO,BLR,7105.2,capital
AGO,BLZ,11563.1,capital
AGO,BMU,9424.8,capital
AGO,BOL,8487.2,capital
AGO,BRA,6668.8,capital
AGO,BRB,8405.1,capital
AGO,BRN,11374.0,capital
AGO,BTN,9143.6,capital
AGO,BVT,5145.0,centroid
AGO,BWA,2213.5,capital
AGO,CAF,1581.7,capital
AGO,CAN,10623.2,capital
AGO,CCK,9111.2,capital
AGO,CHE,6229.4,capital
AGO,CHL,8902.7,capital
AGO,CHN,11757.0,capital
AGO,CIV,2690.7,capital
AGO,CMR,1425.3,capital
AGO,COD,551.5,capital
AGO,COG,556.3,capital
AGO,COK,16588.2,capital
AGO,COL,9792.3,capital
AGO,COM,3298.5,capital
AGO,CPV,4836.2,capital
AGO,CRI,11098.5,capital
AGO,CUB,10962.3,capital
AGO,CUW,9368.2,capital
AGO,CXR,10094.6,capital
AGO,CYM,10810.4,capital
AGO,CYP,5330.5,capital
AGO,CZE,6553.2,capital
AGO,DEU,6823.1,capital
AGO,DJI,4011.9,capital
AGO,DMA,8645.3,capital
AGO,DNK,7173.8,capital
AGO,DOM,9602.8,capital
AGO,DZA,5176.6,capital
AGO,ECU,10196.9,capital
AGO,EGY,4734.8,capital
AGO,ERI,3904.0,capital
AGO,ESH,4673.1,centroid
AGO,ESP,5746.3,capital
AGO,EST,7661.0,capital
AGO,ETH,3453.6,capital
AGO,FIN,7742.7,capital
AGO,FJI,16603.5,capital
AGO,FLK,7938.8,capital
AGO,FRA,6502.7,capital
AGO,FRO,8065.6,capital
AGO,FSM,16147.5,capital
AGO,GAB,1108.4,capital
AGO,GBR,6831.5,capital
AGO,GEO,6476.5,capital
AGO,GGY,6663.6,centroid
AGO,GHA,2185.9,capital
AGO,GIB,5366.6,capital
AGO,GIN,3612.7,capital
AGO,GLP,8698.4,capital
AGO,GMB,4119.9,capital
AGO,GNB,3931.5,capital
AGO,GNQ,1484.7,capital
AGO,GRC,5319.1,capital
AGO,GRD,8598.2,centroid
AGO,GRL,9727.9,capital
AGO,GTM,11723.1,capital
AGO,GUF,7427.8,capital
AGO,GUM,14708.5,capital
AGO,GUY,8100.2,capital
AGO,HKG,11499.0,centroid
AGO,HMD,7204.5,centroid
AGO,HND,11362.5,capital
AGO,HRV,6083.1,capital
AGO,HTI,9858.1,capital
AGO,HUN,6290.4,capital
AGO,IDN,10295.8,capital
AGO,IMN,7198.6,capital
AGO,IND,8020.1,capital
AGO,IOT,6426.5,centroid
AGO,IRL,7154.0,capital
AGO,IRN,6364.7,capital
AGO,IRQ,5731.4,capital
AGO,ISL,8631.5,capital
AGO,ISR,5084.1,capital
AGO,ITA,5641.3,capital
AGO,JAM,10313.0,capital
AGO,JEY,6623.4,capital
AGO,JOR,5137.7,capital
AGO,JPN,13844.6,capital
AGO,KAZ,8681.6,capital
AGO,KEN,2741.7,capital
AGO,KGZ,8446.1,capital
AGO,KHM,10384.9,capital
AGO,KIR,17628.7,centroid
AGO,KNA,8833.6,capital
AGO,KOR,12692.2,capital
AGO,KWT,5646.4,capital
AGO,LAO,10243.2,capital
AGO,LBN,5300.7,capital
AGO,LBR,3150.9,capital
AGO,LBY,4639.5,capital
AGO,LCA,8573.1,capital
AGO,LIE,6235.3,capital
AGO,LKA,7587.5,capital
AGO,LSO,2719.2,capital
AGO,LTU,7153.0,capital
AGO,LUX,6535.6,capital
AGO,LVA,7382.1,capital
AGO,MAC,11432.7,centroid
AGO,MAF,8889.7,capital
AGO,MAR,5213.8,capital
AGO,MCO,5875.4,capital
AGO,MDA,6399.6,capital
AGO,MDG,3860.1,capital
AGO,MDV,6836.2,capital
AGO,MEX,12668.5,capital
AGO,MHL,17601.0,capital
AGO,MKD,5713.8,capital
AGO,MLI,3343.2,capital
AGO,MLT,4976.3,capital
AGO,MMR,9841.7,centroid
AGO,MNE,5734.7,capital
AGO,MNG,11006.5,capital
AGO,MNP,14812.8,capital
AGO,MOZ,2792.5,capital
AGO,MRT,4386.9,capital
AGO,MSR,8765.9,capital
AGO,MTQ,8595.1,capital
AGO,MUS,4912.1,capital
AGO,MWI,2310.5,capital
AGO,MYS,9891.4,capital
AGO,MYT,3519.5,capital
AGO,NAM,1580.2,capital
AGO,NCL,15488.7,capital
AGO,NER,2772.1,capital
AGO,NFK,15006.1,capital
AGO,NGA,2088.8,capital
AGO,NIC,11235.0,capital
AGO,NIU,16894.7,capital
AGO,NLD,6852.7,capital
AGO,NOR,7647.8,capital
AGO,NPL,8739.8,capital
AGO,NRU,16919.5,capital
AGO,NZL,14130.7,capital
AGO,OMN,6089.5,capital
AGO,PAK,7878.3,capital
AGO,PAN,10459.7,capital
AGO,PCN,14539.9,capital
AGO,PER,9831.5,capital
AGO,PHL,12151.6,capital
AGO,PLW,13568.8,capital
AGO,PNG,14521.7,capital
AGO,POL,6830.8,capital
AGO,PRI,9210.9,capital
AGO,PRK,12565.0,capital
AGO,PRT,5773.7,capital
AGO,PRY,7673.3,capital
AGO,PSE,5096.0,capital
AGO,PYF,16526.7,capital
AGO,QAT,5619.4,capital
AGO,REU,4714.1,capital
AGO,ROU,6063.1,capital
AGO,RUS,7527.5,capital
AGO,RWA,2012.7,capital
AGO,SAU,5203.3,capital
AGO,SDN,3445.7,capital
AGO,SEN,4276.2,capital
AGO,SGP,10097.2,capital
AGO,SGS,6729.6,centroid
AGO,SHN,2202.3,capital
AGO,SJM,9681.8,capital
AGO,SLB,15807.0,capital
AGO,SLE,3508.2,capital
AGO,SLV,11570.5,capital
AGO,SMR,5849.8,centroid
AGO,SOM,3758.3,capital
AGO,SPM,9202.6,capital
AGO,SRB,6008.6,capital
AGO,SSD,2540.5,capital
AGO,STP,1248.9,capital
AGO,SUR,7755.8,capital
AGO,SVK,6347.9,capital
AGO,SVN,6104.6,capital
AGO,SWE,7592.0,capital
AGO,SWZ,2725.2,capital
AGO,SXM,8884.8,capital
AGO,SYC,4683.3,capital
AGO,SYR,5301.8,capital
AGO,TCA,9791.4,capital
AGO,TCD,2337.4,capital
AGO,TGO,2131.3,capital
AGO,THA,9948.7,capital
AGO,TJK,7786.6,capital
AGO,TKL,17948.7,centroid
AGO,TKM,6997.6,capital
AGO,TLS,12275.7,capital
AGO,TON,16684.3,centroid
AGO,TTO,8549.1,capital
AGO,TUN,5086.8,capital
AGO,TUR,5785.4,capital
AGO,TUV,17536.1,capital
AGO,TWN,12258.5,capital
AGO,TZA,2498.1,capital
AGO,UGA,2372.5,capital
AGO,UKR,6801.6,capital
AGO,UMI,16924.9,centroid
AGO,UNK,5784.0,capital
AGO,URY,7574.1,capital
AGO,USA,12380.3,centroid
AGO,UZB,7971.2,capital
AGO,VAT,5642.5,capital
AGO,VCT,8576.1,capital
AGO,VEN,9120.0,capital
AGO,VGB,9056.8,capital
AGO,VIR,9086.8,capital
AGO,VNM,10626.9,capital
AGO,VUT,16019.1,centroid
AGO,WLF,17345.2,capital
AGO,WSM,17434.6,capital
AGO,YEM,4659.0,centroid
AGO,ZAF,2455.7,capital
AGO,ZMB,1791.0,capital
AGO,ZWE,2169.3,capital
AIA,ALA,7873.3,capital
AIA,ALB,8100.4,capital
AIA,AND,6584.4,capital
AIA,ARE,11744.5,capital
AIA,ARG,5895.3,capital
AIA,ARM,10118.4,capital
AIA,ASM,12327.4,capital
AIA,ATA,12033.2,centroid
AIA,ATF,14611.6,capital
AIA,ATG,186.0,centroid
AIA,AUS,16323.9,capital
AIA,AUT,7734.9,capital
AIA,AZE,10515.4,capital
AIA,BDI,10441.2,capital
AIA,BEL,6869.8,capital
AIA,BEN,7215.6,capital
AIA,BES,875.9,capital
AIA,BFA,6602.8,capital
AIA,BGD,14535.5,capital
AIA,BGR,8357.9,capital
AIA,BHR,11313.6,capital
AIA,BHS,1659.3,capital
AIA,BIH,7940.2,capital
AIA,BLM,41.9,capital
AIA,BLR,8420.8,capital
AIA,BLZ,2722.5,capital
AIA,BMU,1574.9,capital
AIA,BOL,4149.0,capital
AIA,BRA,4127.4,capital
AIA,BRB,676.9,capital
AIA,BRN,17436.3,capital
AIA,BTN,14145.2,capital
AIA,BVT,10221.7,centroid
AIA,BWA,10740.8,capital
AIA,CAF,8971.4,capital
AIA,CAN,3241.9,capital
AIA,CCK,17755.2,capital
AIA,CHE,7070.5,capital
AIA,CHL,5802.1,capital
AIA,CHN,13551.7,capital
AIA,CIV,6373.5,capital
AIA,CMR,8244.8,capital
AIA,COD,8936.5,capital
AIA,COG,8931.0,capital
AIA,COK,11399.0,capital
AIA,COL,1930.1,capital
AIA,COM,12114.2,capital
AIA,CPV,4222.5,capital
AIA,CRI,2506.7,capital
AIA,CUB,2081.5,capital
AIA,CUW,922.0,capital
AIA,CXR,18524.8,capital
AIA,CYM,1931.4,capital
AIA,CYP,9411.8,capital
AIA,CZE,7579.7,capital
AIA,DEU,7501.3,capital
AIA,DJI,11269.9,capital
AIA,DMA,369.7,capital
AIA,DNK,7447.0,capital
AIA,DOM,721.9,capital
AIA,DZA,6709.6,capital
AIA,ECU,2658.1,capital
AIA,EGY,9402.3,capital
AIA,ERI,10694.4,capital
AIA,ESH,5203.7,centroid
AIA,ESP,6133.4,capital
AIA,EST,8148.8,capital
AIA,ETH,10920.9,capital
AIA,FIN,8148.1,capital
AIA,FJI,13553.4,capital
AIA,FLK,7790.2,capital
AIA,FRA,6704.6,capital
AIA,FRO,6497.5,capital
AIA,FSM,14698.9,capital
AIA,GAB,8149.1,capital
AIA,GBR,6570.4,capital
AIA,GEO,10071.2,capital
AIA,GGY,6359.5,centroid
AIA,GHA,6951.3,capital
AIA,GIB,5953.8,capital
AIA,GIN,5401.2,capital
AIA,GLP,284.2,capital
AIA,GMB,4987.8,capital
AIA,GNB,5131.7,capital
AIA,GNQ,7959.9,capital
AIA,GRC,8500.3,capital
AIA,GRD,694.5,centroid
AIA,GRL,5182.4,capital
AIA,GTM,2952.3,capital
AIA,GUF,1880.9,capital
AIA,GUM,15355.1,capital
AIA,GUY,1375.7,capital
AIA,HKG,15503.5,centroid
AIA,HMD,14577.0,centroid
AIA,HND,2617.8,capital
AIA,HRV,7728.8,capital
AIA,HTI,979.9,capital
AIA,HUN,7941.0,capital
AIA,IDN,18288.8,capital
AIA,IMN,6347.2,capital
AIA,IND,13281.2,capital
AIA,IOT,14907.5,centroid
AIA,IRL,6210.9,capital
AIA,IRN,10884.8,capital
AIA,IRQ,10430.0,capital
AIA,ISL,5961.3,capital
AIA,ISR,9699.2,capital
AIA,ITA,7490.0,capital
AIA,JAM,1451.6,capital
AIA,JEY,6388.2,capital
AIA,JOR,9756.9,capital
AIA,JPN,13559.5,capital
AIA,KAZ,11120.6,capital
AIA,KEN,11095.0,capital
AIA,KGZ,11960.7,capital
AIA,KHM,16450.5,capital
AIA,KIR,13510.0,centroid
AIA,KNA,108.4,capital
AIA,KOR,13723.9,capital
AIA,KWT,10926.8,capital
AIA,LAO,15697.0,capital
AIA,LBN,9644.3,capital
AIA,LBR,5810.2,capital
AIA,LBY,7665.4,capital
AIA,LCA,518.0,capital
AIA,LIE,7227.9,capital
AIA,LKA,15077.2,capital
AIA,LSO,11037.1,capital
AIA,LTU,8258.9,capital
AIA,LUX,6985.4,capital
AIA,LVA,8148.6,capital
AIA,MAC,15509.5,centroid
AIA,MAF,16.8,capital
AIA,MAR,5806.9,capital
AIA,MCO,7066.2,capital
AIA,MDA,8679.2,capital
AIA,MDG,12750.8,capital
AIA,MDV,14644.0,capital
AIA,MEX,3791.8,capital
AIA,MHL,13414.4,capital
AIA,MKD,8219.7,capital
AIA,MLI,5917.1,capital
AIA,MLT,7737.0,capital
AIA,MMR,15091.1,centroid
AIA,MNE,8035.4,capital
AIA,MNG,12594.3,capital
AIA,MNP,15138.6,capital
AIA,MOZ,11426.1,capital
AIA,MRT,4960.0,capital
AIA,MSR,190.5,capital
AIA,MTQ,454.1,capital
AIA,MUS,13802.6,capital
AIA,MWI,11195.1,capital
AIA,MYS,17111.0,capital
AIA,MYT,12352.6,capital
AIA,NAM,9814.7,capital
AIA,NCL,14852.7,capital
AIA,NER,6955.6,capital
AIA,NFK,14720.5,capital
AIA,NGA,7650.9,capital
AIA,NIC,2576.8,capital
AIA,NIU,12370.7,capital
AIA,NLD,6924.0,capital
AIA,NOR,7362.7,capital
AIA,NPL,13877.9,capital
AIA,NRU,14217.6,capital
AIA,NZL,13998.6,capital
AIA,OMN,12145.6,capital
AIA,PAK,12599.7,capital
AIA,PAN,2051.3,capital
AIA,PCN,8704.2,capital
AIA,PER,3697.5,capital
AIA,PHL,16338.8,capital
AIA,PLW,16559.2,capital
AIA,PNG,16617.7,capital
AIA,POL,8018.0,capital
AIA,PRI,322.9,capital
AIA,PRK,13583.3,capital
AIA,PRT,5648.0,capital
AIA,PRY,4872.7,capital
AIA,PSE,9693.2,capital
AIA,PYF,10256.5,capital
AIA,QAT,11445.9,capital
AIA,REU,13604.1,capital
AIA,ROU,8537.2,capital
AIA,RUS,8987.8,capital
AIA,RWA,10404.4,capital
AIA,SAU,11040.9,capital
AIA,SDN,10041.5,capital
AIA,SEN,4868.1,capital
AIA,SGP,17415.8,capital
AIA,SGS,8456.7,centroid
AIA,SHN,7335.9,capital
AIA,SJM,7770.2,capital
AIA,SLB,15281.5,capital
AIA,SLE,5480.6,capital
AIA,SLV,2835.8,capital
AIA,SMR,7466.9,centroid
AIA,SOM,11872.4,capital
AIA,SPM,3237.8,capital
AIA,SRB,8090.9,capital
AIA,SSD,10327.1,capital
AIA,STP,7864.8,capital
AIA,SUR,1618.4,capital
AIA,SVK,7789.8,capital
AIA,SVN,7613.1,capital
AIA,SWE,7772.7,capital
AIA,SWZ,11306.4,capital
AIA,SXM,21.3,capital
AIA,SYC,13176.4,capital
AIA,SYR,9727.6,capital
AIA,TCA,919.1,capital
AIA,TCD,8351.3,capital
AIA,TGO,7081.8,capital
AIA,THA,16029.2,capital
AIA,TJK,11954.3,capital
AIA,TKL,12309.1,centroid
AIA,TKM,11280.4,capital
AIA,TLS,18592.9,capital
AIA,TON,12913.4,centroid
AIA,TTO,855.7,capital
AIA,TUN,7338.2,capital
AIA,TUR,9205.4,capital
AIA,TUV,13224.1,capital
AIA,TWN,15178.1,capital
AIA,TZA,11147.9,capital
AIA,UGA,10592.1,capital
AIA,UKR,8703.3,capital
AIA,UMI,13172.7,centroid
AIA,UNK,8185.1,capital
AIA,URY,5951.1,capital
AIA,USA,3954.9,centroid
AIA,UZB,11776.5,capital
AIA,VAT,7485.1,capital
AIA,VCT,596.0,capital
AIA,VEN,952.8,capital
AIA,VGB,166.6,capital
AIA,VIR,198.2,capital
AIA,VNM,15487.1,capital
AIA,VUT,14705.6,centroid
AIA,WLF,12873.1,capital
AIA,WSM,12426.3,capital
AIA,YEM,11609.2,centroid
AIA,ZAF,10995.1,capital
AIA,ZMB,10674.8,capital
AIA,ZWE,11034.8,capital
ALA,ALB,2087.1,capital
ALA,AND,2319.9,capital
ALA,ARE,4766.1,capital
ALA,ARG,12694.1,capital
ALA,ARM,2789.6,capital
ALA,ASM,14846.9,capital
ALA,ATA,16690.1,centroid
ALA,ATF,12982.5,capital
ALA,ATG,7914.2,centroid
ALA,AUS,15487.1,capital
ALA,AUT,1341.7,capital
ALA,AZE,3007.7,capital
ALA,BDI,7117.2,capital
ALA,BEL,1415.2,capital
ALA,BEN,6136.4,capital
ALA,BES,8739.3,capital
ALA,BFA,5592.7,capital
ALA,BGD,6663.2,capital
ALA,BGR,1948.4,capital
ALA,BHR,4430.1,capital
ALA,BHS,7999.8,capital
ALA,BIH,1809.9,capital
ALA,BLM,7892.1,capital
ALA,BLR,828.6,capital
ALA,BLZ,9340.7,capital
ALA,BMU,6657.4,capital
ALA,BOL,11573.0,capital
ALA,BRA,10357.9,capital
ALA,BRB,8168.9,capital
ALA,BRN,9812.8,capital
ALA,BTN,6272.6,capital
ALA,BVT,12819.5,centroid
ALA,BWA,9439.7,capital
ALA,CAF,6198.7,capital
ALA,CAN,6042.1,capital
ALA,CCK,10466.6,capital
ALA,CHE,1672.7,capital
ALA,CHL,13212.8,capital
ALA,CHN,6574.9,capital
ALA,CIV,6291.2,capital
ALA,CMR,6293.5,capital
ALA,COD,7175.1,capital
ALA,COG,7168.4,capital
ALA,COK,15690.7,capital
ALA,COL,9785.4,capital
ALA,COM,8249.4,capital
ALA,CPV,6119.6,capital
ALA,CRI,9769.0,capital
ALA,CUB,8445.3,capital
ALA,CUW,8776.2,capital
ALA,CXR,10776.6,capital
ALA,CYM,8763.4,capital
ALA,CYP,2935.2,capital
ALA,CZE,1166.0,capital
ALA,DEU,932.2,capital
ALA,DJI,5722.7,capital
ALA,DMA,8057.6,capital
ALA,DNK,656.1,capital
ALA,DOM,8225.5,capital
ALA,DZA,2861.1,capital
ALA,ECU,10497.4,capital
ALA,EGY,3444.9,capital
ALA,ERI,5209.7,capital
ALA,ESH,4697.9,centroid
ALA,ESP,2727.7,capital
ALA,EST,279.5,capital
ALA,ETH,5891.6,capital
ALA,FIN,277.0,capital
ALA,FJI,15043.0,capital
ALA,FLK,14226.8,capital
ALA,FRA,1679.0,capital
ALA,FRO,1442.3,capital
ALA,FSM,11713.4,capital
ALA,GAB,6700.1,capital
ALA,GBR,1565.5,capital
ALA,GEO,2657.8,capital
ALA,GGY,1850.0,centroid
ALA,GHA,6298.8,capital
ALA,GIB,3215.6,capital
ALA,GIN,6273.8,capital
ALA,GLP,8010.5,capital
ALA,GMB,5976.3,capital
ALA,GNB,6102.7,capital
ALA,GNQ,6336.5,capital
ALA,GRC,2473.4,capital
ALA,GRD,8377.0,centroid
ALA,GRL,3550.6,capital
ALA,GTM,9685.0,capital
ALA,GUF,8555.9,capital
ALA,GUM,10484.4,capital
ALA,GUY,8693.0,capital
ALA,HKG,8104.6,centroid
ALA,HMD,13427.2,centroid
ALA,HND,9571.4,capital
ALA,HRV,1609.4,capital
ALA,HTI,8352.0,capital
ALA,HUN,1402.1,capital
ALA,IDN,10435.5,capital
ALA,IMN,1603.3,capital
ALA,IND,5484.5,capital
ALA,IOT,8610.1,centroid
ALA,IRL,1750.5,capital
ALA,IRN,3522.0,capital
ALA,IRQ,3467.3,capital
ALA,ISL,2178.9,capital
ALA,ISR,3345.6,capital
ALA,ITA,2086.8,capital
ALA,JAM,8644.7,capital
ALA,JEY,1850.4,capital
ALA,JOR,3344.1,capital
ALA,JPN,8034.5,capital
ALA,KAZ,3286.2,capital
ALA,KEN,6980.1,capital
ALA,KGZ,4087.7,capital
ALA,KHM,8617.3,capital
ALA,KIR,12789.3,centroid
ALA,KNA,7942.2,capital
ALA,KOR,7297.3,capital
ALA,KWT,4007.7,capital
ALA,LAO,7878.8,capital
ALA,LBN,3125.6,capital
ALA,LBR,6515.6,capital
ALA,LBY,3065.8,capital
ALA,LCA,8160.9,capital
ALA,LIE,1591.6,capital
ALA,LKA,7710.7,capital
ALA,LSO,9966.4,capital
ALA,LTU,680.8,capital
ALA,LUX,1456.9,capital
ALA,LVA,425.8,capital
ALA,MAC,8080.0,centroid
ALA,MAF,7888.7,capital
ALA,MAR,3487.6,capital
ALA,MCO,2003.6,capital
ALA,MDA,1566.9,capital
ALA,MDG,9132.3,capital
ALA,MDV,7672.6,capital
ALA,MEX,9625.2,capital
ALA,MHL,12133.6,capital
ALA,MKD,2015.3,capital
ALA,MLI,5753.8,capital
ALA,MLT,2718.6,capital
ALA,MMR,7243.8,centroid
ALA,MNE,1963.8,capital
ALA,MNG,5406.2,capital
ALA,MNP,10352.2,capital
ALA,MOZ,9639.2,capital
ALA,MRT,5475.0,capital
ALA,MSR,7969.8,capital
ALA,MTQ,8106.7,capital
ALA,MUS,9547.4,capital
ALA,MWI,8328.6,capital
ALA,MYS,9248.1,capital
ALA,MYT,8412.4,capital
ALA,NAM,9194.7,capital
ALA,NCL,15067.7,capital
ALA,NER,5381.0,capital
ALA,NFK,15817.5,capital
ALA,NGA,5769.5,capital
ALA,NIC,9712.2,capital
ALA,NIU,15384.1,capital
ALA,NLD,1260.4,capital
ALA,NOR,510.8,capital
ALA,NPL,6012.1,capital
ALA,NRU,12813.8,capital
ALA,NZL,17307.6,capital
ALA,OMN,5026.9,capital
ALA,PAK,4792.5,capital
ALA,PAN,9659.3,capital
ALA,PCN,15492.8,capital
ALA,PER,11551.5,capital
ALA,PHL,9201.8,capital
ALA,PLW,10602.8,capital
ALA,PNG,12911.2,capital
ALA,POL,877.3,capital
ALA,PRI,8018.0,capital
ALA,PRK,7102.3,capital
ALA,PRT,3123.7,capital
ALA,PRY,11771.5,capital
ALA,PSE,3331.3,capital
ALA,PYF,15207.9,capital
ALA,QAT,4563.8,capital
ALA,REU,9560.4,capital
ALA,ROU,1789.9,capital
ALA,RUS,1145.9,capital
ALA,RWA,6955.2,capital
ALA,SAU,4444.0,capital
ALA,SDN,5057.4,capital
ALA,SEN,5883.2,capital
ALA,SGP,9546.3,capital
ALA,SGS,13700.9,centroid
ALA,SHN,8761.8,capital
ALA,SJM,2021.4,capital
ALA,SLB,13483.3,capital
ALA,SLE,6368.3,capital
ALA,SLV,9711.3,capital
ALA,SMR,1884.7,centroid
ALA,SOM,6811.8,capital
ALA,SPM,4944.5,capital
ALA,SRB,1700.9,capital
ALA,SSD,6222.0,capital
ALA,STP,6741.8,capital
ALA,SUR,8619.8,capital
ALA,SVK,1341.1,capital
ALA,SVN,1602.1,capital
ALA,SWE,135.1,capital
ALA,SWZ,9680.3,capital
ALA,SXM,7890.7,capital
ALA,SYC,7833.8,capital
ALA,SYR,3187.5,capital
ALA,TCA,8009.9,capital
ALA,TCD,5351.5,capital
ALA,TGO,6205.1,capital
ALA,THA,8163.2,capital
ALA,TJK,4134.7,capital
ALA,TKL,14246.7,centroid
ALA,TKM,3642.4,capital
ALA,TLS,11695.8,capital
ALA,TON,15402.1,centroid
ALA,TTO,8507.6,capital
ALA,TUN,2680.2,capital
ALA,TUR,2416.1,capital
ALA,TUV,14024.6,capital
ALA,TWN,8223.8,capital
ALA,TZA,7498.7,capital
ALA,UGA,6736.2,capital
ALA,UKR,1261.3,capital
ALA,UMI,10688.9,centroid
ALA,UNK,1939.3,capital
ALA,URY,12615.1,capital
ALA,USA,7690.3,centroid
ALA,UZB,3924.6,capital
ALA,VAT,2086.6,capital
ALA,VCT,8253.3,capital
ALA,VEN,8821.8,capital
ALA,VGB,7939.8,capital
ALA,VIR,7965.0,capital
ALA,VNM,7768.7,capital
ALA,VUT,14441.7,centroid
ALA,WLF,14644.9,capital
ALA,WSM,14782.6,capital
ALA,YEM,5505.5,centroid
ALA,ZAF,9574.9,capital
ALA,ZMB,8429.2,capital
ALA,ZWE,8722.8,capital
ALB,AND,1516.7,capital
ALB,ARE,3698.5,capital
ALB,ARG,11608.7,capital
ALB,ARM,2077.0,capital
ALB,ASM,16840.2,capital
ALB,ATA,14602.9,centroid
ALB,ATF,11220.2,capital
ALB,ATG,8077.9,centroid
ALB,AUS,15604.5,capital
ALB,AUT,811.9,capital
ALB,AZE,2518.9,capital
ALB,BDI,5080.9,capital
ALB,BEL,1589.4,capital
ALB,BEN,4231.6,capital
ALB,BES,8961.1,capital
ALB,BFA,3831.0,capital
ALB,BGD,6715.4,capital
ALB,BGR,327.2,capital
ALB,BHR,3276.3,capital
ALB,BHS,8758.0,capital
ALB,BIH,304.8,capital
ALB,BLM,8105.6,capital
ALB,BLR,1511.7,capital
ALB,BLZ,10215.7,capital
ALB,BMU,7298.4,capital
ALB,BOL,10995.8,capital
ALB,BRA,9407.3,capital
ALB,BRB,8174.2,capital
ALB,BRN,10074.4,capital
ALB,BTN,6415.6,capital
ALB,BVT,10762.3,centroid
ALB,BWA,7363.7,capital
ALB,CAF,4112.4,capital
ALB,CAN,7248.8,capital
ALB,CCK,9841.7,capital
ALB,CHE,1166.4,capital
ALB,CHL,12416.5,capital
ALB,CHN,7677.3,capital
ALB,CIV,4569.1,capital
ALB,CMR,4247.0,capital
ALB,COD,5097.2,capital
ALB,COG,5090.7,capital
ALB,COK,17777.5,capital
ALB,COL,9993.8,capital
ALB,COM,6367.7,capital
ALB,CPV,5085.8,capital
ALB,CRI,10420.6,capital
ALB,CUB,9283.0,capital
ALB,CUW,9014.3,capital
ALB,CXR,10429.2,capital
ALB,CYM,9494.0,capital
ALB,CYP,1363.4,capital
ALB,CZE,1059.8,capital
ALB,DEU,1335.5,capital
ALB,DJI,4012.2,capital
ALB,DMA,8166.3,capital
ALB,DNK,1680.4,capital
ALB,DOM,8641.2,capital
ALB,DZA,1529.9,capital
ALB,ECU,10720.1,capital
ALB,EGY,1620.1,capital
ALB,ERI,3424.9,capital
ALB,ESH,3557.4,centroid
ALB,ESP,1974.3,capital
ALB,EST,2042.5,capital
ALB,ETH,4044.9,capital
ALB,FIN,2124.3,capital
ALB,FJI,16730.6,capital
ALB,FLK,12760.9,capital
ALB,FRA,1600.9,capital
ALB,FRO,2898.6,capital
ALB,FSM,13178.0,capital
ALB,GAB,4669.7,capital
ALB,GBR,1892.1,capital
ALB,GEO,2076.0,capital
ALB,GGY,1959.0,centroid
ALB,GHA,4446.1,capital
ALB,GIB,2249.2,capital
ALB,GIN,4821.9,capital
ALB,GLP,8146.0,capital
ALB,GMB,4685.8,capital
ALB,GNB,4750.2,capital
ALB,GNQ,4320.5,capital
ALB,GRC,500.1,capital
ALB,GRD,8415.3,centroid
ALB,GRL,5085.3,capital
ALB,GTM,10553.2,capital
ALB,GUF,8158.7,capital
ALB,GUM,11711.3,capital
ALB,GUY,8505.4,capital
ALB,HKG,8742.4,centroid
ALB,HMD,11649.2,centroid
ALB,HND,10342.8,capital
ALB,HRV,586.9,capital
ALB,HTI,8833.7,capital
ALB,HUN,688.9,capital
ALB,IDN,10216.3,capital
ALB,IMN,2290.1,capital
ALB,IND,5316.9,capital
ALB,IOT,7427.2,centroid
ALB,IRL,2354.0,capital
ALB,IRN,2803.6,capital
ALB,IRQ,2337.6,capital
ALB,ISL,3668.4,capital
ALB,ISR,1733.7,capital
ALB,ITA,610.6,capital
ALB,JAM,9229.7,capital
ALB,JEY,1916.2,capital
ALB,JOR,1771.7,capital
ALB,JPN,9488.0,capital
ALB,KAZ,4027.7,capital
ALB,KEN,5039.1,capital
ALB,KGZ,4440.9,capital
ALB,KHM,8755.7,capital
ALB,KIR,14546.2,centroid
ALB,KNA,8137.2,capital
ALB,KOR,8548.7,capital
ALB,KWT,2861.1,capital
ALB,LAO,8110.0,capital
ALB,LBN,1606.2,capital
ALB,LBR,4933.7,capital
ALB,LBY,1106.7,capital
ALB,LCA,8226.7,capital
ALB,LIE,1043.0,capital
ALB,LKA,7018.6,capital
ALB,LSO,7894.7,capital
ALB,LTU,1539.1,capital
ALB,LUX,1405.8,capital
ALB,LVA,1763.6,capital
ALB,MAC,8699.3,centroid
ALB,MAF,8112.8,capital
ALB,MAR,2470.9,capital
ALB,MCO,1049.4,capital
ALB,MDA,957.6,capital
ALB,MDG,7282.3,capital
ALB,MDV,6733.5,capital
ALB,MEX,10793.8,capital
ALB,MHL,13900.9,capital
ALB,MKD,153.2,capital
ALB,MLI,4179.3,capital
ALB,MLT,759.0,capital
ALB,MMR,7455.2,centroid
ALB,MNE,132.1,capital
ALB,MNG,6554.8,capital
ALB,MNP,11630.5,capital
ALB,MOZ,7597.4,capital
ALB,MRT,4266.8,capital
ALB,MSR,8136.1,capital
ALB,MTQ,8189.4,capital
ALB,MUS,7862.9,capital
ALB,MWI,6314.0,capital
ALB,MYS,9098.2,capital
ALB,MYT,6557.9,capital
ALB,NAM,7109.5,capital
ALB,NCL,16252.9,capital
ALB,NER,3536.3,capital
ALB,NFK,16839.0,capital
ALB,NGA,3787.2,capital
ALB,NIC,10418.3,capital
ALB,NIU,17371.7,capital
ALB,NLD,1666.2,capital
ALB,NOR,2158.8,capital
ALB,NPL,6044.6,capital
ALB,NRU,14406.3,capital
ALB,NZL,17930.6,capital
ALB,OMN,4076.9,capital
ALB,PAK,4695.0,capital
ALB,PAN,10116.6,capital
ALB,PCN,16709.4,capital
ALB,PER,11455.6,capital
ALB,PHL,9843.1,capital
ALB,PLW,11460.9,capital
ALB,PNG,13778.4,capital
ALB,POL,1215.6,capital
ALB,PRI,8333.2,capital
ALB,PRK,8360.0,capital
ALB,PRT,2471.9,capital
ALB,PRY,10868.4,capital
ALB,PSE,1723.2,capital
ALB,PYF,17182.2,capital
ALB,QAT,3415.8,capital
ALB,REU,7832.0,capital
ALB,ROU,617.5,capital
ALB,RUS,2058.6,capital
ALB,RWA,4922.3,capital
ALB,SAU,3095.3,capital
ALB,SDN,3115.9,capital
ALB,SEN,4646.7,capital
ALB,SGP,9414.6,capital
ALB,SGS,11941.7,centroid
ALB,SHN,6887.4,capital
ALB,SJM,4106.9,capital
ALB,SLB,14743.8,capital
ALB,SLE,4886.7,capital
ALB,SLV,10526.3,capital
ALB,SMR,663.9,centroid
ALB,SOM,5061.3,capital
ALB,SPM,5862.6,capital
ALB,SRB,390.1,capital
ALB,SSD,4221.5,capital
ALB,STP,4744.2,capital
ALB,SUR,8325.1,capital
ALB,SVK,788.0,capital
ALB,SVN,676.7,capital
ALB,SWE,2005.4,capital
ALB,SWZ,7629.1,capital
ALB,SXM,8112.7,capital
ALB,SYC,6258.0,capital
ALB,SYR,1690.4,capital
ALB,TCA,8529.7,capital
ALB,TCD,3282.3,capital
ALB,TGO,4326.2,capital
ALB,THA,8232.0,capital
ALB,TJK,4130.6,capital
ALB,TKL,16237.2,centroid
ALB,TKM,3296.2,capital
ALB,TLS,11948.1,capital
ALB,TON,17261.5,centroid
ALB,TTO,8506.9,capital
ALB,TUN,971.6,capital
ALB,TUR,1110.2,capital
ALB,TUV,15840.9,capital
ALB,TWN,9102.4,capital
ALB,TZA,5525.0,capital
ALB,UGA,4737.6,capital
ALB,UKR,1307.4,capital
ALB,UMI,12455.8,centroid
ALB,UNK,186.5,capital
ALB,URY,11479.1,capital
ALB,USA,9115.4,centroid
ALB,UZB,4068.9,capital
ALB,VAT,615.4,capital
ALB,VCT,8304.7,capital
ALB,VEN,8966.1,capital
ALB,VGB,8214.3,capital
ALB,VIR,8245.7,capital
ALB,VNM,8162.7,capital
ALB,VUT,15796.4,centroid
ALB,WLF,16532.5,capital
ALB,WSM,16758.8,capital
ALB,YEM,3989.2,centroid
ALB,ZAF,7507.8,capital
ALB,ZMB,6368.5,capital
ALB,ZWE,6678.9,capital
AND,ARE,5202.6,capital
AND,ARG,10514.8,capital
AND,ARM,3559.8,capital
AND,ASM,16788.7,capital
AND,ATA,14734.2,centroid
AND,ATF,12205.4,capital
AND,ATG,6564.1,centroid
AND,AUS,17118.6,capital
AND,AUT,1319.1,capital
AND,AZE,3983.8,capital
AND,BDI,5852.7,capital
AND,BEL,952.2,capital
AND,BEN,4005.7,capital
AND,BES,7446.8,capital
AND,BFA,3364.6,capital
AND,BGD,8167.5,capital
AND,BGR,1779.7,capital
AND,BHR,4776.3,capital
AND,BHS,7280.0,capital
AND,BIH,1370.8,capital
AND,BLM,6589.9,capital
AND,BLR,2288.3,capital
AND,BLZ,8744.8,capital
AND,BMU,5816.2,capital
AND,BOL,9661.1,capital
AND,BRA,8216.5,capital
AND,BRB,6673.4,capital
AND,BRN,11514.5,capital
AND,BTN,7844.1,capital
AND,BVT,10780.8,centroid
AND,BWA,7876.1,capital
AND,CAF,4564.1,capital
AND,CAN,5942.1,capital
AND,CCK,11348.2,capital
AND,CHE,680.0,capital
AND,CHL,11187.7,capital
AND,CHN,8753.2,capital
AND,CIV,4024.1,capital
AND,CMR,4409.4,capital
AND,COD,5390.6,capital
AND,COG,5383.1,capital
AND,COK,17075.0,capital
AND,COL,8483.1,capital
AND,COM,7374.4,capital
AND,CPV,3888.2,capital
AND,CRI,8915.4,capital
AND,CUB,7814.6,capital
AND,CUW,7499.5,capital
AND,CXR,11945.8,capital
AND,CYM,8004.6,capital
AND,CYP,2856.2,capital
AND,CZE,1297.8,capital
AND,DEU,1423.7,capital
AND,DJI,5282.0,capital
AND,DMA,6656.0,capital
AND,DNK,1665.9,capital
AND,DOM,7126.6,capital
AND,DZA,656.0,capital
AND,ECU,9210.9,capital
AND,EGY,2980.8,capital
AND,ERI,4667.6,capital
AND,ESH,2405.1,centroid
AND,ESP,493.4,capital
AND,EST,2461.8,capital
AND,ETH,5193.7,capital
AND,FIN,2522.0,capital
AND,FJI,17289.4,capital
AND,FLK,11931.8,capital
AND,FRA,708.5,capital
AND,FRO,2236.5,capital
AND,FSM,14030.8,capital
AND,GAB,4749.6,capital
AND,GBR,1008.5,capital
AND,GEO,3535.2,capital
AND,GGY,835.9,centroid
AND,GHA,4112.3,capital
AND,GIB,921.4,capital
AND,GIN,3953.8,capital
AND,GLP,6633.9,capital
AND,GMB,3669.3,capital
AND,GNB,3788.0,capital
AND,GNQ,4368.7,capital
AND,GRC,1944.4,capital
AND,GRD,6912.3,centroid
AND,GRL,4095.8,capital
AND,GTM,9077.5,capital
AND,GUF,6735.1,capital
AND,GUM,12746.5,capital
AND,GUY,7036.4,capital
AND,HKG,10051.3,centroid
AND,HMD,12603.0,centroid
AND,HND,8852.7,capital
AND,HRV,1208.4,capital
AND,HTI,7321.9,capital
AND,HUN,1480.9,capital
AND,IDN,11728.3,capital
AND,IMN,1367.3,capital
AND,IND,6791.9,capital
AND,IOT,8852.0,centroid
AND,IRL,1333.9,capital
AND,IRN,4308.9,capital
AND,IRQ,3852.7,capital
AND,ISL,2827.7,capital
AND,ISR,3190.6,capital
AND,ITA,907.3,capital
AND,JAM,7724.2,capital
AND,JEY,793.9,capital
AND,JOR,3238.6,capital
AND,JPN,10338.6,capital
AND,KAZ,5199.4,capital
AND,KEN,6015.5,capital
AND,KGZ,5771.0,capital
AND,KHM,10210.7,capital
AND,KIR,15056.6,centroid
AND,KNA,6622.2,capital
AND,KOR,9542.2,capital
AND,KWT,4368.6,capital
AND,LAO,9537.7,capital
AND,LBN,3096.2,capital
AND,LBR,4204.6,capital
AND,LBY,1479.7,capital
AND,LCA,6720.1,capital
AND,LIE,813.9,capital
AND,LKA,8531.3,capital
AND,LSO,8417.0,capital
AND,LTU,2192.4,capital
AND,LUX,865.8,capital
AND,LVA,2262.9,capital
AND,MAC,10014.7,centroid
AND,MAF,6596.9,capital
AND,MAR,1192.1,capital
AND,MCO,497.9,capital
AND,MDA,2203.7,capital
AND,MDG,8296.9,capital
AND,MDV,8222.5,capital
AND,MEX,9393.1,capital
AND,MHL,14405.1,capital
AND,MKD,1636.0,capital
AND,MLI,3448.5,capital
AND,MLT,1336.8,capital
AND,MMR,8880.4,centroid
AND,MNE,1452.5,capital
AND,MNG,7589.5,capital
AND,MNP,12628.6,capital
AND,MOZ,8253.2,capital
AND,MRT,3178.7,capital
AND,MSR,6622.3,capital
AND,MTQ,6681.2,capital
AND,MUS,9020.6,capital
AND,MWI,7091.9,capital
AND,MYS,10600.2,capital
AND,MYT,7591.6,capital
AND,NAM,7409.4,capital
AND,NCL,17366.5,capital
AND,NER,3224.5,capital
AND,NFK,18088.2,capital
AND,NGA,3764.9,capital
AND,NIC,8918.9,capital
AND,NIU,17285.5,capital
AND,NLD,1125.6,capital
AND,NOR,2034.7,capital
AND,NPL,7492.4,capital
AND,NRU,15127.3,capital
AND,NZL,19440.7,capital
AND,OMN,5587.7,capital
AND,PAK,6147.8,capital
AND,PAN,8600.8,capital
AND,PCN,15219.2,capital
AND,PER,9993.9,capital
AND,PHL,11163.8,capital
AND,PLW,12707.5,capital
AND,PNG,15050.4,capital
AND,POL,1813.4,capital
AND,PRI,6816.6,capital
AND,PRK,9347.6,capital
AND,PRT,993.1,capital
AND,PRY,9669.7,capital
AND,PSE,3182.1,capital
AND,PYF,16120.5,capital
AND,QAT,4914.2,capital
AND,REU,8953.6,capital
AND,ROU,1987.9,capital
AND,RUS,2963.4,capital
AND,RWA,5712.4,capital
AND,SAU,4564.1,capital
AND,SDN,4206.4,capital
AND,SEN,3585.7,capital
AND,SGP,10916.3,capital
AND,SGS,11389.2,centroid
AND,SHN,6539.6,capital
AND,SJM,4020.8,capital
AND,SLB,15779.5,capital
AND,SLE,4048.6,capital
AND,SLV,9041.5,capital
AND,SMR,894.4,centroid
AND,SOM,6254.9,capital
AND,SPM,4486.2,capital
AND,SRB,1541.6,capital
AND,SSD,5130.6,capital
AND,STP,4717.9,capital
AND,SUR,6877.3,capital
AND,SVK,1366.9,capital
AND,SVN,1104.6,capital
AND,SWE,2187.4,capital
AND,SWZ,8251.1,capital
AND,SXM,6596.8,capital
AND,SYC,7536.8,capital
AND,SYR,3180.7,capital
AND,TCA,7021.9,capital
AND,TCD,3624.2,capital
AND,TGO,4045.3,capital
AND,THA,9696.0,capital
AND,TJK,5550.7,capital
AND,TKL,16235.9,centroid
AND,TKM,4763.1,capital
AND,TLS,13407.9,capital
AND,TON,17491.2,centroid
AND,TTO,7008.7,capital
AND,TUN,972.6,capital
AND,TUR,2621.6,capital
AND,TUV,16229.4,capital
AND,TWN,10312.5,capital
AND,TZA,6423.1,capital
AND,UGA,5622.5,capital
AND,UKR,2371.1,capital
AND,UMI,12974.7,centroid
AND,UNK,1604.7,capital
AND,URY,10413.3,capital
AND,USA,7865.5,centroid
AND,UZB,5449.5,capital
AND,VAT,902.4,capital
AND,VCT,6799.9,capital
AND,VEN,7456.3,capital
AND,VGB,6697.7,capital
AND,VIR,6729.0,capital
AND,VNM,9547.0,capital
AND,VUT,16759.3,centroid
AND,WLF,16757.7,capital
AND,WSM,16762.1,capital
AND,YEM,5370.8,centroid
AND,ZAF,8067.1,capital
AND,ZMB,6997.8,capital
AND,ZWE,7359.7,capital
ARE,ARG,13529.9,capital
ARE,ARM,1976.9,capital
ARE,ASM,15172.8,capital
ARE,ATA,12726.4,centroid
ARE,ATF,8354.8,capital
ARE,ATG,11702.0,centroid
ARE,AUS,11951.3,capital
ARE,AUT,4241.1,capital
ARE,AZE,1820.0,capital
ARE,BDI,4075.2,capital
ARE,BEL,5155.7,capital
ARE,BEN,5857.9,capital
ARE,BES,12582.0,capital
ARE,BFA,6012.6,capital
ARE,BGD,3646.2,capital
ARE,BGR,3489.4,capital
ARE,BHR,430.9,capital
ARE,BHS,12447.5,capital
ARE,BIH,3909.2,capital
ARE,BLM,11745.4,capital
ARE,BLR,3959.1,capital
ARE,BLZ,13894.8,capital
ARE,BMU,10992.8,capital
ARE,BOL,13800.7,capital
ARE,BRA,11945.9,capital
ARE,BRB,11729.4,capital
ARE,BRN,6808.3,capital
ARE,BTN,3528.0,capital
ARE,BVT,10029.6,centroid
ARE,BWA,6263.0,capital
ARE,CAF,4435.6,capital
ARE,CAN,10753.4,capital
ARE,CCK,6145.7,capital
ARE,CHE,4824.9,capital
ARE,CHL,14636.5,capital
ARE,CHN,5960.4,capital
ARE,CIV,6630.8,capital
ARE,CMR,5125.6,capital
ARE,COD,5301.0,capital
ARE,COG,5299.3,capital
ARE,COK,16503.2,capital
ARE,COL,13576.3,capital
ARE,COM,4198.1,capital
ARE,CPV,8127.1,capital
ARE,CRI,14117.6,capital
ARE,CUB,12962.9,capital
ARE,CUW,12639.7,capital
ARE,CXR,6780.6,capital
ARE,CYM,13189.8,capital
ARE,CYP,2346.8,capital
ARE,CZE,4457.5,capital
ARE,DEU,4637.4,capital
ARE,DJI,1858.2,capital
ARE,DMA,11767.3,capital
ARE,DNK,4846.9,capital
ARE,DOM,12321.6,capital
ARE,DZA,5035.2,capital
ARE,ECU,14280.9,capital
ARE,EGY,2366.8,capital
ARE,ERI,1905.8,capital
ARE,ESH,6744.9,centroid
ARE,ESP,5627.5,capital
ARE,EST,4520.0,capital
ARE,ETH,2386.8,capital
ARE,FIN,4572.3,capital
ARE,FJI,14211.1,capital
ARE,FLK,13630.5,capital
ARE,FRA,5243.0,capital
ARE,FRO,6131.7,capital
ARE,FSM,11064.3,capital
ARE,GAB,5523.4,capital
ARE,GBR,5476.0,capital
ARE,GEO,2110.6,capital
ARE,GGY,5608.0,centroid
ARE,GHA,6182.1,capital
ARE,GIB,5791.7,capital
ARE,GIN,7359.3,capital
ARE,GLP,11757.9,capital
ARE,GMB,7490.4,capital
ARE,GNB,7456.0,capital
ARE,GNQ,5394.1,capital
ARE,GRC,3260.5,capital
ARE,GRD,11976.6,centroid
ARE,GRL,8315.0,capital
ARE,GTM,14236.2,capital
ARE,GUF,11456.4,capital
ARE,GUM,9426.9,capital
ARE,GUY,11932.9,capital
ARE,HKG,6060.0,centroid
ARE,HMD,8799.6,centroid
ARE,HND,14038.3,capital
ARE,HRV,4163.9,capital
ARE,HTI,12522.5,capital
ARE,HUN,4027.5,capital
ARE,IDN,6621.9,capital
ARE,IMN,5819.4,capital
ARE,IND,2313.0,capital
ARE,IOT,3859.8,centroid
ARE,IRL,5919.8,capital
ARE,IRN,1282.3,capital
ARE,IRQ,1385.6,capital
ARE,ISL,6915.1,capital
ARE,ISR,2045.7,capital
ARE,ITA,4298.7,capital
ARE,JAM,12926.4,capital
ARE,JEY,5569.3,capital
ARE,JOR,1987.6,capital
ARE,JPN,8052.1,capital
ARE,KAZ,3309.7,capital
ARE,KEN,3432.9,capital
ARE,KGZ,2757.8,capital
ARE,KHM,5499.4,capital
ARE,KIR,12807.2,centroid
ARE,KNA,11770.4,capital
ARE,KOR,6902.1,capital
ARE,KWT,838.9,capital
ARE,LAO,5024.4,capital
ARE,LBN,2108.5,capital
ARE,LBR,7210.6,capital
ARE,LBY,4101.5,capital
ARE,LCA,11807.7,capital
ARE,LIE,4679.2,capital
ARE,LKA,3337.0,capital
ARE,LSO,6634.2,capital
ARE,LTU,4126.8,capital
ARE,LUX,4996.3,capital
ARE,LVA,4351.7,capital
ARE,MAC,5999.4,centroid
ARE,MAF,11755.7,capital
ARE,MAR,5949.8,capital
ARE,MCO,4747.9,capital
ARE,MDA,3376.1,capital
ARE,MDG,4878.9,capital
ARE,MDV,3044.3,capital
ARE,MEX,14356.0,capital
ARE,MHL,12345.5,capital
ARE,MKD,3600.0,capital
ARE,MLI,6654.7,capital
ARE,MLT,4008.0,capital
ARE,MMR,4445.8,centroid
ARE,MNE,3784.3,capital
ARE,MNG,5254.5,capital
ARE,MNP,9447.4,capital
ARE,MOZ,6076.6,capital
ARE,MRT,7252.2,capital
ARE,MSR,11759.6,capital
ARE,MTQ,11779.0,capital
ARE,MUS,4972.1,capital
ARE,MWI,4822.3,capital
ARE,MYS,5589.4,capital
ARE,MYT,4258.2,capital
ARE,NAM,6599.3,capital
ARE,NCL,13147.7,capital
ARE,NER,5598.2,capital
ARE,NFK,13485.6,capital
ARE,NGA,5248.9,capital
ARE,NIC,14116.8,capital
ARE,NIU,15417.9,capital
ARE,NLD,5167.5,capital
ARE,NOR,5170.6,capital
ARE,NPL,3101.5,capital
ARE,NRU,12304.3,capital
ARE,NZL,14260.3,capital
ARE,OMN,418.6,capital
ARE,PAK,2079.6,capital
ARE,PAN,13786.2,capital
ARE,PCN,19555.8,capital
ARE,PER,14731.8,capital
ARE,PHL,7002.2,capital
ARE,PLW,8677.6,capital
ARE,PNG,10718.1,capital
ARE,POL,4176.1,capital
ARE,PRI,11996.6,capital
ARE,PRK,6769.0,capital
ARE,PRT,6102.3,capital
ARE,PRY,13238.9,capital
ARE,PSE,2051.4,capital
ARE,PYF,17415.3,capital
ARE,QAT,303.6,capital
ARE,REU,5042.1,capital
ARE,ROU,3384.8,capital
ARE,RUS,3739.4,capital
ARE,RWA,3939.4,capital
ARE,SAU,776.5,capital
ARE,SDN,2485.2,capital
ARE,SEN,7528.2,capital
ARE,SGP,5900.4,capital
ARE,SGS,12284.7,centroid
ARE,SHN,7914.9,capital
ARE,SJM,6296.5,capital
ARE,SLB,12006.4,capital
ARE,SLE,7360.0,capital
ARE,SLV,14217.8,capital
ARE,SMR,4358.2,centroid
ARE,SOM,2675.3,capital
ARE,SPM,9481.0,capital
ARE,SRB,3797.3,capital
ARE,SSD,3270.6,capital
ARE,STP,5783.7,capital
ARE,SUR,11689.3,capital
ARE,SVK,4188.9,capital
ARE,SVN,4279.7,capital
ARE,SWE,4792.9,capital
ARE,SWZ,6185.6,capital
ARE,SXM,11755.0,capital
ARE,SYC,3234.6,capital
ARE,SYR,2024.3,capital
ARE,TCA,12224.5,capital
ARE,TCD,4357.6,capital
ARE,TGO,6013.2,capital
ARE,THA,4964.3,capital
ARE,TJK,2071.1,capital
ARE,TKL,14813.6,centroid
ARE,TKM,1547.7,capital
ARE,TLS,8536.5,capital
ARE,TON,14932.3,centroid
ARE,TTO,12044.9,capital
ARE,TUN,4406.3,capital
ARE,TUR,2645.7,capital
ARE,TUV,13911.3,capital
ARE,TWN,6702.7,capital
ARE,TZA,3959.9,capital
ARE,UGA,3566.0,capital
ARE,UKR,3544.6,capital
ARE,UMI,11214.6,centroid
ARE,UNK,3649.0,capital
ARE,URY,13338.5,capital
ARE,USA,12456.3,centroid
ARE,UZB,2318.8,capital
ARE,VAT,4303.6,capital
ARE,VCT,11876.4,capital
ARE,VEN,12555.5,capital
ARE,VGB,11869.4,capital
ARE,VIR,11901.8,capital
ARE,VNM,5260.0,capital
ARE,VUT,12984.2,centroid
ARE,WLF,14581.1,capital
ARE,WSM,15048.0,capital
ARE,YEM,1245.5,centroid
ARE,ZAF,6252.5,capital
ARE,ZMB,5260.2,capital
ARE,ZWE,5339.0,capital
ARG,ARM,13393.1,capital
ARG,ASM,11049.9,capital
ARG,ATA,6158.7,centroid
ARG,ATF,9391.8,capital
ARG,ATG,5756.1,centroid
ARG,AUS,11734.6,capital
ARG,AUT,11810.6,capital
ARG,AZE,13829.2,capital
ARG,BDI,9635.9,capital
ARG,BEL,11306.0,capital
ARG,BEN,7848.7,capital
ARG,BES,5303.6,capital
ARG,BFA,7945.5,capital
ARG,BGD,16767.3,capital
ARG,BGR,11934.7,capital
ARG,BHR,13277.0,capital
ARG,BHS,6930.0,capital
ARG,BIH,11665.5,capital
ARG,BLM,5857.9,capital
ARG,BLR,12801.8,capital
ARG,BLZ,6601.4,capital
ARG,BMU,7469.9,capital
ARG,BOL,1860.9,capital
ARG,BRA,2339.5,capital
ARG,BRB,5307.9,capital
ARG,BRN,16639.2,capital
ARG,BTN,16880.7,capital
ARG,BVT,5169.8,centroid
ARG,BWA,7989.9,capital
ARG,CAF,9097.5,capital
ARG,CAN,9067.4,capital
ARG,CCK,14193.2,capital
ARG,CHE,11193.0,capital
ARG,CHL,1137.3,capital
ARG,CHN,19266.8,capital
ARG,CIV,7223.7,capital
ARG,CMR,8437.4,capital
ARG,COD,8243.8,capital
ARG,COG,8244.9,capital
ARG,COK,9664.3,capital
ARG,COL,4661.4,capital
ARG,COM,10308.9,capital
ARG,CPV,6626.6,capital
ARG,CRI,5799.0,capital
ARG,CUB,6903.2,capital
ARG,CUW,5313.8,capital
ARG,CXR,14732.9,capital
ARG,CYM,6467.8,capital
ARG,CYP,12268.9,capital
ARG,CZE,11812.5,capital
ARG,DEU,11910.7,capital
ARG,DJI,11783.5,capital
ARG,DMA,5559.4,capital
ARG,DNK,12066.6,capital
ARG,DOM,6027.1,capital
ARG,DZA,10164.5,capital
ARG,ECU,4359.1,capital
ARG,EGY,11815.0,capital
ARG,ERI,11625.4,capital
ARG,ESH,8129.7,centroid
ARG,ESP,10045.6,capital
ARG,EST,12903.5,capital
ARG,ETH,11224.8,capital
ARG,FIN,12946.4,capital
ARG,FJI,11626.6,capital
ARG,FLK,1899.7,capital
ARG,FRA,11050.3,capital
ARG,FRO,11694.5,capital
ARG,FSM,15173.8,capital
ARG,GAB,8021.8,capital
ARG,GBR,11128.7,capital
ARG,GEO,13478.6,capital
ARG,GGY,10844.8,centroid
ARG,GHA,7545.5,capital
ARG,GIB,9595.1,capital
ARG,GIN,6797.6,capital
ARG,GLP,5638.8,capital
ARG,GMB,6929.5,capital
ARG,GNB,6858.6,capital
ARG,GNQ,8189.0,capital
ARG,GRC,11686.5,capital
ARG,GRD,5207.7,centroid
ARG,GRL,11001.3,capital
ARG,GTM,6443.4,capital
ARG,GUF,4443.3,capital
ARG,GUM,16709.7,capital
ARG,GUY,4605.5,capital
ARG,HKG,18463.0,centroid
ARG,HMD,9172.2,centroid
ARG,HND,6212.0,capital
ARG,HRV,11634.7,capital
ARG,HTI,6092.3,capital
ARG,HUN,11933.1,capital
ARG,IDN,15217.5,capital
ARG,IMN,11137.2,capital
ARG,IND,15791.5,capital
ARG,IOT,13091.7,centroid
ARG,IRL,10992.1,capital
ARG,IRN,13777.6,capital
ARG,IRQ,13083.5,capital
ARG,ISL,11436.8,capital
ARG,ISR,12237.6,capital
ARG,ITA,11152.2,capital
ARG,JAM,6165.6,capital
ARG,JEY,10846.2,capital
ARG,JOR,12307.8,capital
ARG,JPN,18370.3,capital
ARG,KAZ,15636.4,capital
ARG,KEN,10401.3,capital
ARG,KGZ,15889.6,capital
ARG,KHM,16945.0,capital
ARG,KIR,13548.4,centroid
ARG,KNA,5790.3,capital
ARG,KOR,19432.7,capital
ARG,KWT,13200.8,capital
ARG,LAO,17374.6,capital
ARG,LBN,12374.1,capital
ARG,LBR,6748.9,capital
ARG,LBY,10581.0,capital
ARG,LCA,5412.2,capital
ARG,LIE,11327.9,capital
ARG,LKA,14753.1,capital
ARG,LSO,7865.4,capital
ARG,LTU,12705.8,capital
ARG,LUX,11310.8,capital
ARG,LVA,12750.6,capital
ARG,MAC,18423.2,centroid
ARG,MAF,5879.0,capital
ARG,MAR,9327.7,capital
ARG,MCO,10960.0,capital
ARG,MDA,12549.2,capital
ARG,MDG,10194.5,capital
ARG,MDV,14023.2,capital
ARG,MEX,7392.5,capital
ARG,MHL,14089.2,capital
ARG,MKD,11761.5,capital
ARG,MLI,7469.4,capital
ARG,MLT,10882.9,capital
ARG,MMR,17321.1,centroid
ARG,MNE,11639.3,capital
ARG,MNG,18097.5,capital
ARG,MNP,16779.9,capital
ARG,MOZ,8487.7,capital
ARG,MRT,7376.1,capital
ARG,MSR,5720.8,capital
ARG,MTQ,5480.1,capital
ARG,MUS,10911.3,capital
ARG,MWI,9324.9,capital
ARG,MYS,15954.3,capital
ARG,MYT,10410.0,capital
ARG,NAM,7325.0,capital
ARG,NCL,12115.4,capital
ARG,NER,8322.1,capital
ARG,NFK,11425.9,capital
ARG,NGA,8445.0,capital
ARG,NIC,5972.2,capital
ARG,NIU,10647.1,capital
ARG,NLD,11446.0,capital
ARG,NOR,12248.0,capital
ARG,NPL,16496.2,capital
ARG,NRU,13897.9,capital
ARG,NZL,9982.4,capital
ARG,OMN,13849.7,capital
ARG,PAK,15588.9,capital
ARG,PAN,5335.3,capital
ARG,PCN,6858.2,capital
ARG,PER,3137.9,capital
ARG,PHL,17789.3,capital
ARG,PLW,16719.9,capital
ARG,PNG,14423.8,capital
ARG,POL,12327.8,capital
ARG,PRI,5958.5,capital
ARG,PRK,19401.4,capital
ARG,PRT,9599.8,capital
ARG,PRY,1039.5,capital
ARG,PSE,12243.6,capital
ARG,PYF,9017.2,capital
ARG,QAT,13314.1,capital
ARG,REU,10698.0,capital
ARG,ROU,12225.6,capital
ARG,RUS,13476.0,capital
ARG,RWA,9741.3,capital
ARG,SAU,12853.8,capital
ARG,SDN,11062.8,capital
ARG,SEN,6981.3,capital
ARG,SGP,15876.4,capital
ARG,SGS,2762.1,centroid
ARG,SHN,5616.8,capital
ARG,SJM,13416.1,capital
ARG,SLB,13670.6,capital
ARG,SLE,6742.7,capital
ARG,SLV,6279.4,capital
ARG,SMR,11273.5,centroid
ARG,SOM,11389.9,capital
ARG,SPM,9053.1,capital
ARG,SRB,11864.0,capital
ARG,SSD,10310.1,capital
ARG,STP,7776.5,capital
ARG,SUR,4513.7,capital
ARG,SVK,11852.0,capital
ARG,SVN,11557.2,capital
ARG,SWE,12561.2,capital
ARG,SWZ,8341.1,capital
ARG,SXM,5874.0,capital
ARG,SYC,11853.5,capital
ARG,SYR,12418.5,capital
ARG,TCA,6379.4,capital
ARG,TCD,9302.3,capital
ARG,TGO,7705.9,capital
ARG,THA,16872.0,capital
ARG,TJK,15340.8,capital
ARG,TKL,11531.1,centroid
ARG,TKM,14444.9,capital
ARG,TLS,15196.6,capital
ARG,TON,10981.5,centroid
ARG,TTO,5045.8,capital
ARG,TUN,10641.9,capital
ARG,TUR,12477.7,capital
ARG,TUV,12301.0,capital
ARG,TWN,18952.0,capital
ARG,TZA,9992.7,capital
ARG,UGA,10115.3,capital
ARG,UKR,12825.1,capital
ARG,UMI,15285.6,centroid
ARG,UNK,11783.8,capital
ARG,URY,202.6,capital
ARG,USA,9003.3,centroid
ARG,UZB,15430.2,capital
ARG,VAT,11149.2,capital
ARG,VCT,5320.1,capital
ARG,VEN,5094.5,capital
ARG,VGB,5934.6,capital
ARG,VIR,5929.0,capital
ARG,VNM,17854.6,capital
ARG,VUT,12623.4,centroid
ARG,WLF,11571.6,capital
ARG,WSM,11169.8,capital
ARG,YEM,12430.2,centroid
ARG,ZAF,8125.4,capital
ARG,ZMB,8743.7,capital
ARG,ZWE,8843.5,capital
ARM,ASM,15547.6,capital
ARM,ATA,14475.1,centroid
ARM,ATF,10268.9,capital
ARM,ATG,10109.5,centroid
ARM,AUS,13566.7,capital
ARM,AUT,2397.9,capital
ARM,AZE,456.8,capital
ARM,BDI,5071.7,capital
ARM,BEL,3298.3,capital
ARM,BEN,5599.9,capital
ARM,BES,10988.8,capital
ARM,BFA,5447.7,capital
ARM,BGD,4640.1,capital
ARM,BGR,1783.5,capital
ARM,BHR,1649.7,capital
ARM,BHS,10594.8,capital
ARM,BIH,2189.6,capital
ARM,BLM,10126.8,capital
ARM,BLR,1983.9,capital
ARM,BLZ,12007.9,capital
ARM,BMU,9168.8,capital
ARM,BOL,13015.4,capital
ARM,BRA,11334.5,capital
ARM,BRB,10233.1,capital
ARM,BRN,7999.3,capital
ARM,BTN,4349.7,capital
ARM,BVT,11225.3,centroid
ARM,BWA,7462.1,capital
ARM,CAF,4756.2,capital
ARM,CAN,8792.5,capital
ARM,CCK,7927.0,capital
ARM,CHE,3049.2,capital
ARM,CHL,14322.7,capital
ARM,CHN,5938.5,capital
ARM,CIV,6171.4,capital
ARM,CMR,5218.6,capital
ARM,COD,5776.4,capital
ARM,COG,5771.9,capital
ARM,COK,16897.5,capital
ARM,COL,12033.4,capital
ARM,COM,5770.2,capital
ARM,CPV,7087.3,capital
ARM,CRI,12327.0,capital
ARM,CUB,11085.3,capital
ARM,CUW,11038.9,capital
ARM,CXR,8426.1,capital
ARM,CYM,11353.2,capital
ARM,CYP,1127.5,capital
ARM,CZE,2581.8,capital
ARM,DEU,2723.0,capital
ARM,DJI,3181.7,capital
ARM,DMA,10209.2,capital
ARM,DNK,2897.0,capital
ARM,DOM,10613.8,capital
ARM,DZA,3594.7,capital
ARM,ECU,12763.0,capital
ARM,EGY,1645.8,capital
ARM,ERI,2814.5,capital
ARM,ESH,5574.8,centroid
ARM,ESP,4036.7,capital
ARM,EST,2546.8,capital
ARM,ETH,3510.8,capital
ARM,FIN,2601.7,capital
ARM,FJI,14987.1,capital
ARM,FLK,14169.0,capital
ARM,FRA,3431.0,capital
ARM,FRO,4163.3,capital
ARM,FSM,11462.9,capital
ARM,GAB,5666.8,capital
ARM,GBR,3614.4,capital
ARM,GEO,170.5,capital
ARM,GGY,3788.2,centroid
ARM,GHA,5884.6,capital
ARM,GIB,4325.5,capital
ARM,GIN,6641.7,capital
ARM,GLP,10183.8,capital
ARM,GMB,6602.9,capital
ARM,GNB,6633.0,capital
ARM,GNQ,5405.4,capital
ARM,GRC,1806.3,capital
ARM,GRD,10471.3,centroid
ARM,GRL,6338.1,capital
ARM,GTM,12353.0,capital
ARM,GUF,10232.0,capital
ARM,GUM,9890.9,capital
ARM,GUY,10581.3,capital
ARM,HKG,6744.6,centroid
ARM,HMD,10715.5,centroid
ARM,HND,12192.1,capital
ARM,HRV,2389.6,capital
ARM,HTI,10786.8,capital
ARM,HUN,2186.7,capital
ARM,IDN,8180.6,capital
ARM,IMN,3920.8,capital
ARM,IND,3240.4,capital
ARM,IOT,5830.3,centroid
ARM,IRL,4034.5,capital
ARM,IRN,784.2,capital
ARM,IRQ,760.3,capital
ARM,ISL,4942.0,capital
ARM,ISR,1253.1,capital
ARM,ITA,2675.3,capital
ARM,JAM,11149.3,capital
ARM,JEY,3754.9,capital
ARM,JOR,1194.1,capital
ARM,JPN,7929.9,capital
ARM,KAZ,2403.7,capital
ARM,KEN,4676.1,capital
ARM,KGZ,2508.3,capital
ARM,KHM,6679.0,capital
ARM,KIR,13048.6,centroid
ARM,KNA,10162.8,capital
ARM,KOR,6870.4,capital
ARM,KWT,1242.7,capital
ARM,LAO,6040.5,capital
ARM,LBN,1061.1,capital
ARM,LBR,6649.4,capital
ARM,LBY,2896.9,capital
ARM,LCA,10277.3,capital
ARM,LIE,2892.7,capital
ARM,LKA,5097.5,capital
ARM,LSO,7925.0,capital
ARM,LTU,2152.8,capital
ARM,LUX,3160.0,capital
ARM,LVA,2374.9,capital
ARM,MAC,6697.0,centroid
ARM,MAF,10131.7,capital
ARM,MAR,4541.7,capital
ARM,MCO,3066.5,capital
ARM,MDA,1467.8,capital
ARM,MDG,6578.1,capital
ARM,MDV,4946.2,capital
ARM,MEX,12392.5,capital
ARM,MHL,12458.4,capital
ARM,MKD,1939.0,capital
ARM,MLI,5948.6,capital
ARM,MLT,2656.7,capital
ARM,MMR,5388.1,centroid
ARM,MNE,2116.0,capital
ARM,MNG,4920.7,capital
ARM,MNP,9844.7,capital
ARM,MOZ,7457.8,capital
ARM,MRT,6235.9,capital
ARM,MSR,10167.8,capital
ARM,MTQ,10237.0,capital
ARM,MUS,6843.2,capital
ARM,MWI,6121.8,capital
ARM,MYS,7041.5,capital
ARM,MYT,5889.3,capital
ARM,NAM,7532.7,capital
ARM,NCL,14256.3,capital
ARM,NER,5073.5,capital
ARM,NFK,14784.6,capital
ARM,NGA,5031.6,capital
ARM,NIC,12300.1,capital
ARM,NIU,15982.4,capital
ARM,NLD,3281.4,capital
ARM,NOR,3197.9,capital
ARM,NPL,3971.2,capital
ARM,NRU,12739.0,capital
ARM,NZL,15880.9,capital
ARM,OMN,2257.7,capital
ARM,PAK,2622.3,capital
ARM,PAN,12092.8,capital
ARM,PCN,18261.6,capital
ARM,PER,13532.6,capital
ARM,PHL,7826.8,capital
ARM,PLW,9479.7,capital
ARM,PNG,11756.7,capital
ARM,POL,2234.1,capital
ARM,PRI,10331.6,capital
ARM,PRK,6696.1,capital
ARM,PRT,4538.6,capital
ARM,PRY,12776.7,capital
ARM,PSE,1242.6,capital
ARM,PYF,17156.7,capital
ARM,QAT,1779.7,capital
ARM,REU,6883.6,capital
ARM,ROU,1581.9,capital
ARM,RUS,1804.1,capital
ARM,RWA,4909.6,capital
ARM,SAU,1734.7,capital
ARM,SDN,2973.9,capital
ARM,SEN,6589.7,capital
ARM,SGP,7357.4,capital
ARM,SGS,13051.1,centroid
ARM,SHN,8113.1,capital
ARM,SJM,4426.9,capital
ARM,SLB,12835.7,capital
ARM,SLE,6682.9,capital
ARM,SLV,12355.1,capital
ARM,SMR,2666.2,centroid
ARM,SOM,4241.9,capital
ARM,SPM,7571.7,capital
ARM,SRB,2029.5,capital
ARM,SSD,4136.0,capital
ARM,STP,5846.7,capital
ARM,SUR,10401.8,capital
ARM,SVK,2343.2,capital
ARM,SVN,2505.3,capital
ARM,SWE,2816.3,capital
ARM,SWZ,7537.5,capital
ARM,SXM,10132.0,capital
ARM,SYC,5105.3,capital
ARM,SYR,1040.6,capital
ARM,TCA,10465.4,capital
ARM,TCD,4249.1,capital
ARM,TGO,5732.1,capital
ARM,THA,6155.1,capital
ARM,TJK,2087.8,capital
ARM,TKL,15014.4,centroid
ARM,TKM,1221.5,capital
ARM,TLS,9871.3,capital
ARM,TON,15652.4,centroid
ARM,TTO,10568.5,capital
ARM,TUN,2993.4,capital
ARM,TUR,992.1,capital
ARM,TUV,14324.7,capital
ARM,TWN,7184.6,capital
ARM,TZA,5231.7,capital
ARM,UGA,4594.0,capital
ARM,UKR,1576.8,capital
ARM,UMI,11097.1,centroid
ARM,UNK,1959.8,capital
ARM,URY,13237.3,capital
ARM,USA,10479.9,centroid
ARM,UZB,2078.4,capital
ARM,VAT,2679.9,capital
ARM,VCT,10358.1,capital
ARM,VEN,11009.3,capital
ARM,VGB,10222.0,capital
ARM,VIR,10252.2,capital
ARM,VNM,6115.2,capital
ARM,VUT,13889.5,centroid
ARM,WLF,15056.3,capital
ARM,WSM,15433.0,capital
ARM,YEM,2820.0,centroid
ARM,ZAF,7522.6,capital
ARM,ZMB,6404.6,capital
ARM,ZWE,6598.9,capital
ASM,ATA,8419.9,centroid
ASM,ATF,10772.0,capital
ASM,ATG,12439.1,centroid
ASM,AUS,4633.7,capital
ASM,AUT,16186.4,capital
ASM,AZE,15131.8,capital
ASM,BDI,17007.4,capital
ASM,BEL,15924.1,capital
ASM,BEN,18882.0,capital
ASM,BES,11656.4,capital
ASM,BFA,18824.1,capital
ASM,BGD,11527.4,capital
ASM,BGR,16581.5,capital
ASM,BHR,15529.5,capital
ASM,BHS,11004.9,capital
ASM,BIH,16616.1,capital
ASM,BLM,12343.6,capital
ASM,BLR,15329.1,capital
ASM,BLZ,9646.5,capital
ASM,BMU,12329.6,capital
ASM,BOL,11053.7,capital
ASM,BRA,12894.2,capital
ASM,BRB,12597.7,capital
ASM,BRN,8467.8,capital
ASM,BTN,11669.9,capital
ASM,BVT,12354.3,centroid
ASM,BWA,15325.7,capital
ASM,CAF,18516.8,capital
ASM,CAN,11518.8,capital
ASM,CCK,9937.3,capital
ASM,CHE,16378.3,capital
ASM,CHL,10040.6,capital
ASM,CHN,9622.8,capital
ASM,CIV,18220.2,capital
ASM,CMR,18832.1,capital
ASM,COD,17842.5,capital
ASM,COG,17850.0,capital
ASM,COK,1389.4,capital
ASM,COL,10845.8,capital
ASM,COM,15287.6,capital
ASM,CPV,16487.1,capital
ASM,CRI,9837.5,capital
ASM,CUB,10458.7,capital
ASM,CUW,11589.8,capital
ASM,CXR,9044.7,capital
ASM,CYM,10458.6,capital
ASM,CYP,16671.7,capital
ASM,CZE,16006.2,capital
ASM,DEU,15746.7,capital
ASM,DJI,16337.9,capital
ASM,DMA,12451.4,capital
ASM,DNK,15403.3,capital
ASM,DOM,11620.9,capital
ASM,DZA,17443.3,capital
ASM,ECU,10235.9,capital
ASM,EGY,17163.3,capital
ASM,ERI,16829.6,capital
ASM,ESH,17420.1,centroid
ASM,ESP,16846.1,capital
ASM,EST,14835.5,capital
ASM,ETH,16757.9,capital
ASM,FIN,14755.7,capital
ASM,FJI,1237.3,capital
ASM,FLK,10260.5,capital
ASM,FRA,16118.2,capital
ASM,FRO,14556.2,capital
ASM,FSM,4166.0,capital
ASM,GAB,18471.0,capital
ASM,GBR,15790.3,capital
ASM,GEO,15438.7,capital
ASM,GGY,15955.5,centroid
ASM,GHA,18593.9,capital
ASM,GIB,17180.0,capital
ASM,GIN,17461.9,capital
ASM,GLP,12427.7,capital
ASM,GMB,17221.6,capital
ASM,GNB,17306.6,capital
ASM,GNQ,18843.7,capital
ASM,GRC,17020.1,capital
ASM,GRD,12359.3,centroid
ASM,GRL,12814.7,capital
ASM,GTM,9385.8,capital
ASM,GUF,13197.0,capital
ASM,GUM,5794.3,capital
ASM,GUY,12616.8,capital
ASM,HKG,9131.9,centroid
ASM,HMD,10421.7,centroid
ASM,HND,9711.4,capital
ASM,HRV,16452.9,capital
ASM,HTI,11369.0,capital
ASM,HUN,16212.7,capital
ASM,IDN,9027.4,capital
ASM,IMN,15421.5,capital
ASM,IND,12895.6,capital
ASM,IOT,12794.9,centroid
ASM,IRL,15462.5,capital
ASM,IRN,15199.2,capital
ASM,IRQ,15893.2,capital
ASM,ISL,13977.4,capital
ASM,ISR,16741.8,capital
ASM,ITA,16929.0,capital
ASM,JAM,10896.2,capital
ASM,JEY,15996.2,capital
ASM,JOR,16671.8,capital
ASM,JPN,7618.9,capital
ASM,KAZ,13168.0,capital
ASM,KEN,16525.7,capital
ASM,KGZ,13086.4,capital
ASM,KHM,9730.2,capital
ASM,KIR,2503.4,centroid
ASM,KNA,12346.3,capital
ASM,KOR,8682.5,capital
ASM,KWT,15710.4,capital
ASM,LAO,10153.9,capital
ASM,LBN,16594.4,capital
ASM,LBR,17646.6,capital
ASM,LBY,17908.7,capital
ASM,LCA,12467.4,capital
ASM,LIE,16360.8,capital
ASM,LKA,12286.3,capital
ASM,LSO,14789.2,capital
ASM,LTU,15312.8,capital
ASM,LUX,16075.8,capital
ASM,LVA,15107.8,capital
ASM,MAC,9190.4,centroid
ASM,MAF,12322.2,capital
ASM,MAR,17285.9,capital
ASM,MCO,16734.5,capital
ASM,MDA,15948.1,capital
ASM,MDG,14433.3,capital
ASM,MDV,12899.1,capital
ASM,MEX,8680.3,capital
ASM,MHL,3090.7,capital
ASM,MKD,16719.3,capital
ASM,MLI,18138.3,capital
ASM,MLT,17555.3,capital
ASM,MMR,10727.3,centroid
ASM,MNE,16740.8,capital
ASM,MNG,10628.2,capital
ASM,MNP,5802.5,capital
ASM,MOZ,14879.6,capital
ASM,MRT,17285.2,capital
ASM,MSR,12389.7,capital
ASM,MTQ,12471.7,capital
ASM,MUS,13501.5,capital
ASM,MWI,15876.5,capital
ASM,MYS,9836.6,capital
ASM,MYT,15043.7,capital
ASM,NAM,15832.1,capital
ASM,NCL,2567.2,capital
ASM,NER,19234.6,capital
ASM,NFK,2740.7,capital
ASM,NGA,19402.4,capital
ASM,NIC,9754.1,capital
ASM,NIU,537.4,capital
ASM,NLD,15761.0,capital
ASM,NOR,14939.4,capital
ASM,NPL,12095.5,capital
ASM,NRU,2895.4,capital
ASM,NZL,3314.8,capital
ASM,OMN,14772.2,capital
ASM,PAK,13295.5,capital
ASM,PAN,10379.3,capital
ASM,PCN,4398.5,capital
ASM,PER,10066.7,capital
ASM,PHL,8170.7,capital
ASM,PLW,6498.3,capital
ASM,PNG,4611.0,capital
ASM,POL,15668.6,capital
ASM,PRI,12014.1,capital
ASM,PRK,8854.1,capital
ASM,PRT,16749.6,capital
ASM,PRY,11537.3,capital
ASM,PSE,16735.4,capital
ASM,PYF,2287.5,capital
ASM,QAT,15450.5,capital
ASM,REU,13636.7,capital
ASM,ROU,16304.2,capital
ASM,RUS,14806.2,capital
ASM,RWA,17101.9,capital
ASM,SAU,15939.7,capital
ASM,SDN,17515.7,capital
ASM,SEN,17137.4,capital
ASM,SGP,9552.6,capital
ASM,SGS,11212.7,centroid
ASM,SHN,16273.3,capital
ASM,SJM,12896.1,capital
ASM,SLB,3236.2,capital
ASM,SLE,17477.5,capital
ASM,SLV,9493.7,capital
ASM,SMR,16722.7,centroid
ASM,SOM,15829.4,capital
ASM,SPM,13018.5,capital
ASM,SRB,16460.8,capital
ASM,SSD,17359.4,capital
ASM,STP,18439.5,capital
ASM,SUR,12915.7,capital
ASM,SVK,16180.9,capital
ASM,SVN,16448.6,capital
ASM,SWE,14953.8,capital
ASM,SWZ,14903.2,capital
ASM,SXM,12325.4,capital
ASM,SYC,14509.2,capital
ASM,SYR,16555.6,capital
ASM,TCA,11551.9,capital
ASM,TCD,19347.8,capital
ASM,TGO,18749.9,capital
ASM,THA,10255.2,capital
ASM,TJK,13631.2,capital
ASM,TKL,603.7,centroid
ASM,TKM,14533.7,capital
ASM,TLS,6955.4,capital
ASM,TON,783.0,centroid
ASM,TTO,12344.2,capital
ASM,TUN,17507.2,capital
ASM,TUR,16356.3,capital
ASM,TUV,1273.1,capital
ASM,TWN,8544.1,capital
ASM,TZA,16316.6,capital
ASM,UGA,17020.1,capital
ASM,UKR,15560.3,capital
ASM,UMI,4482.8,centroid
ASM,UNK,16659.3,capital
ASM,URY,11216.7,capital
ASM,USA,9609.3,centroid
ASM,UZB,13549.7,capital
ASM,VAT,16928.4,capital
ASM,VCT,12427.3,capital
ASM,VEN,11766.4,capital
ASM,VGB,12168.0,capital
ASM,VIR,12134.2,capital
ASM,VNM,9914.5,capital
ASM,VUT,2399.8,centroid
ASM,WLF,601.2,capital
ASM,WSM,125.0,capital
ASM,YEM,15855.8,centroid
ASM,ZAF,15117.3,capital
ASM,ZMB,16109.6,capital
ASM,ZWE,15721.3,capital
ATA,ATF,4520.2,centroid
ATA,ATG,11903.4,centroid
ATA,AUS,6084.2,centroid
ATA,AUT,15368.1,centroid
ATA,AZE,14497.3,centroid
ATA,BDI,9626.5,centroid
ATA,BEL,15661.9,centroid
ATA,BEN,10729.9,centroid
ATA,BES,11358.6,centroid
ATA,BFA,11382.5,centroid
ATA,BGD,12644.0,centroid
ATA,BGR,14755.3,centroid
ATA,BHR,12923.9,centroid
ATA,BHS,12793.9,centroid
ATA,BIH,14883.3,centroid
ATA,BLM,11997.5,centroid
ATA,BLR,16001.0,centroid
ATA,BLZ,11926.1,centroid
ATA,BMU,13598.6,centroid
ATA,BOL,7891.1,centroid
ATA,BRA,8252.9,centroid
ATA,BRB,11465.0,centroid
ATA,BRN,10551.3,centroid
ATA,BTN,13061.6,centroid
ATA,BVT,3954.8,centroid
ATA,BWA,7266.1,centroid
ATA,CAF,10492.5,centroid
ATA,CAN,15057.0,centroid
ATA,CCK,8655.8,centroid
ATA,CHE,15227.9,centroid
ATA,CHL,6287.3,centroid
ATA,CHN,14445.1,centroid
ATA,CIV,10766.0,centroid
ATA,CMR,10437.5,centroid
ATA,COD,9526.3,centroid
ATA,COG,9533.2,centroid
ATA,COK,7649.4,centroid
ATA,COL,10520.1,centroid
ATA,COM,8706.3,centroid
ATA,CPV,11667.9,centroid
ATA,CRI,11225.3,centroid
ATA,CUB,12579.8,centroid
ATA,CUW,11355.5,centroid
ATA,CXR,8848.7,centroid
ATA,CYM,12152.1,centroid
ATA,CYP,13918.6,centroid
ATA,CZE,15577.1,centroid
ATA,DEU,15848.0,centroid
ATA,DJI,11296.2,centroid
ATA,DMA,11709.0,centroid
ATA,DNK,16198.4,centroid
ATA,DOM,12061.5,centroid
ATA,DZA,14092.0,centroid
ATA,ECU,9982.0,centroid
ATA,EGY,13350.4,centroid
ATA,ERI,11713.1,centroid
ATA,ESH,12731.8,centroid
ATA,ESP,14501.7,centroid
ATA,EST,16616.6,centroid
ATA,ETH,11011.1,centroid
ATA,FIN,16698.1,centroid
ATA,FJI,7990.8,centroid
ATA,FLK,4259.5,centroid
ATA,FRA,15439.8,centroid
ATA,FRO,16902.7,centroid
ATA,FSM,10777.5,centroid
ATA,GAB,10051.2,centroid
ATA,GBR,15735.0,centroid
ATA,GEO,14643.4,centroid
ATA,GGY,15508.0,centroid
ATA,GHA,10625.3,centroid
ATA,GIB,14026.7,centroid
ATA,GIN,11068.1,centroid
ATA,GLP,11786.3,centroid
ATA,GMB,11503.4,centroid
ATA,GNB,11326.7,centroid
ATA,GNQ,10425.2,centroid
ATA,GRC,14231.1,centroid
ATA,GRD,11354.9,centroid
ATA,GRL,17144.4,centroid
ATA,GTM,11635.5,centroid
ATA,GUF,10556.6,centroid
ATA,GUM,11506.0,centroid
ATA,GUY,10764.2,centroid
ATA,HKG,12483.5,centroid
ATA,HMD,4103.1,centroid
ATA,HND,11573.4,centroid
ATA,HRV,15101.9,centroid
ATA,HTI,12069.5,centroid
ATA,HUN,15289.1,centroid
ATA,IDN,9316.5,centroid
ATA,IMN,16028.7,centroid
ATA,IND,13190.1,centroid
ATA,IOT,9340.4,centroid
ATA,IRL,15937.9,centroid
ATA,IRN,13976.6,centroid
ATA,IRQ,13714.8,centroid
ATA,ISL,17139.1,centroid
ATA,ISR,13540.1,centroid
ATA,ITA,14665.7,centroid
ATA,JAM,12008.7,centroid
ATA,JEY,15477.0,centroid
ATA,JOR,13560.8,centroid
ATA,JPN,13976.0,centroid
ATA,KAZ,15698.5,centroid
ATA,KEN,9864.8,centroid
ATA,KGZ,14774.5,centroid
ATA,KHM,11293.2,centroid
ATA,KIR,10165.1,centroid
ATA,KNA,11930.7,centroid
ATA,KOR,14184.7,centroid
ATA,KWT,13273.0,centroid
ATA,LAO,12005.3,centroid
ATA,LBN,13776.3,centroid
ATA,LBR,10708.1,centroid
ATA,LBY,13664.5,centroid
ATA,LCA,11563.8,centroid
ATA,LIE,15249.4,centroid
ATA,LKA,10778.7,centroid
ATA,LSO,6747.7,centroid
ATA,LTU,16088.7,centroid
ATA,LUX,15523.9,centroid
ATA,LVA,16339.6,centroid
ATA,MAC,12472.4,centroid
ATA,MAF,12016.6,centroid
ATA,MAR,13789.6,centroid
ATA,MCO,14870.9,centroid
ATA,MDA,15234.7,centroid
ATA,MDG,7904.4,centroid
ATA,MDV,10471.8,centroid
ATA,MEX,12167.9,centroid
ATA,MHL,10795.9,centroid
ATA,MKD,14677.3,centroid
ATA,MLI,11409.6,centroid
ATA,MLT,13999.4,centroid
ATA,MMR,12453.8,centroid
ATA,MNE,14726.8,centroid
ATA,MNG,15334.6,centroid
ATA,MNP,11699.1,centroid
ATA,MOZ,7120.3,centroid
ATA,MRT,12018.6,centroid
ATA,MSR,11865.1,centroid
ATA,MTQ,11631.4,centroid
ATA,MUS,7765.6,centroid
ATA,MWI,8454.5,centroid
ATA,MYS,10356.8,centroid
ATA,MYT,8586.2,centroid
ATA,NAM,7499.1,centroid
ATA,NCL,7530.8,centroid
ATA,NER,11510.2,centroid
ATA,NFK,6776.8,centroid
ATA,NGA,11014.7,centroid
ATA,NIC,11356.7,centroid
ATA,NIU,7889.0,centroid
ATA,NLD,15831.3,centroid
ATA,NOR,16669.5,centroid
ATA,NPL,13087.8,centroid
ATA,NRU,9946.3,centroid
ATA,NZL,5416.7,centroid
ATA,OMN,12630.0,centroid
ATA,PAK,13757.2,centroid
ATA,PAN,11007.6,centroid
ATA,PCN,7220.3,centroid
ATA,PER,8668.4,centroid
ATA,PHL,11631.5,centroid
ATA,PLW,10841.6,centroid
ATA,PNG,8953.7,centroid
ATA,POL,15815.2,centroid
ATA,PRI,12060.9,centroid
ATA,PRK,14347.9,centroid
ATA,PRT,14313.6,centroid
ATA,PRY,7195.8,centroid
ATA,PSE,13554.6,centroid
ATA,PYF,8057.8,centroid
ATA,QAT,12819.2,centroid
ATA,REU,7685.5,centroid
ATA,ROU,14948.2,centroid
ATA,RUS,16206.9,centroid
ATA,RWA,9790.7,centroid
ATA,SAU,12752.7,centroid
ATA,SDN,11736.8,centroid
ATA,SEN,11641.4,centroid
ATA,SGP,10150.9,centroid
ATA,SGS,3947.4,centroid
ATA,SHN,8236.8,centroid
ATA,SJM,18705.6,centroid
ATA,SLB,8958.6,centroid
ATA,SLE,10951.3,centroid
ATA,SLV,11529.7,centroid
ATA,SMR,14874.2,centroid
ATA,SOM,10234.1,centroid
ATA,SPM,15209.1,centroid
ATA,SRB,14989.5,centroid
ATA,SSD,10547.0,centroid
ATA,STP,10045.1,centroid
ATA,SUR,10659.9,centroid
ATA,SVK,15361.4,centroid
ATA,SVN,15128.2,centroid
ATA,SWE,16604.7,centroid
ATA,SWZ,7064.6,centroid
ATA,SXM,12011.9,centroid
ATA,SYC,9493.8,centroid
ATA,SYR,13733.7,centroid
ATA,TCA,12393.9,centroid
ATA,TCD,11353.7,centroid
ATA,TGO,10689.0,centroid
ATA,THA,11536.9,centroid
ATA,TJK,14292.5,centroid
ATA,TKL,9006.8,centroid
ATA,TKM,14227.4,centroid
ATA,TLS,9055.9,centroid
ATA,TON,7783.6,centroid
ATA,TTO,11193.6,centroid
ATA,TUN,14101.6,centroid
ATA,TUR,14446.4,centroid
ATA,TUV,9059.7,centroid
ATA,TWN,12793.3,centroid
ATA,TZA,9321.2,centroid
ATA,UGA,10042.7,centroid
ATA,UKR,15617.8,centroid
ATA,UMI,12153.6,centroid
ATA,UNK,14752.5,centroid
ATA,URY,6126.5,centroid
ATA,USA,14233.0,centroid
ATA,UZB,14596.0,centroid
ATA,VAT,14666.9,centroid
ATA,VCT,11470.3,centroid
ATA,VEN,11173.8,centroid
ATA,VGB,12056.5,centroid
ATA,VIR,12047.1,centroid
ATA,VNM,12345.4,centroid
ATA,VUT,8228.4,centroid
ATA,WLF,8530.7,centroid
ATA,WSM,8469.3,centroid
ATA,YEM,11675.5,centroid
ATA,ZAF,7144.8,centroid
ATA,ZMB,8294.4,centroid
ATA,ZWE,8025.2,centroid
ATF,ATG,14426.8,centroid
ATF,AUS,6369.2,capital
ATF,AUT,12012.6,capital
ATF,AZE,10174.1,capital
ATF,BDI,6363.1,capital
ATF,BEL,12770.7,capital
ATF,BEN,8979.6,capital
ATF,BES,14403.7,capital
ATF,BFA,9773.2,capital
ATF,BGD,8366.5,capital
ATF,BGR,11208.1,capital
ATF,BHR,8626.3,capital
ATF,BHS,16126.0,capital
ATF,BIH,11521.9,capital
ATF,BLM,14570.1,capital
ATF,BLR,12155.0,capital
ATF,BLZ,15977.1,capital
ATF,BMU,15860.0,capital
ATF,BOL,11236.4,capital
ATF,BRA,10578.1,capital
ATF,BRB,13937.9,capital
ATF,BRN,7409.9,capital
ATF,BTN,8755.9,capital
ATF,BVT,4445.2,centroid
ATF,BWA,4698.7,capital
ATF,CAF,7762.0,capital
ATF,CAN,17434.5,capital
ATF,CCK,4801.6,capital
ATF,CHE,12292.0,capital
ATF,CHL,10028.7,capital
ATF,CHN,10907.1,capital
ATF,CIV,9549.1,capital
ATF,CMR,8156.4,capital
ATF,COD,7170.6,capital
ATF,COG,7178.1,capital
ATF,COK,10748.1,capital
ATF,COL,14014.6,capital
ATF,COM,4864.1,capital
ATF,CPV,11528.4,capital
ATF,CRI,15178.9,capital
ATF,CUB,16244.7,capital
ATF,CUW,14438.7,capital
ATF,CXR,5422.8,capital
ATF,CYM,15825.3,capital
ATF,CYP,10077.7,capital
ATF,CZE,12265.2,capital
ATF,DEU,12526.3,capital
ATF,DJI,7275.4,capital
ATF,DMA,14247.5,capital
ATF,DNK,12839.7,capital
ATF,DOM,15078.1,capital
ATF,DZA,11623.1,capital
ATF,ECU,13747.2,capital
ATF,EGY,9636.0,capital
ATF,ERI,7823.1,capital
ATF,ESH,11582.1,centroid
ATF,ESP,12316.5,capital
ATF,EST,12775.8,capital
ATF,ETH,7177.6,capital
ATF,FIN,12840.6,capital
ATF,FJI,9735.1,capital
ATF,FLK,7754.5,capital
ATF,FRA,12697.9,capital
ATF,FRO,14116.2,capital
ATF,FSM,10442.7,capital
ATF,GAB,7979.7,capital
ATF,GBR,13034.6,capital
ATF,GEO,10422.8,capital
ATF,GGY,12991.7,centroid
ATF,GHA,9087.7,capital
ATF,GIB,12058.7,capital
ATF,GIN,10373.5,capital
ATF,GLP,14331.0,capital
ATF,GMB,10909.6,capital
ATF,GNB,10706.4,capital
ATF,GNQ,8324.6,capital
ATF,GRC,10731.8,capital
ATF,GRD,13984.7,centroid
ATF,GRL,16280.5,capital
ATF,GTM,15776.7,capital
ATF,GUF,12730.8,capital
ATF,GUM,10057.3,capital
ATF,GUY,13280.8,capital
ATF,HKG,9071.4,centroid
ATF,HMD,446.6,centroid
ATF,HND,15587.3,capital
ATF,HRV,11807.1,capital
ATF,HTI,15236.6,capital
ATF,HUN,11838.5,capital
ATF,IDN,5892.8,capital
ATF,IMN,13449.1,capital
ATF,IND,8697.6,capital
ATF,IOT,4821.7,centroid
ATF,IRL,13473.2,capital
ATF,IRN,9636.7,capital
ATF,IRQ,9542.6,capital
ATF,ISL,14887.0,capital
ATF,ISR,9662.0,capital
ATF,ITA,11601.1,capital
ATF,JAM,15450.2,capital
ATF,JEY,12945.3,capital
ATF,JOR,9655.7,capital
ATF,JPN,11664.0,capital
ATF,KAZ,11179.0,capital
ATF,KEN,6215.3,capital
ATF,KGZ,10263.2,capital
ATF,KHM,7574.6,capital
ATF,KIR,11049.5,centroid
ATF,KNA,14509.8,capital
ATF,KOR,11157.4,capital
ATF,KWT,9026.3,capital
ATF,LAO,8137.7,capital
ATF,LBN,9871.2,capital
ATF,LBR,9893.8,capital
ATF,LBY,10737.2,capital
ATF,LCA,14107.8,capital
ATF,LIE,12212.9,capital
ATF,LKA,6328.1,capital
ATF,LSO,4218.4,capital
ATF,LTU,12303.2,capital
ATF,LUX,12583.4,capital
ATF,LVA,12557.1,capital
ATF,MAC,9031.6,centroid
ATF,MAF,14600.5,capital
ATF,MAR,11971.5,capital
ATF,MCO,12011.4,capital
ATF,MDA,11430.8,capital
ATF,MDG,3942.8,capital
ATF,MDV,5960.1,capital
ATF,MEX,16555.2,capital
ATF,MHL,11412.7,capital
ATF,MKD,11216.7,capital
ATF,MLI,10234.1,capital
ATF,MLT,10950.9,capital
ATF,MMR,8396.5,centroid
ATF,MNE,11350.0,capital
ATF,MNG,11373.2,capital
ATF,MNP,10275.6,capital
ATF,MOZ,4142.1,capital
ATF,MRT,11254.4,capital
ATF,MSR,14424.6,capital
ATF,MTQ,14165.6,capital
ATF,MUS,3436.5,capital
ATF,MWI,5140.6,capital
ATF,MYS,6573.9,capital
ATF,MYT,4665.1,capital
ATF,NAM,5482.9,capital
ATF,NCL,8580.3,capital
ATF,NER,9632.3,capital
ATF,NFK,8121.8,capital
ATF,NGA,8884.4,capital
ATF,NIC,15347.3,capital
ATF,NIU,10383.1,capital
ATF,NLD,12874.0,capital
ATF,NOR,13274.3,capital
ATF,NPL,8697.6,capital
ATF,NRU,10446.0,capital
ATF,NZL,7540.8,capital
ATF,OMN,8193.9,capital
ATF,PAK,9241.3,capital
ATF,PAN,14722.8,capital
ATF,PCN,11498.8,capital
ATF,PER,12473.9,capital
ATF,PHL,8676.2,capital
ATF,PLW,8854.6,capital
ATF,PNG,8264.3,capital
ATF,POL,12211.3,capital
ATF,PRI,14834.6,capital
ATF,PRK,11234.8,capital
ATF,PRT,12496.9,capital
ATF,PRY,10246.4,capital
ATF,PSE,9675.8,capital
ATF,PYF,11609.1,capital
ATF,QAT,8503.3,capital
ATF,REU,3424.5,capital
ATF,ROU,11271.9,capital
ATF,RUS,12071.3,capital
ATF,RWA,6498.2,capital
ATF,SAU,8555.6,capital
ATF,SDN,8111.4,capital
ATF,SEN,11074.9,capital
ATF,SGP,6484.7,capital
ATF,SGS,6629.9,centroid
ATF,SHN,7658.7,capital
ATF,SJM,14648.0,capital
ATF,SLB,9193.9,capital
ATF,SLE,10253.1,capital
ATF,SLV,15627.1,capital
ATF,SMR,11776.7,centroid
ATF,SOM,6192.5,capital
ATF,SPM,16105.9,capital
ATF,SRB,11525.5,capital
ATF,SSD,7084.6,capital
ATF,STP,8157.6,capital
ATF,SUR,13001.4,capital
ATF,SVK,11977.0,capital
ATF,SVN,11892.3,capital
ATF,SWE,12971.8,capital
ATF,SWZ,4192.1,capital
ATF,SXM,14594.4,capital
ATF,SYC,5164.9,capital
ATF,SYR,9804.8,capital
ATF,TCA,15421.6,capital
ATF,TCD,8694.6,capital
ATF,TGO,9040.9,capital
ATF,THA,7620.0,capital
ATF,TJK,9773.4,capital
ATF,TKL,11168.4,centroid
ATF,TKM,9776.9,capital
ATF,TLS,6824.2,capital
ATF,TON,9989.0,centroid
ATF,TTO,13845.5,capital
ATF,TUN,11253.7,capital
ATF,TUR,10580.3,capital
ATF,TUV,10626.6,capital
ATF,TWN,9703.8,capital
ATF,TZA,5783.7,capital
ATF,UGA,6585.4,capital
ATF,UKR,11722.2,capital
ATF,UMI,12079.0,centroid
ATF,UNK,11292.7,capital
ATF,URY,9260.3,capital
ATF,USA,18392.1,centroid
ATF,UZB,10076.3,capital
ATF,VAT,11604.8,capital
ATF,VCT,14048.3,capital
ATF,VEN,14165.9,capital
ATF,VGB,14733.6,capital
ATF,VIR,14746.7,capital
ATF,VNM,8580.6,capital
ATF,VUT,9143.6,centroid
ATF,WLF,10515.2,capital
ATF,WSM,10746.3,capital
ATF,YEM,7481.7,centroid
ATF,ZAF,4454.2,capital
ATF,ZMB,5340.4,capital
ATF,ZWE,4949.5,capital
ATG,AUS,16347.4,centroid
ATG,AUT,7734.9,centroid
ATG,AZE,10513.0,centroid
ATG,BDI,10302.3,centroid
ATG,BEL,6879.8,centroid
ATG,BEN,7079.6,centroid
ATG,BES,883.6,centroid
ATG,BFA,6479.0,centroid
ATG,BGD,14570.0,centroid
ATG,BGR,8341.4,centroid
ATG,BHR,11271.1,centroid
ATG,BHS,1840.2,centroid
ATG,BIH,7925.6,centroid
ATG,BLM,145.8,centroid
ATG,BLR,8442.8,centroid
ATG,BLZ,2862.7,centroid
ATG,BMU,1721.5,centroid
ATG,BOL,4030.1,centroid
ATG,BRA,3954.6,centroid
ATG,BRB,496.9,centroid
ATG,BRN,17549.3,centroid
ATG,BTN,14186.1,centroid
ATG,BVT,10041.0,centroid
ATG,BWA,10566.2,centroid
ATG,CAF,8841.4,centroid
ATG,CAN,3407.8,centroid
ATG,CCK,17653.0,centroid
ATG,CHE,7065.7,centroid
ATG,CHL,5694.1,centroid
ATG,CHN,13678.9,centroid
ATG,CIV,6232.7,centroid
ATG,CMR,8109.0,centroid
ATG,COD,8786.5,centroid
ATG,COG,8781.2,centroid
ATG,COK,11484.4,centroid
ATG,COL,1924.7,centroid
ATG,COM,11966.4,centroid
ATG,CPV,4093.1,centroid
ATG,CRI,2605.1,centroid
ATG,CUB,2250.7,centroid
ATG,CUW,938.8,centroid
ATG,CXR,18475.8,centroid
ATG,CYM,2081.8,centroid
ATG,CYP,9377.7,centroid
ATG,CZE,7586.0,centroid
ATG,DEU,7516.0,centroid
ATG,DJI,11177.6,centroid
ATG,DMA,199.3,centroid
ATG,DNK,7472.9,centroid
ATG,DOM,871.3,centroid
ATG,DZA,6667.7,centroid
ATG,ECU,2654.9,centroid
ATG,EGY,9351.1,centroid
ATG,ERI,10608.1,centroid
ATG,ESH,5115.2,centroid
ATG,ESP,6106.4,centroid
ATG,EST,8188.2,centroid
ATG,ETH,10817.8,centroid
ATG,FIN,8189.9,centroid
ATG,FJI,13660.3,centroid
ATG,FLK,7653.6,centroid
ATG,FRA,6707.8,centroid
ATG,FRO,6552.7,centroid
ATG,FSM,14877.5,centroid
ATG,GAB,8004.4,centroid
ATG,GBR,6584.3,centroid
ATG,GEO,10067.1,centroid
ATG,GGY,6367.0,centroid
ATG,GHA,6811.1,centroid
ATG,GIB,5910.6,centroid
ATG,GIN,5261.2,centroid
ATG,GLP,117.3,centroid
ATG,GMB,4857.6,centroid
ATG,GNB,4997.2,centroid
ATG,GNQ,7821.9,centroid
ATG,GRC,8468.6,centroid
ATG,GRD,548.7,centroid
ATG,GRL,5296.6,centroid
ATG,GTM,3080.4,centroid
ATG,GUF,1696.1,centroid
ATG,GUM,15540.8,centroid
ATG,GUY,1206.1,centroid
ATG,HKG,15621.5,centroid
ATG,HMD,14395.0,centroid
ATG,HND,2739.4,centroid
ATG,HRV,7720.5,centroid
ATG,HTI,1127.9,centroid
ATG,HUN,7939.1,centroid
ATG,IDN,18290.1,centroid
ATG,IMN,6373.2,centroid
ATG,IND,13292.5,centroid
ATG,IOT,14795.3,centroid
ATG,IRL,6235.0,centroid
ATG,IRN,10870.7,centroid
ATG,IRQ,10400.8,centroid
ATG,ISL,6036.0,centroid
ATG,ISR,9656.4,centroid
ATG,ITA,7467.4,centroid
ATG,JAM,1592.9,centroid
ATG,JEY,6394.3,centroid
ATG,JOR,9715.2,centroid
ATG,JPN,13728.9,centroid
ATG,KAZ,11174.7,centroid
ATG,KEN,10965.3,centroid
ATG,KGZ,12001.3,centroid
ATG,KHM,16514.6,centroid
ATG,KIR,13669.7,centroid
ATG,KNA,102.0,centroid
ATG,KOR,13873.0,centroid
ATG,KWT,10890.2,centroid
ATG,LAO,15763.6,centroid
ATG,LBN,9608.2,centroid
ATG,LBR,5664.0,centroid
ATG,LBY,7612.3,centroid
ATG,LCA,350.1,centroid
ATG,LIE,7223.6,centroid
ATG,LKA,15027.2,centroid
ATG,LSO,10858.3,centroid
ATG,LTU,8282.8,centroid
ATG,LUX,6990.4,centroid
ATG,LVA,8179.7,centroid
ATG,MAC,15625.1,centroid
ATG,MAF,177.0,centroid
ATG,MAR,5755.7,centroid
ATG,MCO,7049.7,centroid
ATG,MDA,8679.4,centroid
ATG,MDG,12591.2,centroid
ATG,MDV,14570.4,centroid
ATG,MEX,3943.5,centroid
ATG,MHL,13584.4,centroid
ATG,MKD,8200.0,centroid
ATG,MLI,5789.8,centroid
ATG,MLT,7694.4,centroid
ATG,MMR,15147.6,centroid
ATG,MNE,8016.4,centroid
ATG,MNG,12704.8,centroid
ATG,MNP,15324.2,centroid
ATG,MOZ,11251.8,centroid
ATG,MRT,4846.3,centroid
ATG,MSR,58.3,centroid
ATG,MTQ,282.9,centroid
ATG,MUS,13643.7,centroid
ATG,MWI,11038.4,centroid
ATG,MYS,17129.5,centroid
ATG,MYT,12203.6,centroid
ATG,NAM,9639.5,centroid
ATG,NCL,14949.9,centroid
ATG,NER,6837.2,centroid
ATG,NFK,14790.7,centroid
ATG,NGA,7524.4,centroid
ATG,NIC,2685.1,centroid
ATG,NIU,12468.6,centroid
ATG,NLD,6939.3,centroid
ATG,NOR,7403.4,centroid
ATG,NPL,13907.1,centroid
ATG,NRU,14378.2,centroid
ATG,NZL,14021.6,centroid
ATG,OMN,12106.6,centroid
ATG,PAK,12615.2,centroid
ATG,PAN,2116.4,centroid
ATG,PCN,8750.9,centroid
ATG,PER,3642.1,centroid
ATG,PHL,16482.1,centroid
ATG,PLW,16742.1,centroid
ATG,PNG,16774.9,centroid
ATG,POL,8032.6,centroid
ATG,PRI,482.4,centroid
ATG,PRK,13729.5,centroid
ATG,PRT,5616.6,centroid
ATG,PRY,4729.0,centroid
ATG,PSE,9650.8,centroid
ATG,PYF,10344.3,centroid
ATG,QAT,11401.9,centroid
ATG,REU,13443.3,centroid
ATG,ROU,8527.6,centroid
ATG,RUS,9020.4,centroid
ATG,RWA,10268.6,centroid
ATG,SAU,10989.3,centroid
ATG,SDN,9950.0,centroid
ATG,SEN,4741.6,centroid
ATG,SGP,17439.4,centroid
ATG,SGS,8297.0,centroid
ATG,SHN,7157.6,centroid
ATG,SJM,7868.7,centroid
ATG,SLB,15426.7,centroid
ATG,SLE,5338.2,centroid
ATG,SLV,2957.6,centroid
ATG,SMR,7450.9,centroid
ATG,SOM,11757.4,centroid
ATG,SPM,3346.0,centroid
ATG,SRB,8080.3,centroid
ATG,SSD,10207.7,centroid
ATG,STP,7718.2,centroid
ATG,SUR,1437.7,centroid
ATG,SVK,7789.7,centroid
ATG,SVN,7605.3,centroid
ATG,SWE,7811.0,centroid
ATG,SWZ,11131.3,centroid
ATG,SXM,171.0,centroid
ATG,SYC,13053.0,centroid
ATG,SYR,9690.9,centroid
ATG,TCA,1096.1,centroid
ATG,TCD,8237.6,centroid
ATG,TGO,6944.0,centroid
ATG,THA,16077.1,centroid
ATG,TJK,11974.1,centroid
ATG,TKL,12435.4,centroid
ATG,TKM,11282.1,centroid
ATG,TLS,18778.4,centroid
ATG,TON,13011.3,centroid
ATG,TTO,710.4,centroid
ATG,TUN,7297.5,centroid
ATG,TUR,9185.6,centroid
ATG,TUV,13357.6,centroid
ATG,TWN,15319.6,centroid
ATG,TZA,11007.0,centroid
ATG,UGA,10463.0,centroid
ATG,UKR,8715.5,centroid
ATG,UMI,13356.4,centroid
ATG,UNK,8167.6,centroid
ATG,URY,5807.3,centroid
ATG,USA,4140.6,centroid
ATG,UZB,11803.9,centroid
ATG,VAT,7462.6,centroid
ATG,VCT,437.4,centroid
ATG,VEN,912.6,centroid
ATG,VGB,335.7,centroid
ATG,VIR,361.4,centroid
ATG,VNM,15572.1,centroid
ATG,VUT,14825.3,centroid
ATG,WLF,12991.1,centroid
ATG,WSM,12539.9,centroid
ATG,YEM,11531.5,centroid
ATG,ZAF,10820.0,centroid
ATG,ZMB,10513.3,centroid
ATG,ZWE,10870.7,centroid
AUS,AUT,15915.0,capital
AUS,AZE,13153.8,capital
AUS,BDI,12374.6,capital
AUS,BEL,16717.0,capital
AUS,BEN,15332.9,capital
AUS,BES,15464.5,capital
AUS,BFA,16119.3,capital
AUS,BGD,9011.0,capital
AUS,BGR,15340.4,capital
AUS,BHR,12381.4,capital
AUS,BHS,15448.6,capital
AUS,BIH,15754.5,capital
AUS,BLM,16319.5,capital
AUS,BLR,15114.4,capital
AUS,BLZ,13994.0,capital
AUS,BMU,16878.9,capital
AUS,BOL,12970.0,capital
AUS,BRA,14058.9,capital
AUS,BRB,16223.0,capital
AUS,BRN,5718.1,capital
AUS,BTN,9360.8,capital
AUS,BVT,9513.3,centroid
AUS,BWA,11066.8,capital
AUS,CAF,13897.4,capital
AUS,CAN,16108.3,capital
AUS,CCK,5831.2,capital
AUS,CHE,16594.5,capital
AUS,CHL,11322.7,capital
AUS,CHN,9008.5,capital
AUS,CIV,15911.0,capital
AUS,CMR,14436.3,capital
AUS,COD,13491.2,capital
AUS,COG,13498.4,capital
AUS,COK,5183.5,capital
AUS,COL,14427.7,capital
AUS,COM,10655.1,capital
AUS,CPV,17635.9,capital
AUS,CRI,13932.4,capital
AUS,CUB,14895.3,capital
AUS,CUW,15411.4,capital
AUS,CXR,5179.5,capital
AUS,CYM,14779.0,capital
AUS,CYP,14291.5,capital
AUS,CZE,16039.1,capital
AUS,DEU,16066.1,capital
AUS,DJI,12192.2,capital
AUS,DMA,16253.9,capital
AUS,DNK,16036.5,capital
AUS,DOM,15753.9,capital
AUS,DZA,16972.2,capital
AUS,ECU,13699.2,capital
AUS,EGY,14265.8,capital
AUS,ERI,12801.1,capital
AUS,ESH,17921.6,centroid
AUS,ESP,17572.7,capital
AUS,EST,15237.2,capital
AUS,ETH,12431.7,capital
AUS,FIN,15214.4,capital
AUS,FJI,3457.4,capital
AUS,FLK,9992.5,capital
AUS,FRA,16920.0,capital
AUS,FRO,16600.4,capital
AUS,FSM,4787.9,capital
AUS,GAB,14319.2,capital
AUS,GBR,16981.4,capital
AUS,GEO,13601.7,capital
AUS,GGY,17233.0,centroid
AUS,GHA,15456.1,capital
AUS,GIB,17715.7,capital
AUS,GIN,16663.1,capital
AUS,GLP,16277.4,capital
AUS,GMB,17196.3,capital
AUS,GNB,16990.3,capital
AUS,GNQ,14642.2,capital
AUS,GRC,15204.3,capital
AUS,GRD,15988.5,centroid
AUS,GRL,16506.9,capital
AUS,GTM,13681.0,capital
AUS,GUF,15986.0,capital
AUS,GUM,5441.4,capital
AUS,GUY,15798.0,capital
AUS,HKG,7383.0,centroid
AUS,HMD,6101.5,centroid
AUS,HND,13945.2,capital
AUS,HRV,15950.7,capital
AUS,HTI,15543.4,capital
AUS,HUN,15717.7,capital
AUS,IDN,5390.5,capital
AUS,IMN,17090.3,capital
AUS,IND,10353.2,capital
AUS,IOT,8500.7,centroid
AUS,IRL,17237.5,capital
AUS,IRN,12810.7,capital
AUS,IRQ,13276.2,capital
AUS,ISL,16749.8,capital
AUS,ISR,13991.9,capital
AUS,ITA,16215.0,capital
AUS,JAM,15115.2,capital
AUS,JEY,17213.4,capital
AUS,JOR,13936.7,capital
AUS,JPN,7952.2,capital
AUS,KAZ,12223.6,capital
AUS,KEN,11928.0,capital
AUS,KGZ,11508.9,capital
AUS,KHM,6980.5,capital
AUS,KIR,4775.7,centroid
AUS,KNA,16288.5,capital
AUS,KOR,8416.6,capital
AUS,KWT,12775.2,capital
AUS,LAO,7688.2,capital
AUS,LBN,14057.0,capital
AUS,LBR,16194.0,capital
AUS,LBY,15982.1,capital
AUS,LCA,16185.6,capital
AUS,LIE,16435.8,capital
AUS,LKA,8614.2,capital
AUS,LSO,10585.5,capital
AUS,LTU,15260.0,capital
AUS,LUX,16632.9,capital
AUS,LVA,15311.8,capital
AUS,MAC,7407.2,centroid
AUS,MAF,16311.7,capital
AUS,MAR,17816.9,capital
AUS,MCO,16631.3,capital
AUS,MDA,14975.1,capital
AUS,MDG,9803.3,capital
AUS,MDV,8982.8,capital
AUS,MEX,13177.8,capital
AUS,MHL,5257.1,capital
AUS,MKD,15482.7,capital
AUS,MLI,16602.5,capital
AUS,MLT,15948.4,capital
AUS,MMR,8341.0,centroid
AUS,MNE,15666.2,capital
AUS,MNG,10157.7,capital
AUS,MNP,5626.1,capital
AUS,MOZ,10486.3,capital
AUS,MRT,17603.7,capital
AUS,MSR,16289.2,capital
AUS,MTQ,16226.5,capital
AUS,MUS,8871.9,capital
AUS,MWI,11288.0,capital
AUS,MYS,6526.4,capital
AUS,MYT,10411.9,capital
AUS,NAM,11837.2,capital
AUS,NCL,2216.7,capital
AUS,NER,15923.5,capital
AUS,NFK,1899.7,capital
AUS,NGA,15156.0,capital
AUS,NIC,13909.1,capital
AUS,NIU,4395.4,capital
AUS,NLD,16626.8,capital
AUS,NOR,15976.6,capital
AUS,NPL,9685.7,capital
AUS,NRU,4279.5,capital
AUS,NZL,2326.2,capital
AUS,OMN,11555.0,capital
AUS,PAK,11014.5,capital
AUS,PAN,14292.4,capital
AUS,PCN,7638.7,capital
AUS,PER,12856.9,capital
AUS,PHL,6290.6,capital
AUS,PLW,4994.6,capital
AUS,PNG,2876.5,capital
AUS,POL,15559.1,capital
AUS,PRI,16081.7,capital
AUS,PRK,8605.6,capital
AUS,PRT,18053.5,capital
AUS,PRY,12714.5,capital
AUS,PSE,13998.6,capital
AUS,PYF,6314.2,capital
AUS,QAT,12246.9,capital
AUS,REU,9003.3,capital
AUS,ROU,15147.3,capital
AUS,RUS,14481.4,capital
AUS,RWA,12468.4,capital
AUS,SAU,12633.5,capital
AUS,SDN,13394.6,capital
AUS,SEN,17362.0,capital
AUS,SGP,6211.0,capital
AUS,SGS,10014.4,centroid
AUS,SHN,13733.4,capital
AUS,SJM,14772.5,capital
AUS,SLB,3077.0,capital
AUS,SLE,16537.2,capital
AUS,SLV,13742.8,capital
AUS,SMR,16230.2,centroid
AUS,SOM,11387.5,capital
AUS,SPM,17553.8,capital
AUS,SRB,15595.5,capital
AUS,SSD,12804.2,capital
AUS,STP,14516.6,capital
AUS,SUR,15906.4,capital
AUS,SVK,15860.9,capital
AUS,SVN,16064.4,capital
AUS,SWE,15609.9,capital
AUS,SWZ,10548.6,capital
AUS,SXM,16312.0,capital
AUS,SYC,10043.2,capital
AUS,SYR,13973.4,capital
AUS,TCA,15820.7,capital
AUS,TCD,14740.5,capital
AUS,TGO,15403.6,capital
AUS,THA,7477.6,capital
AUS,TJK,11635.9,capital
AUS,TKL,4904.2,centroid
AUS,TKM,12378.3,capital
AUS,TLS,3816.0,capital
AUS,TON,3891.9,centroid
AUS,TTO,15884.3,capital
AUS,TUN,16350.3,capital
AUS,TUR,14497.2,capital
AUS,TUV,4263.8,capital
AUS,TWN,7310.9,capital
AUS,TZA,11683.7,capital
AUS,UGA,12408.5,capital
AUS,UKR,14896.4,capital
AUS,UMI,6344.2,centroid
AUS,UNK,15514.6,capital
AUS,URY,11780.2,capital
AUS,USA,14235.2,centroid
AUS,UZB,11772.4,capital
AUS,VAT,16219.8,capital
AUS,VCT,16103.5,capital
AUS,VEN,15453.6,capital
AUS,VGB,16205.9,capital
AUS,VIR,16174.0,capital
AUS,VNM,7747.0,capital
AUS,VUT,2784.0,centroid
AUS,WLF,4247.3,capital
AUS,WSM,4573.8,capital
AUS,YEM,11960.0,centroid
AUS,ZAF,10819.7,capital
AUS,ZMB,11617.3,capital
AUS,ZWE,11218.2,capital
AUT,AZE,2780.8,capital
AUT,BDI,5890.8,capital
AUT,BEL,914.9,capital
AUT,BEN,4817.5,capital
AUT,BES,8608.8,capital
AUT,BFA,4316.8,capital
AUT,BGD,6907.4,capital
AUT,BGR,817.6,capital
AUT,BHR,3839.2,capital
AUT,BHS,8221.6,capital
AUT,BIH,508.4,capital
AUT,BLM,7745.1,capital
AUT,BLR,1004.4,capital
AUT,BLZ,9657.2,capital
AUT,BMU,6781.8,capital
AUT,BOL,10976.4,capital
AUT,BRA,9527.1,capital
AUT,BRB,7890.7,capital
AUT,BRN,10232.9,capital
AUT,BTN,6567.5,capital
AUT,BVT,11477.9,centroid
AUT,BWA,8157.7,capital
AUT,CAF,4880.0,capital
AUT,CAN,6567.7,capital
AUT,CCK,10319.4,capital
AUT,CHE,683.5,capital
AUT,CHL,12505.7,capital
AUT,CHN,7459.7,capital
AUT,CIV,5035.5,capital
AUT,CMR,4952.3,capital
AUT,COD,5842.7,capital
AUT,COG,5835.9,capital
AUT,COK,16993.1,capital
AUT,COL,9659.1,capital
AUT,COM,7169.8,capital
AUT,CPV,5189.4,capital
AUT,CRI,9936.7,capital
AUT,CUB,8727.1,capital
AUT,CUW,8656.8,capital
AUT,CXR,10818.5,capital
AUT,CYM,8974.3,capital
AUT,CYP,2013.4,capital
AUT,CZE,252.6,capital
AUT,DEU,523.8,capital
AUT,DJI,4769.4,capital
AUT,DMA,7844.5,capital
AUT,DNK,870.0,capital
AUT,DOM,8216.7,capital
AUT,DZA,1673.1,capital
AUT,ECU,10389.3,capital
AUT,EGY,2381.7,capital
AUT,ERI,4197.3,capital
AUT,ESH,3681.4,centroid
AUT,ESP,1809.4,capital
AUT,EST,1361.9,capital
AUT,ETH,4835.1,capital
AUT,FIN,1439.2,capital
AUT,FJI,16298.1,capital
AUT,FLK,13144.9,capital
AUT,FRA,1033.6,capital
AUT,FRO,2104.1,capital
AUT,FSM,12838.9,capital
AUT,GAB,5358.5,capital
AUT,GBR,1235.2,capital
AUT,GEO,2338.5,capital
AUT,GGY,1390.6,centroid
AUT,GHA,4996.3,capital
AUT,GIB,2223.9,capital
AUT,GIN,5134.8,capital
AUT,GLP,7814.1,capital
AUT,GMB,4911.0,capital
AUT,GNB,5008.8,capital
AUT,GNQ,4995.7,capital
AUT,GRC,1282.8,capital
AUT,GRD,8122.8,centroid
AUT,GRL,4313.3,capital
AUT,GTM,10000.1,capital
AUT,GUF,8031.0,capital
AUT,GUM,11477.0,capital
AUT,GUY,8299.7,capital
AUT,HKG,8733.5,centroid
AUT,HMD,12444.9,centroid
AUT,HND,9818.7,capital
AUT,HRV,267.9,capital
AUT,HTI,8389.0,capital
AUT,HUN,214.2,capital
AUT,IDN,10557.3,capital
AUT,IMN,1589.0,capital
AUT,IND,5565.0,capital
AUT,IOT,8059.6,centroid
AUT,IRL,1681.1,capital
AUT,IRN,3178.7,capital
AUT,IRQ,2855.6,capital
AUT,ISL,2886.0,capital
AUT,ISR,2419.5,capital
AUT,ITA,764.8,capital
AUT,JAM,8754.9,capital
AUT,JEY,1357.0,capital
AUT,JOR,2443.3,capital
AUT,JPN,9127.8,capital
AUT,KAZ,3881.6,capital
AUT,KEN,5847.1,capital
AUT,KGZ,4463.2,capital
AUT,KHM,8944.8,capital
AUT,KIR,14052.7,centroid
AUT,KNA,7783.7,capital
AUT,KOR,8274.7,capital
AUT,KWT,3408.2,capital
AUT,LAO,8254.6,capital
AUT,LBN,2247.8,capital
AUT,LBR,5320.2,capital
AUT,LBY,1724.3,capital
AUT,LCA,7921.4,capital
AUT,LIE,526.3,capital
AUT,LKA,7486.6,capital
AUT,LSO,8691.4,capital
AUT,LTU,947.4,capital
AUT,LUX,763.7,capital
AUT,LVA,1101.6,capital
AUT,MAC,8697.4,centroid
AUT,MAF,7748.6,capital
AUT,MAR,2486.9,capital
AUT,MCO,851.0,capital
AUT,MDA,944.5,capital
AUT,MDG,8081.1,capital
AUT,MDV,7281.5,capital
AUT,MEX,10151.3,capital
AUT,MHL,13397.8,capital
AUT,MKD,796.3,capital
AUT,MLI,4553.6,capital
AUT,MLT,1377.1,capital
AUT,MMR,7597.9,centroid
AUT,MNE,679.8,capital
AUT,MNG,6302.8,capital
AUT,MNP,11371.0,capital
AUT,MOZ,8405.0,capital
AUT,MRT,4442.0,capital
AUT,MSR,7793.0,capital
AUT,MTQ,7877.4,capital
AUT,MUS,8631.9,capital
AUT,MWI,7125.3,capital
AUT,MYS,9400.0,capital
AUT,MYT,7356.2,capital
AUT,NAM,7869.4,capital
AUT,NCL,16100.4,capital
AUT,NER,4076.1,capital
AUT,NFK,16788.9,capital
AUT,NGA,4432.3,capital
AUT,NIC,9916.3,capital
AUT,NIU,16723.9,capital
AUT,NLD,936.5,capital
AUT,NOR,1351.1,capital
AUT,NPL,6231.9,capital
AUT,NRU,14008.1,capital
AUT,NZL,18152.3,capital
AUT,OMN,4585.9,capital
AUT,PAK,4900.6,capital
AUT,PAN,9695.3,capital
AUT,PCN,16122.7,capital
AUT,PER,11252.8,capital
AUT,PHL,9846.2,capital
AUT,PLW,11390.8,capital
AUT,PNG,13733.7,capital
AUT,POL,555.6,capital
AUT,PRI,7939.7,capital
AUT,PRK,8081.3,capital
AUT,PRT,2298.9,capital
AUT,PRY,10983.4,capital
AUT,PSE,2407.0,capital
AUT,PYF,16373.6,capital
AUT,QAT,3980.4,capital
AUT,REU,8610.1,capital
AUT,ROU,856.5,capital
AUT,RUS,1669.7,capital
AUT,RWA,5732.7,capital
AUT,SAU,3724.5,capital
AUT,SDN,3920.6,capital
AUT,SEN,4843.3,capital
AUT,SGP,9713.7,capital
AUT,SGS,12464.1,centroid
AUT,SHN,7460.4,capital
AUT,SJM,3337.6,capital
AUT,SLB,14525.6,capital
AUT,SLE,5216.6,capital
AUT,SLV,9989.9,capital
AUT,SMR,580.6,centroid
AUT,SOM,5834.5,capital
AUT,SPM,5242.0,capital
AUT,SRB,491.2,capital
AUT,SSD,5033.2,capital
AUT,STP,5403.4,capital
AUT,SUR,8158.8,capital
AUT,SVK,54.9,capital
AUT,SVN,278.4,capital
AUT,SWE,1241.5,capital
AUT,SWZ,8434.4,capital
AUT,SXM,7749.2,capital
AUT,SYC,6994.0,capital
AUT,SYR,2327.0,capital
AUT,TCA,8068.4,capital
AUT,TCD,4016.2,capital
AUT,TGO,4894.0,capital
AUT,THA,8440.6,capital
AUT,TJK,4282.0,capital
AUT,TKL,15585.1,centroid
AUT,TKM,3547.2,capital
AUT,TLS,12134.6,capital
AUT,TON,16716.6,centroid
AUT,TTO,8230.1,capital
AUT,TUN,1363.7,capital
AUT,TUR,1602.0,capital
AUT,TUV,15316.7,capital
AUT,TWN,8997.4,capital
AUT,TZA,6336.1,capital
AUT,UGA,5549.4,capital
AUT,UKR,1053.7,capital
AUT,UMI,11946.8,centroid
AUT,UNK,720.0,capital
AUT,URY,11701.8,capital
AUT,USA,8393.1,centroid
AUT,UZB,4160.0,capital
AUT,VAT,765.5,capital
AUT,VCT,8005.9,capital
AUT,VEN,8641.8,capital
AUT,VGB,7833.5,capital
AUT,VIR,7863.1,capital
AUT,VNM,8244.2,capital
AUT,VUT,15544.8,centroid
AUT,WLF,15962.2,capital
AUT,WSM,16119.8,capital
AUT,YEM,4689.9,centroid
AUT,ZAF,8307.4,capital
AUT,ZMB,7171.8,capital
AUT,ZWE,7486.6,capital
AZE,BDI,5278.3,capital
AZE,BEL,3662.8,capital
AZE,BEN,6013.0,capital
AZE,BES,11388.7,capital
AZE,BFA,5886.2,capital
AZE,BGD,4197.0,capital
AZE,BGR,2217.0,capital
AZE,BHR,1574.7,capital
AZE,BHS,10922.9,capital
AZE,BIH,2613.6,capital
AZE,BLM,10525.3,capital
AZE,BLR,2243.5,capital
AZE,BLZ,12313.1,capital
AZE,BMU,9514.7,capital
AZE,BOL,13472.0,capital
AZE,BRA,11788.6,capital
AZE,BRB,10651.5,capital
AZE,BRN,7555.6,capital
AZE,BTN,3899.4,capital
AZE,BVT,11433.2,centroid
AZE,BWA,7645.4,capital
AZE,CAF,5084.9,capital
AZE,CAN,9047.5,capital
AZE,CCK,7578.3,capital
AZE,CHE,3447.3,capital
AZE,CHL,14772.5,capital
AZE,CHN,5511.5,capital
AZE,CIV,6605.6,capital
AZE,CMR,5586.7,capital
AZE,COD,6092.6,capital
AZE,COG,6088.6,capital
AZE,COK,16498.0,capital
AZE,COL,12437.7,capital
AZE,COM,5831.3,capital
AZE,CPV,7543.8,capital
AZE,CRI,12671.3,capital
AZE,CUB,11399.4,capital
AZE,CUW,11437.2,capital
AZE,CXR,8039.1,capital
AZE,CYM,11685.1,capital
AZE,CYP,1561.5,capital
AZE,CZE,2946.3,capital
AZE,DEU,3060.9,capital
AZE,DJI,3268.9,capital
AZE,DMA,10618.3,capital
AZE,DNK,3198.7,capital
AZE,DOM,10990.4,capital
AZE,DZA,4042.6,capital
AZE,ECU,13167.9,capital
AZE,EGY,2038.5,capital
AZE,ERI,2979.6,capital
AZE,ESH,6030.2,centroid
AZE,ESP,4465.7,capital
AZE,EST,2746.8,capital
AZE,ETH,3656.3,capital
AZE,FIN,2791.3,capital
AZE,FJI,14537.8,capital
AZE,FLK,14534.9,capital
AZE,FRA,3813.0,capital
AZE,FRO,4423.2,capital
AZE,FSM,11024.6,capital
AZE,GAB,6032.5,capital
AZE,GBR,3973.8,capital
AZE,GEO,448.6,capital
AZE,GGY,4163.9,centroid
AZE,GHA,6303.5,capital
AZE,GIB,4767.9,capital
AZE,GIN,7092.6,capital
AZE,GLP,10590.2,capital
AZE,GMB,7058.8,capital
AZE,GNB,7087.4,capital
AZE,GNQ,5786.1,capital
AZE,GRC,2262.5,capital
AZE,GRD,10887.7,centroid
AZE,GRL,6550.5,capital
AZE,GTM,12658.6,capital
AZE,GUF,10677.5,capital
AZE,GUM,9444.6,capital
AZE,GUY,11015.7,capital
AZE,HKG,6287.8,centroid
AZE,HMD,10619.2,centroid
AZE,HND,12516.1,capital
AZE,HRV,2796.9,capital
AZE,HTI,11155.2,capital
AZE,HUN,2574.5,capital
AZE,IDN,7778.0,capital
AZE,IMN,4256.8,capital
AZE,IND,2808.2,capital
AZE,IOT,5610.5,centroid
AZE,IRL,4377.5,capital
AZE,IRN,537.7,capital
AZE,IRQ,922.0,capital
AZE,ISL,5184.2,capital
AZE,ISR,1626.1,capital
AZE,ITA,3110.3,capital
AZE,JAM,11503.7,capital
AZE,JEY,4132.9,capital
AZE,JOR,1560.3,capital
AZE,JPN,7523.5,capital
AZE,KAZ,2045.8,capital
AZE,KEN,4818.7,capital
AZE,KGZ,2064.0,capital
AZE,KHM,6238.6,capital
AZE,KIR,12629.0,centroid
AZE,KNA,10563.3,capital
AZE,KOR,6449.4,capital
AZE,KWT,1236.7,capital
AZE,LAO,5592.2,capital
AZE,LBN,1462.6,capital
AZE,LBR,7092.3,capital
AZE,LBY,3353.6,capital
AZE,LCA,10690.5,capital
AZE,LIE,3289.4,capital
AZE,LKA,4762.1,capital
AZE,LSO,8087.2,capital
AZE,LTU,2415.9,capital
AZE,LUX,3535.4,capital
AZE,LVA,2612.3,capital
AZE,MAC,6240.1,centroid
AZE,MAF,10529.1,capital
AZE,MAR,4988.1,capital
AZE,MCO,3487.6,capital
AZE,MDA,1837.4,capital
AZE,MDG,6597.4,capital
AZE,MDV,4668.7,capital
AZE,MEX,12632.4,capital
AZE,MHL,12048.5,capital
AZE,MKD,2377.4,capital
AZE,MLI,6397.3,capital
AZE,MLT,3112.6,capital
AZE,MMR,4938.5,centroid
AZE,MNE,2550.7,capital
AZE,MNG,4518.0,capital
AZE,MNP,9402.0,capital
AZE,MOZ,7591.2,capital
AZE,MRT,6692.7,capital
AZE,MSR,10571.1,capital
AZE,MTQ,10648.5,capital
AZE,MUS,6777.7,capital
AZE,MWI,6267.5,capital
AZE,MYS,6627.9,capital
AZE,MYT,5930.7,capital
AZE,NAM,7778.7,capital
AZE,NCL,13799.9,capital
AZE,NER,5507.1,capital
AZE,NFK,14333.4,capital
AZE,NGA,5436.0,capital
AZE,NIC,12635.4,capital
AZE,NIU,15552.9,capital
AZE,NLD,3631.1,capital
AZE,NOR,3452.6,capital
AZE,NPL,3525.7,capital
AZE,NRU,12302.3,capital
AZE,NZL,15457.2,capital
AZE,OMN,2030.2,capital
AZE,PAK,2176.1,capital
AZE,PAN,12466.4,capital
AZE,PCN,18312.5,capital
AZE,PER,13970.6,capital
AZE,PHL,7370.1,capital
AZE,PLW,9023.0,capital
AZE,PNG,11300.9,capital
AZE,POL,2555.1,capital
AZE,PRI,10719.6,capital
AZE,PRK,6278.1,capital
AZE,PRT,4968.7,capital
AZE,PRY,13228.4,capital
AZE,PSE,1617.6,capital
AZE,PYF,16862.9,capital
AZE,QAT,1685.1,capital
AZE,REU,6836.1,capital
AZE,ROU,1996.7,capital
AZE,RUS,1931.1,capital
AZE,RWA,5119.5,capital
AZE,SAU,1769.4,capital
AZE,SDN,3230.7,capital
AZE,SEN,7046.2,capital
AZE,SGP,6942.9,capital
AZE,SGS,13368.6,centroid
AZE,SHN,8489.6,capital
AZE,SJM,4480.7,capital
AZE,SLB,12380.5,capital
AZE,SLE,7132.0,capital
AZE,SLV,12670.8,capital
AZE,SMR,3089.4,centroid
AZE,SOM,4287.8,capital
AZE,SPM,7880.6,capital
AZE,SRB,2444.6,capital
AZE,SSD,4354.0,capital
AZE,STP,6224.8,capital
AZE,SUR,10842.4,capital
AZE,SVK,2725.9,capital
AZE,SVN,2910.8,capital
AZE,SWE,3052.8,capital
AZE,SWZ,7680.0,capital
AZE,SXM,10529.6,capital
AZE,SYC,5035.7,capital
AZE,SYR,1427.2,capital
AZE,TCA,10828.4,capital
AZE,TCD,4631.9,capital
AZE,TGO,6148.4,capital
AZE,THA,5717.7,capital
AZE,TJK,1631.2,capital
AZE,TKL,14612.1,centroid
AZE,TKM,779.9,capital
AZE,TLS,9434.1,capital
AZE,TON,15209.0,centroid
AZE,TTO,10988.6,capital
AZE,TUN,3445.8,capital
AZE,TUR,1446.8,capital
AZE,TUV,13896.6,capital
AZE,TWN,6732.1,capital
AZE,TZA,5374.9,capital
AZE,UGA,4786.0,capital
AZE,UKR,1872.4,capital
AZE,UMI,10705.9,centroid
AZE,UNK,2393.3,capital
AZE,URY,13670.0,capital
AZE,USA,10671.3,centroid
AZE,UZB,1625.7,capital
AZE,VAT,3114.7,capital
AZE,VCT,10772.9,capital
AZE,VEN,11417.3,capital
AZE,VGB,10614.2,capital
AZE,VIR,10643.8,capital
AZE,VNM,5660.7,capital
AZE,VUT,13433.8,centroid
AZE,WLF,14627.4,capital
AZE,WSM,15015.2,capital
AZE,YEM,2827.8,centroid
AZE,ZAF,7687.7,capital
AZE,ZMB,6592.6,capital
AZE,ZWE,6759.4,capital
BDI,BEL,6507.8,capital
BDI,BEN,3227.5,capital
BDI,BES,10977.3,capital
BDI,BFA,3894.2,capital
BDI,BGD,7202.1,capital
BDI,BGR,5171.7,capital
BDI,BHR,3976.8,capital
BDI,BHS,11906.9,capital
BDI,BIH,5382.5,capital
BDI,BLM,10417.8,capital
BDI,BLR,6378.3,capital
BDI,BLZ,13163.6,capital
BDI,BMU,10653.3,capital
BDI,BOL,10427.2,capital
BDI,BRA,8605.1,capital
BDI,BRB,10044.7,capital
BDI,BRN,9488.9,capital
BDI,BTN,7252.7,capital
BDI,BVT,6158.0,centroid
BDI,BWA,2399.3,capital
BDI,CAF,1531.6,capital
BDI,CAN,11494.5,capital
BDI,CCK,7417.2,capital
BDI,CHE,6018.7,capital
BDI,CHL,10773.0,capital
BDI,CHN,9951.7,capital
BDI,CIV,4069.9,capital
BDI,CMR,2200.4,capital
BDI,COD,1624.0,capital
BDI,COG,1627.0,capital
BDI,COK,17079.1,capital
BDI,COL,11588.6,capital
BDI,COM,1732.5,capital
BDI,CPV,6227.2,capital
BDI,CRI,12814.5,capital
BDI,CUB,12435.4,capital
BDI,CUW,11044.5,capital
BDI,CXR,8381.9,capital
BDI,CYM,12367.3,capital
BDI,CYP,4307.0,capital
BDI,CZE,6133.4,capital
BDI,DEU,6412.3,capital
BDI,DJI,2219.3,capital
BDI,DMA,10248.6,capital
BDI,DNK,6760.7,capital
BDI,DOM,11163.0,capital
BDI,DZA,5260.1,capital
BDI,ECU,12053.6,capital
BDI,EGY,3726.6,capital
BDI,ERI,2310.2,capital
BDI,ESH,5580.1,centroid
BDI,ESP,5955.0,capital
BDI,EST,7004.9,capital
BDI,ETH,1695.1,capital
BDI,FIN,7085.0,capital
BDI,FJI,15812.7,capital
BDI,FLK,9555.7,capital
BDI,FRA,6394.6,capital
BDI,FRO,7913.1,capital
BDI,FSM,14272.2,capital
BDI,GAB,2314.4,capital
BDI,GBR,6737.8,capital
BDI,GEO,5238.8,capital
BDI,GGY,6659.5,centroid
BDI,GHA,3491.3,capital
BDI,GIB,5724.2,capital
BDI,GIN,5041.1,capital
BDI,GLP,10289.3,capital
BDI,GMB,5463.1,capital
BDI,GNB,5311.4,capital
BDI,GNQ,2481.5,capital
BDI,GRC,4648.8,capital
BDI,GRD,10260.2,centroid
BDI,GRL,9948.0,capital
BDI,GTM,13375.7,capital
BDI,GUF,9184.6,capital
BDI,GUM,12779.4,capital
BDI,GUY,9841.1,capital
BDI,HKG,9563.2,centroid
BDI,HMD,6752.1,centroid
BDI,HND,13024.8,capital
BDI,HRV,5646.0,capital
BDI,HTI,11420.9,capital
BDI,HUN,5761.6,capital
BDI,IDN,8522.2,capital
BDI,IMN,7148.3,capital
BDI,IND,6176.8,capital
BDI,IOT,4615.1,centroid
BDI,IRL,7152.8,capital
BDI,IRN,4891.9,capital
BDI,IRQ,4362.4,capital
BDI,ISL,8624.5,capital
BDI,ISR,3953.4,capital
BDI,ITA,5337.6,capital
BDI,JAM,11892.5,capital
BDI,JEY,6613.8,capital
BDI,JOR,3985.4,capital
BDI,JPN,12009.4,capital
BDI,KAZ,7232.5,capital
BDI,KEN,801.9,capital
BDI,KGZ,6820.4,capital
BDI,KHM,8455.1,capital
BDI,KIR,15907.2,centroid
BDI,KNA,10401.7,capital
BDI,KOR,10861.3,capital
BDI,KWT,4122.9,capital
BDI,LAO,8303.3,capital
BDI,LBN,4190.9,capital
BDI,LBR,4648.6,capital
BDI,LBY,4405.8,capital
BDI,LCA,10199.9,capital
BDI,LIE,5966.9,capital
BDI,LKA,5659.4,capital
BDI,LSO,2890.3,capital
BDI,LTU,6476.4,capital
BDI,LUX,6325.3,capital
BDI,LVA,6733.7,capital
BDI,MAC,9496.8,centroid
BDI,MAF,10443.2,capital
BDI,MAR,5669.7,capital
BDI,MCO,5706.4,capital
BDI,MDA,5609.2,capital
BDI,MDG,2574.9,capital
BDI,MDV,4915.9,capital
BDI,MEX,14211.3,capital
BDI,MHL,15729.3,capital
BDI,MKD,5123.2,capital
BDI,MLI,4550.1,capital
BDI,MLT,4657.5,capital
BDI,MMR,7910.9,centroid
BDI,MNE,5212.3,capital
BDI,MNG,9326.9,capital
BDI,MNP,12877.3,capital
BDI,MOZ,2522.2,capital
BDI,MRT,5568.4,capital
BDI,MSR,10344.4,capital
BDI,MTQ,10210.9,capital
BDI,MUS,3520.0,capital
BDI,MWI,1246.3,capital
BDI,MYS,8008.4,capital
BDI,MYT,1978.2,capital
BDI,NAM,2537.8,capital
BDI,NCL,14496.0,capital
BDI,NER,3601.1,capital
BDI,NFK,14266.9,capital
BDI,NGA,2847.4,capital
BDI,NIC,12931.9,capital
BDI,NIU,16704.3,capital
BDI,NLD,6636.2,capital
BDI,NOR,7239.6,capital
BDI,NPL,6860.5,capital
BDI,NRU,15215.9,capital
BDI,NZL,13901.6,capital
BDI,OMN,4305.8,capital
BDI,PAK,6121.3,capital
BDI,PAN,12201.2,capital
BDI,PCN,16182.9,capital
BDI,PER,11763.8,capital
BDI,PHL,10217.2,capital
BDI,PLW,11676.2,capital
BDI,PNG,12914.5,capital
BDI,POL,6245.6,capital
BDI,PRI,10763.7,capital
BDI,PRK,10750.8,capital
BDI,PRT,6165.4,capital
BDI,PRY,9601.0,capital
BDI,PSE,3967.6,capital
BDI,PYF,17683.6,capital
BDI,QAT,3952.8,capital
BDI,REU,3375.2,capital
BDI,ROU,5335.3,capital
BDI,RUS,6617.9,capital
BDI,RWA,164.9,capital
BDI,SAU,3614.8,capital
BDI,SDN,2129.8,capital
BDI,SEN,5592.9,capital
BDI,SGP,8232.8,capital
BDI,SGS,8226.9,centroid
BDI,SHN,4137.0,capital
BDI,SJM,9119.6,capital
BDI,SLB,14296.6,capital
BDI,SLE,4965.5,capital
BDI,SLV,13240.8,capital
BDI,SMR,5531.9,centroid
BDI,SOM,1818.3,capital
BDI,SPM,9989.0,capital
BDI,SRB,5444.9,capital
BDI,SSD,938.8,capital
BDI,STP,2611.5,capital
BDI,SUR,9504.6,capital
BDI,SVK,5868.8,capital
BDI,SVN,5707.9,capital
BDI,SWE,7055.8,capital
BDI,SWZ,2565.5,capital
BDI,SXM,10439.1,capital
BDI,SYC,2834.8,capital
BDI,SYR,4161.4,capital
BDI,TCA,11291.6,capital
BDI,TCD,2385.0,capital
BDI,TGO,3359.5,capital
BDI,THA,8011.4,capital
BDI,TJK,6137.2,capital
BDI,TKL,17219.5,centroid
BDI,TKM,5455.3,capital
BDI,TLS,10570.6,capital
BDI,TON,16247.8,centroid
BDI,TTO,10235.5,capital
BDI,TUN,4921.0,capital
BDI,TUR,4829.2,capital
BDI,TUV,16357.8,capital
BDI,TWN,10330.0,capital
BDI,TZA,712.9,capital
BDI,UGA,510.4,capital
BDI,UKR,5991.7,capital
BDI,UMI,14996.9,centroid
BDI,UNK,5201.3,capital
BDI,URY,9435.3,capital
BDI,USA,13412.5,centroid
BDI,UZB,6363.6,capital
BDI,VAT,5340.6,capital
BDI,VCT,10218.8,capital
BDI,VEN,10819.9,capital
BDI,VGB,10607.0,capital
BDI,VIR,10639.4,capital
BDI,VNM,8690.3,capital
BDI,VUT,14825.2,centroid
BDI,WLF,16587.3,capital
BDI,WSM,16947.9,capital
BDI,YEM,2856.7,centroid
BDI,ZAF,2488.5,capital
BDI,ZMB,1344.1,capital
BDI,ZWE,1606.0,capital
BEL,BEN,4934.6,capital
BEL,BES,7745.6,capital
BEL,BFA,4312.5,capital
BEL,BGD,7718.8,capital
BEL,BGR,1698.4,capital
BEL,BHR,4752.3,capital
BEL,BHS,7308.4,capital
BEL,BIH,1307.9,capital
BEL,BLM,6882.0,capital
BEL,BLR,1604.4,capital
BEL,BLZ,8742.4,capital
BEL,BMU,5872.4,capital
BEL,BOL,10294.2,capital
BEL,BRA,8978.4,capital
BEL,BRB,7064.3,capital
BEL,BRN,10999.9,capital
BEL,BTN,7360.4,capital
BEL,BVT,11707.4,centroid
BEL,BWA,8658.6,capital
BEL,CAF,5336.4,capital
BEL,CAN,5674.5,capital
BEL,CCK,11225.1,capital
BEL,CHE,489.4,capital
BEL,CHL,11890.0,capital
BEL,CHN,7961.1,capital
BEL,CIV,4976.3,capital
BEL,CMR,5267.1,capital
BEL,COD,6224.3,capital
BEL,COG,6217.0,capital
BEL,COK,16440.4,capital
BEL,COL,8799.1,capital
BEL,COM,7906.8,capital
BEL,CPV,4708.2,capital
BEL,CRI,9029.5,capital
BEL,CUB,7812.5,capital
BEL,CUW,7791.2,capital
BEL,CXR,11698.3,capital
BEL,CYM,8062.4,capital
BEL,CYP,2901.6,capital
BEL,CZE,717.3,capital
BEL,DEU,651.3,capital
BEL,DJI,5601.0,capital
BEL,DMA,6998.8,capital
BEL,DNK,764.9,capital
BEL,DOM,7327.7,capital
BEL,DZA,1573.1,capital
BEL,ECU,9527.9,capital
BEL,EGY,3209.5,capital
BEL,ERI,5010.1,capital
BEL,ESH,3285.4,centroid
BEL,ESP,1316.5,capital
BEL,EST,1599.5,capital
BEL,ETH,5614.8,capital
BEL,FIN,1647.6,capital
BEL,FJI,16339.9,capital
BEL,FLK,12811.6,capital
BEL,FRA,264.3,capital
BEL,FRO,1412.3,capital
BEL,FSM,13116.9,capital
BEL,GAB,5631.3,capital
BEL,GBR,320.3,capital
BEL,GEO,3227.9,capital
BEL,GGY,517.0,centroid
BEL,GHA,5054.2,capital
BEL,GIB,1809.2,capital
BEL,GIN,4881.4,capital
BEL,GLP,6963.8,capital
BEL,GMB,4566.5,capital
BEL,GNB,4697.9,capital
BEL,GNQ,5253.1,capital
BEL,GRC,2089.5,capital
BEL,GRD,7290.2,centroid
BEL,GRL,3515.7,capital
BEL,GTM,9085.4,capital
BEL,GUF,7300.4,capital
BEL,GUM,11897.7,capital
BEL,GUY,7515.1,capital
BEL,HKG,9397.8,centroid
BEL,HMD,13191.3,centroid
BEL,HND,8905.9,capital
BEL,HRV,1024.2,capital
BEL,HTI,7493.4,capital
BEL,HUN,1128.9,capital
BEL,IDN,11419.1,capital
BEL,IMN,700.7,capital
BEL,IND,6412.9,capital
BEL,IOT,8966.0,centroid
BEL,IRL,773.9,capital
BEL,IRN,4081.8,capital
BEL,IRQ,3770.1,capital
BEL,ISL,2125.8,capital
BEL,ISR,3297.4,capital
BEL,ITA,1175.0,capital
BEL,JAM,7851.0,capital
BEL,JEY,496.6,capital
BEL,JOR,3327.2,capital
BEL,JPN,9448.3,capital
BEL,KAZ,4524.7,capital
BEL,KEN,6559.6,capital
BEL,KGZ,5208.5,capital
BEL,KHM,9739.8,capital
BEL,KIR,14104.4,centroid
BEL,KNA,6923.6,capital
BEL,KOR,8705.4,capital
BEL,KWT,4322.0,capital
BEL,LAO,9028.8,capital
BEL,LBN,3140.5,capital
BEL,LBR,5148.7,capital
BEL,LBY,2123.6,capital
BEL,LCA,7083.6,capital
BEL,LIE,558.8,capital
BEL,LKA,8394.0,capital
BEL,LSO,9199.4,capital
BEL,LTU,1465.1,capital
BEL,LUX,187.4,capital
BEL,LVA,1453.9,capital
BEL,MAC,9367.4,centroid
BEL,MAF,6884.0,capital
BEL,MAR,2079.6,capital
BEL,MCO,824.0,capital
BEL,MDA,1831.6,capital
BEL,MDG,8827.9,capital
BEL,MDV,8196.4,capital
BEL,MEX,9246.3,capital
BEL,MHL,13453.0,capital
BEL,MKD,1631.7,capital
BEL,MLI,4396.3,capital
BEL,MLT,1850.4,capital
BEL,MMR,8376.5,centroid
BEL,MNE,1468.5,capital
BEL,MNG,6791.5,capital
BEL,MNP,11767.0,capital
BEL,MOZ,8980.3,capital
BEL,MRT,4062.2,capital
BEL,MSR,6937.5,capital
BEL,MTQ,7036.4,capital
BEL,MUS,9445.3,capital
BEL,MWI,7753.9,capital
BEL,MYS,10249.8,capital
BEL,MYT,8106.8,capital
BEL,NAM,8257.9,capital
BEL,NCL,16479.2,capital
BEL,NER,4156.6,capital
BEL,NFK,17232.2,capital
BEL,NGA,4656.1,capital
BEL,NIC,9006.1,capital
BEL,NIU,16443.5,capital
BEL,NLD,173.5,capital
BEL,NOR,1084.5,capital
BEL,NPL,7046.5,capital
BEL,NRU,14185.8,capital
BEL,NZL,18722.7,capital
BEL,OMN,5500.4,capital
BEL,PAK,5736.2,capital
BEL,PAN,8803.7,capital
BEL,PCN,15212.1,capital
BEL,PER,10449.0,capital
BEL,PHL,10507.2,capital
BEL,PLW,11971.5,capital
BEL,PNG,14298.4,capital
BEL,POL,1159.9,capital
BEL,PRI,7062.4,capital
BEL,PRK,8510.4,capital
BEL,PRT,1712.7,capital
BEL,PRY,10410.5,capital
BEL,PSE,3285.7,capital
BEL,PYF,15650.2,capital
BEL,QAT,4893.6,capital
BEL,REU,9407.9,capital
BEL,ROU,1770.9,capital
BEL,RUS,2253.2,capital
BEL,RWA,6357.2,capital
BEL,SAU,4626.7,capital
BEL,SDN,4661.7,capital
BEL,SEN,4470.4,capital
BEL,SGP,10560.8,capital
BEL,SGS,12327.3,centroid
BEL,SHN,7489.7,capital
BEL,SJM,3078.1,capital
BEL,SLB,14896.9,capital
BEL,SLE,4980.3,capital
BEL,SLV,9076.0,capital
BEL,SMR,994.0,centroid
BEL,SOM,6643.8,capital
BEL,SPM,4329.4,capital
BEL,SRB,1374.1,capital
BEL,SSD,5706.8,capital
BEL,STP,5621.3,capital
BEL,SUR,7400.6,capital
BEL,SVK,967.6,capital
BEL,SVN,918.4,capital
BEL,SWE,1280.1,capital
BEL,SWZ,8992.7,capital
BEL,SXM,6884.9,capital
BEL,SYC,7847.0,capital
BEL,SYR,3221.7,capital
BEL,TCA,7169.0,capital
BEL,TCD,4416.1,capital
BEL,TGO,4981.3,capital
BEL,THA,9249.8,capital
BEL,TJK,5100.5,capital
BEL,TKL,15349.5,centroid
BEL,TKM,4415.5,capital
BEL,TLS,12903.5,capital
BEL,TON,16584.2,centroid
BEL,TTO,7405.2,capital
BEL,TUN,1627.2,capital
BEL,TUR,2513.9,capital
BEL,TUV,15284.8,capital
BEL,TWN,9579.4,capital
BEL,TZA,7016.4,capital
BEL,UGA,6216.8,capital
BEL,UKR,1836.2,capital
BEL,UMI,12024.3,centroid
BEL,UNK,1565.1,capital
BEL,URY,11219.3,capital
BEL,USA,7527.3,centroid
BEL,UZB,4950.2,capital
BEL,VAT,1171.7,capital
BEL,VCT,7170.8,capital
BEL,VEN,7791.0,capital
BEL,VGB,6961.6,capital
BEL,VIR,6990.4,capital
BEL,VNM,8978.6,capital
BEL,VUT,15842.0,centroid
BEL,WLF,15837.4,capital
BEL,WSM,15884.1,capital
BEL,YEM,5566.6,centroid
BEL,ZAF,8833.0,capital
BEL,ZMB,7727.6,capital
BEL,ZWE,8069.7,capital
BEN,BES,7782.9,capital
BEN,BFA,794.8,capital
BEN,BGD,9495.0,capital
BEN,BGR,4510.2,capital
BEN,BHR,5528.0,capital
BEN,BHS,8691.9,capital
BEN,BIH,4428.3,capital
BEN,BLM,7192.9,capital
BEN,BLR,5729.6,capital
BEN,BLZ,9938.0,capital
BEN,BMU,7500.8,capital
BEN,BOL,7952.6,capital
BEN,BRA,6089.2,capital
BEN,BRB,6842.4,capital
BEN,BRN,12398.8,capital
BEN,BTN,9383.9,capital
BEN,BVT,6775.5,centroid
BEN,BWA,4285.9,capital
BEN,CAF,1781.5,capital
BEN,CAN,8581.3,capital
BEN,CCK,10615.5,capital
BEN,CHE,4521.8,capital
BEN,CHL,8877.2,capital
BEN,CHN,11518.2,capital
BEN,CIV,871.1,capital
BEN,CMR,1029.4,capital
BEN,COD,1854.5,capital
BEN,COG,1847.5,capital
BEN,COK,17511.2,capital
BEN,COL,8482.0,capital
BEN,COM,4930.4,capital
BEN,CPV,3000.0,capital
BEN,CRI,9625.2,capital
BEN,CUB,9213.6,capital
BEN,CUW,7850.4,capital
BEN,CXR,11561.8,capital
BEN,CYM,9140.0,capital
BEN,CYP,4476.4,capital
BEN,CZE,4970.8,capital
BEN,DEU,5212.3,capital
BEN,DJI,4483.9,capital
BEN,DMA,7033.1,capital
BEN,DNK,5539.3,capital
BEN,DOM,7937.1,capital
BEN,DZA,3362.4,capital
BEN,ECU,9030.4,capital
BEN,EGY,3977.7,capital
BEN,ERI,4079.7,capital
BEN,ESH,2602.6,centroid
BEN,ESP,3823.7,capital
BEN,EST,6179.4,capital
BEN,ETH,3990.5,capital
BEN,FIN,6256.6,capital
BEN,FJI,18643.8,capital
BEN,FLK,8627.9,capital
BEN,FRA,4709.9,capital
BEN,FRO,6220.8,capital
BEN,FSM,16919.9,capital
BEN,GAB,1018.9,capital
BEN,GBR,5011.4,capital
BEN,GEO,5709.4,capital
BEN,GGY,4802.7,centroid
BEN,GHA,326.9,capital
BEN,GIB,3394.9,capital
BEN,GIN,1823.9,capital
BEN,GLP,7070.6,capital
BEN,GMB,2236.9,capital
BEN,GNB,2084.2,capital
BEN,GNQ,749.0,capital
BEN,GRC,4098.4,capital
BEN,GRD,7066.0,centroid
BEN,GRL,7700.9,capital
BEN,GTM,10158.4,capital
BEN,GUF,6078.2,capital
BEN,GUM,15282.3,capital
BEN,GUY,6706.0,capital
BEN,HKG,11917.9,centroid
BEN,HMD,9277.0,centroid
BEN,HND,9811.8,capital
BEN,HRV,4557.5,capital
BEN,HTI,8194.8,capital
BEN,HUN,4819.6,capital
BEN,IDN,11651.9,capital
BEN,IMN,5337.0,capital
BEN,IND,8162.0,capital
BEN,IOT,7770.5,centroid
BEN,IRL,5269.4,capital
BEN,IRN,5929.0,capital
BEN,IRQ,5234.9,capital
BEN,ISL,6699.4,capital
BEN,ISR,4397.4,capital
BEN,ITA,4055.6,capital
BEN,JAM,8667.2,capital
BEN,JEY,4767.6,capital
BEN,JOR,4466.6,capital
BEN,JPN,13529.1,capital
BEN,KAZ,7979.6,capital
BEN,KEN,3894.6,capital
BEN,KGZ,8051.9,capital
BEN,KHM,11192.3,capital
BEN,KIR,18632.9,centroid
BEN,KNA,7178.4,capital
BEN,KOR,12461.2,capital
BEN,KWT,5383.0,capital
BEN,LAO,10832.7,capital
BEN,LBN,4550.5,capital
BEN,LBR,1480.9,capital
BEN,LBY,3131.9,capital
BEN,LCA,6991.7,capital
BEN,LIE,4567.4,capital
BEN,LKA,8519.7,capital
BEN,LSO,4789.1,capital
BEN,LTU,5728.8,capital
BEN,LUX,4805.4,capital
BEN,LVA,5915.4,capital
BEN,MAC,11857.2,centroid
BEN,MAF,7217.9,capital
BEN,MAR,3210.0,capital
BEN,MCO,4167.6,capital
BEN,MDA,5152.9,capital
BEN,MDG,5675.7,capital
BEN,MDV,7848.7,capital
BEN,MEX,10985.4,capital
BEN,MHL,18057.4,capital
BEN,MKD,4362.3,capital
BEN,MLI,1343.9,capital
BEN,MLT,3487.8,capital
BEN,MMR,10289.6,centroid
BEN,MNE,4319.8,capital
BEN,MNG,10519.8,capital
BEN,MNP,15291.7,capital
BEN,MOZ,4847.6,capital
BEN,MRT,2391.4,capital
BEN,MSR,7122.9,capital
BEN,MTQ,6999.0,capital
BEN,MUS,6691.0,capital
BEN,MWI,4125.4,capital
BEN,MYS,10969.5,capital
BEN,MYT,5174.3,capital
BEN,NAM,3594.7,capital
BEN,NCL,17549.1,capital
BEN,NER,782.1,capital
BEN,NFK,17073.7,capital
BEN,NGA,609.5,capital
BEN,NIC,9732.2,capital
BEN,NIU,18401.5,capital
BEN,NLD,5105.6,capital
BEN,NOR,5979.4,capital
BEN,NPL,8957.2,capital
BEN,NRU,18154.4,capital
BEN,NZL,16069.6,capital
BEN,OMN,6243.5,capital
BEN,PAK,7800.8,capital
BEN,PAN,9034.3,capital
BEN,PCN,14585.8,capital
BEN,PER,9040.1,capital
BEN,PHL,12828.5,capital
BEN,PLW,14470.7,capital
BEN,PNG,16098.8,capital
BEN,POL,5356.8,capital
BEN,PRI,7537.7,capital
BEN,PRK,12291.0,capital
BEN,PRT,3773.4,capital
BEN,PRY,7403.5,capital
BEN,PSE,4404.3,capital
BEN,PYF,16755.3,capital
BEN,QAT,5594.7,capital
BEN,REU,6521.1,capital
BEN,ROU,4795.5,capital
BEN,RUS,6286.0,capital
BEN,RWA,3189.1,capital
BEN,SAU,5108.8,capital
BEN,SDN,3413.2,capital
BEN,SEN,2370.9,capital
BEN,SGP,11233.1,capital
BEN,SGS,7712.9,centroid
BEN,SHN,2656.1,capital
BEN,SJM,8010.7,capital
BEN,SLB,17499.7,capital
BEN,SLE,1760.0,capital
BEN,SLV,10029.1,capital
BEN,SMR,4253.5,centroid
BEN,SOM,4763.3,capital
BEN,SPM,7139.5,capital
BEN,SRB,4597.6,capital
BEN,SSD,3211.3,capital
BEN,STP,823.8,capital
BEN,SUR,6383.3,capital
BEN,SVK,4830.5,capital
BEN,SVN,4544.6,capital
BEN,SWE,6020.2,capital
BEN,SWZ,4789.2,capital
BEN,SXM,7213.9,capital
BEN,SYC,5995.4,capital
BEN,SYR,4587.4,capital
BEN,TCA,8064.9,capital
BEN,TCD,1500.3,capital
BEN,TGO,158.1,capital
BEN,THA,10682.3,capital
BEN,TJK,7493.6,capital
BEN,TKL,19358.6,centroid
BEN,TKM,6596.5,capital
BEN,TLS,13729.4,capital
BEN,TON,18491.4,centroid
BEN,TTO,7054.5,capital
BEN,TUN,3458.0,capital
BEN,TUR,4786.0,capital
BEN,TUV,19576.8,capital
BEN,TWN,12542.0,capital
BEN,TZA,3937.6,capital
BEN,UGA,3396.1,capital
BEN,UKR,5531.2,capital
BEN,UMI,16655.5,centroid
BEN,UNK,4416.4,capital
BEN,URY,7678.5,capital
BEN,USA,10396.2,centroid
BEN,UZB,7585.5,capital
BEN,VAT,4055.3,capital
BEN,VCT,7016.4,capital
BEN,VEN,7640.7,capital
BEN,VGB,7381.0,capital
BEN,VIR,7413.6,capital
BEN,VNM,11107.4,capital
BEN,VUT,18014.0,centroid
BEN,WLF,19248.8,capital
BEN,WSM,18993.0,capital
BEN,YEM,5038.9,centroid
BEN,ZAF,4526.4,capital
BEN,ZMB,3733.2,capital
BEN,ZWE,4131.5,capital
BES,BFA,7230.0,capital
BES,BGD,15402.4,capital
BES,BGR,9223.3,capital
BES,BHR,12151.2,capital
BES,BHS,1723.3,capital
BES,BIH,8806.9,capital
BES,BLM,863.9,capital
BES,BLR,9295.6,capital
BES,BLZ,2274.9,capital
BES,BMU,2268.1,capital
BES,BOL,3483.0,capital
BES,BRA,3827.7,capital
BES,BRB,944.1,capital
BES,BRN,18087.4,capital
BES,BTN,15007.2,capital
BES,BVT,9958.8,centroid
BES,BWA,10982.8,capital
BES,CAF,9560.9,capital
BES,CAN,3764.9,capital
BES,CCK,18394.4,capital
BES,CHE,7942.5,capital
BES,CHL,5077.5,capital
BES,CHN,14206.5,capital
BES,CIV,6920.3,capital
BES,CMR,8807.8,capital
BES,COD,9413.5,capital
BES,COG,9408.7,capital
BES,COK,10646.6,capital
BES,COL,1054.3,capital
BES,COM,12586.8,capital
BES,CPV,4840.3,capital
BES,CRI,1842.3,capital
BES,CUB,1928.5,capital
BES,CUW,67.4,capital
BES,CXR,19327.5,capital
BES,CYM,1610.7,capital
BES,CYP,10260.7,capital
BES,CZE,8455.1,capital
BES,DEU,8377.1,capital
BES,DJI,11997.8,capital
BES,DMA,821.4,capital
BES,DNK,8321.0,capital
BES,DOM,724.2,capital
BES,DZA,7549.1,capital
BES,ECU,1782.4,capital
BES,EGY,10227.1,capital
BES,ERI,11440.9,capital
BES,ESH,5954.5,centroid
BES,ESP,6989.9,capital
BES,EST,9015.8,capital
BES,ETH,11614.0,capital
BES,FIN,9013.3,capital
BES,FJI,12861.4,capital
BES,FLK,7169.7,capital
BES,FRA,7579.2,capital
BES,FRO,7352.3,capital
BES,FSM,14461.6,capital
BES,GAB,8663.8,capital
BES,GBR,7446.3,capital
BES,GEO,10943.8,capital
BES,GGY,7235.0,centroid
BES,GHA,7498.1,capital
BES,GIB,6791.7,capital
BES,GIN,5959.4,capital
BES,GLP,824.3,capital
BES,GMB,5596.3,capital
BES,GNB,5719.0,capital
BES,GNQ,8513.1,capital
BES,GRC,9352.0,capital
BES,GRD,717.5,centroid
BES,GRL,5927.1,capital
BES,GTM,2421.3,capital
BES,GUF,1925.5,capital
BES,GUM,15392.5,capital
BES,GUY,1257.8,capital
BES,HKG,16178.7,centroid
BES,HMD,14293.1,centroid
BES,HND,2061.7,capital
BES,HRV,8599.2,capital
BES,HTI,834.2,capital
BES,HUN,8814.3,capital
BES,IDN,19164.7,capital
BES,IMN,7221.3,capital
BES,IND,14157.1,capital
BES,IOT,15549.4,centroid
BES,IRL,7085.5,capital
BES,IRN,11752.1,capital
BES,IRQ,11284.3,capital
BES,ISL,6791.4,capital
BES,ISR,10536.8,capital
BES,ITA,8350.5,capital
BES,JAM,1122.5,capital
BES,JEY,7263.4,capital
BES,JOR,10596.1,capital
BES,JPN,13938.1,capital
BES,KAZ,11972.1,capital
BES,KEN,11677.0,capital
BES,KGZ,12824.8,capital
BES,KHM,17273.1,capital
BES,KIR,13086.0,centroid
BES,KNA,826.0,capital
BES,KOR,14262.5,capital
BES,KWT,11772.4,capital
BES,LAO,16519.5,capital
BES,LBN,10490.7,capital
BES,LBR,6330.6,capital
BES,LBY,8487.9,capital
BES,LCA,812.7,capital
BES,LIE,8100.1,capital
BES,LKA,15900.5,capital
BES,LSO,11215.4,capital
BES,LTU,9133.3,capital
BES,LUX,7860.5,capital
BES,LVA,9020.3,capital
BES,MAC,16194.1,centroid
BES,MAF,861.6,capital
BES,MAR,6633.3,capital
BES,MCO,7931.5,capital
BES,MDA,9553.2,capital
BES,MDG,13130.4,capital
BES,MDV,15416.7,capital
BES,MEX,3394.2,capital
BES,MHL,13083.4,capital
BES,MKD,9082.7,capital
BES,MLI,6532.9,capital
BES,MLT,8575.3,capital
BES,MMR,15933.0,centroid
BES,MNE,8899.0,capital
BES,MNG,13319.7,capital
BES,MNP,15189.9,capital
BES,MOZ,11667.4,capital
BES,MRT,5634.3,capital
BES,MSR,825.4,capital
BES,MTQ,824.4,capital
BES,MUS,14178.5,capital
BES,MWI,11610.3,capital
BES,MYS,17984.4,capital
BES,MYT,12815.8,capital
BES,NAM,10055.7,capital
BES,NCL,14125.9,capital
BES,NER,7603.8,capital
BES,NFK,13927.6,capital
BES,NGA,8261.9,capital
BES,NIC,1954.6,capital
BES,NIU,11652.6,capital
BES,NLD,7799.8,capital
BES,NOR,8229.2,capital
BES,NPL,14748.6,capital
BES,NRU,13794.7,capital
BES,NZL,13138.4,capital
BES,OMN,12987.8,capital
BES,PAK,13475.3,capital
BES,PAN,1278.9,capital
BES,PCN,7872.9,capital
BES,PER,2858.7,capital
BES,PHL,16870.6,capital
BES,PLW,16671.7,capital
BES,PNG,16138.0,capital
BES,POL,8893.9,capital
BES,PRI,739.5,capital
BES,PRK,14140.8,capital
BES,PRT,6500.1,capital
BES,PRY,4318.9,capital
BES,PSE,10531.3,capital
BES,PYF,9512.9,capital
BES,QAT,12281.3,capital
BES,REU,13965.4,capital
BES,ROU,9407.0,capital
BES,RUS,9858.5,capital
BES,RWA,10958.0,capital
BES,SAU,11864.2,capital
BES,SDN,10774.1,capital
BES,SEN,5493.1,capital
BES,SGP,18285.6,capital
BES,SGS,7973.3,centroid
BES,SHN,7554.2,capital
BES,SJM,8547.3,capital
BES,SLB,14746.2,capital
BES,SLE,6024.7,capital
BES,SLV,2273.1,capital
BES,SMR,8332.6,centroid
BES,SOM,12517.2,capital
BES,SPM,4014.0,capital
BES,SRB,8960.1,capital
BES,SSD,10959.2,capital
BES,STP,8369.3,capital
BES,SUR,1598.6,capital
BES,SVK,8663.6,capital
BES,SVN,8483.8,capital
BES,SWE,8640.7,capital
BES,SWZ,11536.8,capital
BES,SXM,860.7,capital
BES,SYC,13778.3,capital
BES,SYR,10573.3,capital
BES,TCA,1079.5,capital
BES,TCD,9012.9,capital
BES,TGO,7640.4,capital
BES,THA,16879.9,capital
BES,TJK,12829.2,capital
BES,TKL,11697.5,centroid
BES,TKM,12155.0,capital
BES,TLS,18449.8,capital
BES,TON,12193.9,centroid
BES,TTO,753.7,capital
BES,TUN,8179.2,capital
BES,TUR,10068.4,capital
BES,TUV,12641.7,capital
BES,TWN,15744.2,capital
BES,TZA,11669.2,capital
BES,UGA,11179.0,capital
BES,UKR,9579.2,capital
BES,UMI,13059.8,centroid
BES,UNK,9049.8,capital
BES,URY,5384.9,capital
BES,USA,4045.5,centroid
BES,UZB,12648.9,capital
BES,VAT,8345.7,capital
BES,VCT,771.8,capital
BES,VEN,238.8,capital
BES,VGB,799.9,capital
BES,VIR,775.9,capital
BES,VNM,16270.5,capital
BES,VUT,14055.1,centroid
BES,WLF,12223.9,capital
BES,WSM,11762.0,capital
BES,YEM,12377.2,centroid
BES,ZAF,11228.1,capital
BES,ZMB,11053.8,capital
BES,ZWE,11389.1,capital
BFA,BGD,9651.8,capital
BFA,BGR,4135.7,capital
BFA,BHR,5643.5,capital
BFA,BHS,8015.3,capital
BFA,BIH,3984.0,capital
BFA,BLM,6583.3,capital
BFA,BLR,5279.0,capital
BFA,BLZ,9314.3,capital
BFA,BMU,6773.7,capital
BFA,BOL,7804.9,capital
BFA,BRA,5986.7,capital
BFA,BRB,6285.9,capital
BFA,BRN,12738.2,capital
BFA,BTN,9491.0,capital
BFA,BVT,7442.3,centroid
BFA,BWA,5080.6,capital
BFA,CAF,2380.5,capital
BFA,CAN,7799.8,capital
BFA,CCK,11185.7,capital
BFA,CHE,3936.2,capital
BFA,CHL,8903.2,capital
BFA,CHN,11378.9,capital
BFA,CIV,740.6,capital
BFA,CMR,1718.4,capital
BFA,COD,2629.1,capital
BFA,COG,2621.9,capital
BFA,COK,17502.5,capital
BFA,COL,8004.7,capital
BFA,COM,5621.0,capital
BFA,CPV,2390.9,capital
BFA,CRI,9064.0,capital
BFA,CUB,8548.7,capital
BFA,CUW,7297.1,capital
BFA,CXR,12103.1,capital
BFA,CYM,8507.0,capital
BFA,CYP,4324.8,capital
BFA,CZE,4439.9,capital
BFA,DEU,4660.5,capital
BFA,DJI,4855.0,capital
BFA,DMA,6451.1,capital
BFA,DNK,4968.1,capital
BFA,DOM,7319.3,capital
BFA,DZA,2748.5,capital
BFA,ECU,8600.8,capital
BFA,EGY,3904.3,capital
BFA,ERI,4375.2,capital
BFA,ESH,1809.9,centroid
BFA,ESP,3126.3,capital
BFA,EST,5667.6,capital
BFA,ETH,4412.9,capital
BFA,FIN,5741.0,capital
BFA,FJI,19373.3,capital
BFA,FLK,8934.1,capital
BFA,FRA,4073.0,capital
BFA,FRO,5536.2,capital
BFA,FSM,16910.5,capital
BFA,GAB,1800.3,capital
BFA,GBR,4354.3,capital
BFA,GEO,5535.1,capital
BFA,GGY,4126.6,centroid
BFA,GHA,771.3,capital
BFA,GIB,2671.6,capital
BFA,GIN,1362.2,capital
BFA,GLP,6481.0,capital
BFA,GMB,1634.8,capital
BFA,GNB,1529.8,capital
BFA,GNQ,1484.5,capital
BFA,GRC,3791.7,capital
BFA,GRD,6519.4,centroid
BFA,GRL,6925.3,capital
BFA,GTM,9555.1,capital
BFA,GUF,5636.6,capital
BFA,GUM,15317.1,capital
BFA,GUY,6228.5,capital
BFA,HKG,12023.5,centroid
BFA,HMD,10071.8,centroid
BFA,HND,9218.1,capital
BFA,HRV,4069.6,capital
BFA,HTI,7575.1,capital
BFA,HUN,4350.9,capital
BFA,IDN,12145.8,capital
BFA,IMN,4653.4,capital
BFA,IND,8266.6,capital
BFA,IOT,8324.6,centroid
BFA,IRL,4574.5,capital
BFA,IRN,5885.0,capital
BFA,IRQ,5197.9,capital
BFA,ISL,5969.7,capital
BFA,ISR,4326.4,capital
BFA,ITA,3554.1,capital
BFA,JAM,8049.4,capital
BFA,JEY,4094.8,capital
BFA,JOR,4398.1,capital
BFA,JPN,13296.2,capital
BFA,KAZ,7756.1,capital
BFA,KEN,4497.1,capital
BFA,KGZ,7949.9,capital
BFA,KHM,11473.5,capital
BFA,KIR,18368.0,centroid
BFA,KNA,6574.9,capital
BFA,KOR,12296.2,capital
BFA,KWT,5433.9,capital
BFA,LAO,11036.7,capital
BFA,LBN,4441.6,capital
BFA,LBR,1219.3,capital
BFA,LBY,2729.6,capital
BFA,LCA,6424.4,capital
BFA,LIE,4002.6,capital
BFA,LKA,8911.8,capital
BFA,LSO,5583.5,capital
BFA,LTU,5255.3,capital
BFA,LUX,4200.6,capital
BFA,LVA,5416.9,capital
BFA,MAC,11966.8,centroid
BFA,MAF,6606.6,capital
BFA,MAR,2466.2,capital
BFA,MCO,3592.3,capital
BFA,MDA,4783.1,capital
BFA,MDG,6403.7,capital
BFA,MDV,8285.4,capital
BFA,MEX,10329.4,capital
BFA,MHL,17714.3,capital
BFA,MKD,3973.9,capital
BFA,MLI,699.8,capital
BFA,MLT,3072.0,capital
BFA,MMR,10452.5,centroid
BFA,MNE,3900.2,capital
BFA,MNG,10313.2,capital
BFA,MNP,15285.7,capital
BFA,MOZ,5638.3,capital
BFA,MRT,1674.2,capital
BFA,MSR,6525.7,capital
BFA,MTQ,6424.9,capital
BFA,MUS,7399.7,capital
BFA,MWI,4870.5,capital
BFA,MYS,11364.1,capital
BFA,MYT,5866.5,capital
BFA,NAM,4381.4,capital
BFA,NCL,18331.2,capital
BFA,NER,415.0,capital
BFA,NFK,17864.8,capital
BFA,NGA,1052.6,capital
BFA,NIC,9158.0,capital
BFA,NIU,18567.3,capital
BFA,NLD,4485.7,capital
BFA,NOR,5383.1,capital
BFA,NPL,9067.6,capital
BFA,NRU,18185.9,capital
BFA,NZL,16779.2,capital
BFA,OMN,6418.0,capital
BFA,PAK,7831.5,capital
BFA,PAN,8500.8,capital
BFA,PCN,14451.7,capital
BFA,PER,8759.8,capital
BFA,PHL,13010.6,capital
BFA,PLW,14689.8,capital
BFA,PNG,16583.0,capital
BFA,POL,4869.6,capital
BFA,PRI,6921.6,capital
BFA,PRK,12115.1,capital
BFA,PRT,3026.1,capital
BFA,PRY,7379.1,capital
BFA,PSE,4330.7,capital
BFA,PYF,16537.7,capital
BFA,QAT,5729.1,capital
BFA,REU,7239.5,capital
BFA,ROU,4430.1,capital
BFA,RUS,5881.4,capital
BFA,RWA,3834.7,capital
BFA,SAU,5240.4,capital
BFA,SDN,3689.4,capital
BFA,SEN,1739.0,capital
BFA,SGP,11645.3,capital
BFA,SGS,8148.7,centroid
BFA,SHN,3179.3,capital
BFA,SJM,7385.0,capital
BFA,SLB,17967.8,capital
BFA,SLE,1350.1,capital
BFA,SLV,9436.3,capital
BFA,SMR,3738.3,centroid
BFA,SOM,5287.8,capital
BFA,SPM,6349.5,capital
BFA,SRB,4168.2,capital
BFA,SSD,3731.6,capital
BFA,STP,1618.5,capital
BFA,SUR,5923.3,capital
BFA,SVK,4337.5,capital
BFA,SVN,4038.8,capital
BFA,SWE,5469.4,capital
BFA,SWZ,5581.9,capital
BFA,SXM,6603.0,capital
BFA,SYC,6574.3,capital
BFA,SYR,4492.2,capital
BFA,TCA,7419.7,capital
BFA,TCD,1801.5,capital
BFA,TGO,756.5,capital
BFA,THA,10947.0,capital
BFA,TJK,7449.5,capital
BFA,TKL,18908.4,centroid
BFA,TKM,6540.0,capital
BFA,TLS,14224.6,capital
BFA,TON,18916.7,centroid
BFA,TTO,6524.9,capital
BFA,TUN,2959.2,capital
BFA,TUR,4549.9,capital
BFA,TUV,19580.6,capital
BFA,TWN,12574.1,capital
BFA,TZA,4606.8,capital
BFA,UGA,3993.8,capital
BFA,UKR,5136.5,capital
BFA,UMI,16263.0,centroid
BFA,UNK,4017.3,capital
BFA,URY,7791.2,capital
BFA,USA,9634.5,centroid
BFA,UZB,7501.4,capital
BFA,VAT,3553.1,capital
BFA,VCT,6458.3,capital
BFA,VEN,7107.4,capital
BFA,VGB,6765.8,capital
BFA,VIR,6799.1,capital
BFA,VNM,11260.8,capital
BFA,VUT,18714.9,centroid
BFA,WLF,19425.2,capital
BFA,WSM,18944.9,capital
BFA,YEM,5349.0,centroid
BFA,ZAF,5320.7,capital
BFA,ZMB,4506.3,capital
BFA,ZWE,4905.4,capital
BGD,BGR,6413.3,capital
BGD,BHR,4008.4,capital
BGD,BHS,14434.0,capital
BGD,BIH,6803.0,capital
BGD,BLM,14553.6,capital
BGD,BLR,6134.6,capital
BGD,BLZ,15459.2,capital
BGD,BMU,13253.2,capital
BGD,BOL,17446.2,capital
BGD,BRA,15582.6,capital
BGD,BRB,14782.8,capital
BGD,BRN,3359.3,capital
BGD,BTN,424.6,capital
BGD,BVT,11944.0,centroid
BGD,BWA,8786.3,capital
BGD,CAF,7966.4,capital
BGD,CAN,12201.4,capital
BGD,CCK,4048.8,capital
BGD,CHE,7589.8,capital
BGD,CHL,17876.5,capital
BGD,CHN,3026.4,capital
BGD,CIV,10277.0,capital
BGD,CMR,8704.3,capital
BGD,COD,8695.4,capital
BGD,COG,8695.5,capital
BGD,COK,12873.6,capital
BGD,COL,16445.1,capital
BGD,COM,6462.6,capital
BGD,CPV,11650.9,capital
BGD,CRI,16130.5,capital
BGD,CUB,14748.4,capital
BGD,CUW,15438.6,capital
BGD,CXR,4142.6,capital
BGD,CYM,15151.7,capital
BGD,CYP,5593.9,capital
BGD,CZE,7028.9,capital
BGD,DEU,7073.2,capital
BGD,DJI,5160.8,capital
BGD,DMA,14703.7,capital
BGD,DNK,7099.1,capital
BGD,DOM,14860.6,capital
BGD,DZA,8233.9,capital
BGD,ECU,17144.0,capital
BGD,EGY,5846.3,capital
BGD,ERI,5446.3,capital
BGD,ESH,10176.0,centroid
BGD,ESP,8654.7,capital
BGD,EST,6387.1,capital
BGD,ETH,5714.4,capital
BGD,FIN,6389.1,capital
BGD,FJI,10614.2,capital
BGD,FLK,15896.6,capital
BGD,FRA,7910.7,capital
BGD,FRO,8057.1,capital
BGD,FSM,7437.2,capital
BGD,GAB,9069.5,capital
BGD,GBR,8003.3,capital
BGD,GEO,4642.5,capital
BGD,GGY,8235.5,centroid
BGD,GHA,9820.7,capital
BGD,GIB,8964.6,capital
BGD,GIN,10986.8,capital
BGD,GLP,14662.0,capital
BGD,GMB,11073.8,capital
BGD,GNB,11059.6,capital
BGD,GNQ,8987.7,capital
BGD,GRC,6424.9,capital
BGD,GRD,15006.3,centroid
BGD,GRL,9706.6,capital
BGD,GTM,15749.5,capital
BGD,GUF,14871.5,capital
BGD,GUM,5805.6,capital
BGD,GUY,15202.9,capital
BGD,HKG,2436.8,centroid
BGD,HMD,8714.3,centroid
BGD,HND,15804.8,capital
BGD,HRV,6964.8,capital
BGD,HTI,14957.5,capital
BGD,HUN,6715.0,capital
BGD,IDN,3775.6,capital
BGD,IMN,8198.0,capital
BGD,IND,1424.2,capital
BGD,IOT,3889.0,centroid
BGD,IRL,8337.3,capital
BGD,IRN,3963.9,capital
BGD,IRQ,4582.4,capital
BGD,ISL,8658.0,capital
BGD,ISR,5448.5,capital
BGD,ITA,7306.2,capital
BGD,JAM,15173.9,capital
BGD,JEY,8212.0,capital
BGD,JOR,5378.2,capital
BGD,JPN,4889.6,capital
BGD,KAZ,3460.1,capital
BGD,KEN,6416.3,capital
BGD,KGZ,2578.7,capital
BGD,KHM,2043.4,capital
BGD,KIR,9190.2,centroid
BGD,KNA,14602.2,capital
BGD,KOR,3792.2,capital
BGD,KWT,4244.9,capital
BGD,LAO,1418.0,capital
BGD,LBN,5405.2,capital
BGD,LBR,10855.5,capital
BGD,LBY,7466.0,capital
BGD,LCA,14796.4,capital
BGD,LIE,7431.5,capital
BGD,LKA,2179.4,capital
BGD,LSO,8941.9,capital
BGD,LTU,6291.8,capital
BGD,LUX,7624.0,capital
BGD,LVA,6390.3,capital
BGD,MAC,2373.5,centroid
BGD,MAF,14550.9,capital
BGD,MAR,9181.5,capital
BGD,MCO,7669.6,capital
BGD,MDA,5974.6,capital
BGD,MDG,6638.9,capital
BGD,MDV,2829.2,capital
BGD,MEX,15108.1,capital
BGD,MHL,8775.4,capital
BGD,MKD,6574.4,capital
BGD,MLI,10278.2,capital
BGD,MLT,7270.2,capital
BGD,MMR,800.8,centroid
BGD,MNE,6747.0,capital
BGD,MNG,3058.9,capital
BGD,MNP,5844.8,capital
BGD,MOZ,8316.7,capital
BGD,MRT,10778.4,capital
BGD,MSR,14626.4,capital
BGD,MTQ,14746.6,capital
BGD,MUS,6042.3,capital
BGD,MWI,7442.7,capital
BGD,MYS,2588.5,capital
BGD,MYT,6370.0,capital
BGD,NAM,9443.9,capital
BGD,NCL,9676.3,capital
BGD,NER,9238.5,capital
BGD,NFK,10153.2,capital
BGD,NGA,8887.7,capital
BGD,NIC,16013.0,capital
BGD,NIU,11793.6,capital
BGD,NLD,7646.5,capital
BGD,NOR,7173.5,capital
BGD,NPL,675.6,capital
BGD,NRU,8662.3,capital
BGD,NZL,11276.1,capital
BGD,OMN,3252.5,capital
BGD,PAK,2021.8,capital
BGD,PAN,16217.4,capital
BGD,PCN,15925.2,capital
BGD,PER,18159.7,capital
BGD,PHL,3358.9,capital
BGD,PLW,5039.9,capital
BGD,PNG,7182.5,capital
BGD,POL,6559.2,capital
BGD,PRI,14677.7,capital
BGD,PRK,3731.2,capital
BGD,PRT,9157.9,capital
BGD,PRY,16785.5,capital
BGD,PSE,5448.4,capital
BGD,PYF,13778.9,capital
BGD,QAT,3923.9,capital
BGD,REU,6237.8,capital
BGD,ROU,6182.0,capital
BGD,RUS,5549.7,capital
BGD,RWA,7111.9,capital
BGD,SAU,4413.1,capital
BGD,SDN,6090.1,capital
BGD,SEN,11092.7,capital
BGD,SGP,2883.3,capital
BGD,SGS,14518.5,centroid
BGD,SHN,11318.3,capital
BGD,SJM,7085.3,capital
BGD,SLB,8399.2,capital
BGD,SLE,10994.2,capital
BGD,SLV,15856.2,capital
BGD,SMR,7276.0,centroid
BGD,SOM,5410.2,capital
BGD,SPM,11488.3,capital
BGD,SRB,6626.3,capital
BGD,SSD,6625.5,capital
BGD,STP,9348.9,capital
BGD,SUR,15039.0,capital
BGD,SVK,6853.7,capital
BGD,SVN,7074.5,capital
BGD,SWE,6762.8,capital
BGD,SWZ,8460.9,capital
BGD,SXM,14552.7,capital
BGD,SYC,4926.6,capital
BGD,SYR,5334.5,capital
BGD,TCA,14609.9,capital
BGD,TCD,7995.7,capital
BGD,TGO,9651.4,capital
BGD,THA,1533.4,capital
BGD,TJK,2625.4,capital
BGD,TKL,11176.1,centroid
BGD,TKM,3419.2,capital
BGD,TLS,5240.9,capital
BGD,TON,11332.2,centroid
BGD,TTO,15123.8,capital
BGD,TUN,7625.7,capital
BGD,TUR,5626.0,capital
BGD,TUV,10265.2,capital
BGD,TWN,3148.3,capital
BGD,TZA,6794.6,capital
BGD,UGA,6746.7,capital
BGD,UKR,5887.3,capital
BGD,UMI,7806.5,centroid
BGD,UNK,6589.3,capital
BGD,URY,16565.2,capital
BGD,USA,13109.7,centroid
BGD,UZB,2771.0,capital
BGD,VAT,7310.6,capital
BGD,VCT,14885.5,capital
BGD,VEN,15481.1,capital
BGD,VGB,14602.7,capital
BGD,VIR,14627.6,capital
BGD,VNM,1614.0,capital
BGD,VUT,9412.6,centroid
BGD,WLF,10937.9,capital
BGD,WSM,11402.4,capital
BGD,YEM,4535.9,centroid
BGD,ZAF,8661.4,capital
BGD,ZMB,8026.7,capital
BGD,ZWE,7924.4,capital
BGR,BHR,3075.3,capital
BGR,BHS,8958.1,capital
BGR,BIH,422.0,capital
BGR,BLM,8364.5,capital
BGR,BLR,1284.0,capital
BGR,BLZ,10407.9,capital
BGR,BMU,7504.7,capital
BGR,BOL,11316.5,capital
BGR,BRA,9734.3,capital
BGR,BRB,8452.2,capital
BGR,BRN,9770.7,capital
BGR,BTN,6107.0,capital
BGR,BVT,10965.0,centroid
BGR,BWA,7493.9,capital
BGR,CAF,4288.8,capital
BGR,CAN,7371.7,capital
BGR,CCK,9617.0,capital
BGR,CHE,1335.5,capital
BGR,CHL,12743.3,capital
BGR,CHN,7352.2,capital
BGR,CIV,4875.2,capital
BGR,CMR,4473.1,capital
BGR,COD,5290.9,capital
BGR,COG,5284.6,capital
BGR,COK,17608.1,capital
BGR,COL,10262.0,capital
BGR,COM,6380.7,capital
BGR,CPV,5410.8,capital
BGR,CRI,10643.4,capital
BGR,CUB,9475.3,capital
BGR,CUW,9275.2,capital
BGR,CXR,10176.4,capital
BGR,CYM,9701.8,capital
BGR,CYP,1203.6,capital
BGR,CZE,1066.9,capital
BGR,DEU,1318.8,capital
BGR,DJI,3953.8,capital
BGR,DMA,8435.3,capital
BGR,DNK,1637.0,capital
BGR,DOM,8882.0,capital
BGR,DZA,1848.0,capital
BGR,ECU,10990.2,capital
BGR,EGY,1572.1,capital
BGR,ERI,3386.7,capital
BGR,ESH,3882.1,centroid
BGR,ESP,2253.3,capital
BGR,EST,1863.9,capital
BGR,ETH,4034.7,capital
BGR,FIN,1945.9,capital
BGR,FJI,16415.7,capital
BGR,FLK,13069.3,capital
BGR,FRA,1757.6,capital
BGR,FRO,2913.7,capital
BGR,FSM,12858.2,capital
BGR,GAB,4903.6,capital
BGR,GBR,2014.6,capital
BGR,GEO,1770.7,capital
BGR,GGY,2122.3,centroid
BGR,GHA,4734.3,capital
BGR,GIB,2554.8,capital
BGR,GIN,5145.6,capital
BGR,GLP,8412.4,capital
BGR,GMB,5012.9,capital
BGR,GNB,5076.5,capital
BGR,GNQ,4563.1,capital
BGR,GRC,525.3,capital
BGR,GRD,8691.6,centroid
BGR,GRL,5129.3,capital
BGR,GTM,10748.1,capital
BGR,GUF,8465.1,capital
BGR,GUM,11385.5,capital
BGR,GUY,8799.6,capital
BGR,HKG,8419.4,centroid
BGR,HMD,11643.1,centroid
BGR,HND,10549.8,capital
BGR,HRV,679.6,capital
BGR,HTI,9068.2,capital
BGR,HUN,630.7,capital
BGR,IDN,9950.0,capital
BGR,IMN,2391.3,capital
BGR,IND,5022.4,capital
BGR,IOT,7270.4,centroid
BGR,IRL,2472.3,capital
BGR,IRN,2529.8,capital
BGR,IRQ,2110.7,capital
BGR,ISL,3700.1,capital
BGR,ISR,1604.5,capital
BGR,ITA,893.2,capital
BGR,JAM,9454.3,capital
BGR,JEY,2082.5,capital
BGR,JOR,1631.0,capital
BGR,JPN,9173.7,capital
BGR,KAZ,3701.8,capital
BGR,KEN,5073.8,capital
BGR,KGZ,4116.8,capital
BGR,KHM,8455.5,capital
BGR,KIR,14247.3,centroid
BGR,KNA,8398.0,capital
BGR,KOR,8226.6,capital
BGR,KWT,2650.7,capital
BGR,LAO,7802.3,capital
BGR,LBN,1442.1,capital
BGR,LBR,5250.7,capital
BGR,LBY,1406.1,capital
BGR,LCA,8499.8,capital
BGR,LIE,1191.7,capital
BGR,LKA,6786.6,capital
BGR,LSO,8018.9,capital
BGR,LTU,1341.0,capital
BGR,LUX,1525.9,capital
BGR,LVA,1585.3,capital
BGR,MAC,8376.8,centroid
BGR,MAF,8370.7,capital
BGR,MAR,2783.3,capital
BGR,MCO,1291.8,capital
BGR,MDA,647.9,capital
BGR,MDG,7286.1,capital
BGR,MDV,6533.1,capital
BGR,MEX,10943.2,capital
BGR,MHL,13605.4,capital
BGR,MKD,174.0,capital
BGR,MLI,4498.8,capital
BGR,MLT,1069.3,capital
BGR,MMR,7146.6,centroid
BGR,MNE,333.7,capital
BGR,MNG,6232.4,capital
BGR,MNP,11305.9,capital
BGR,MOZ,7693.8,capital
BGR,MRT,4593.7,capital
BGR,MSR,8399.7,capital
BGR,MTQ,8460.8,capital
BGR,MUS,7817.3,capital
BGR,MWI,6390.8,capital
BGR,MYS,8820.8,capital
BGR,MYT,6561.1,capital
BGR,NAM,7284.4,capital
BGR,NCL,15926.8,capital
BGR,NER,3830.5,capital
BGR,NFK,16520.3,capital
BGR,NGA,4046.2,capital
BGR,NIC,10634.2,capital
BGR,NIU,17106.4,capital
BGR,NLD,1744.4,capital
BGR,NOR,2096.2,capital
BGR,NPL,5740.8,capital
BGR,NRU,14091.8,capital
BGR,NZL,17661.7,capital
BGR,OMN,3854.5,capital
BGR,PAK,4391.6,capital
BGR,PAN,10360.4,capital
BGR,PCN,16898.2,capital
BGR,PER,11753.7,capital
BGR,PHL,9521.5,capital
BGR,PLW,11135.7,capital
BGR,PNG,13455.8,capital
BGR,POL,1073.9,capital
BGR,PRI,8583.1,capital
BGR,PRK,8038.4,capital
BGR,PRT,2755.1,capital
BGR,PRY,11195.4,capital
BGR,PSE,1592.3,capital
BGR,PYF,17137.5,capital
BGR,QAT,3216.2,capital
BGR,REU,7798.6,capital
BGR,ROU,295.7,capital
BGR,RUS,1777.0,capital
BGR,RWA,5010.4,capital
BGR,SAU,2930.1,capital
BGR,SDN,3143.5,capital
BGR,SEN,4973.9,capital
BGR,SGP,9137.1,capital
BGR,SGS,12223.0,centroid
BGR,SHN,7162.9,capital
BGR,SJM,3965.0,capital
BGR,SLB,14416.8,capital
BGR,SLE,5209.1,capital
BGR,SLV,10728.4,capital
BGR,SMR,891.0,centroid
BGR,SOM,5022.6,capital
BGR,SPM,6019.6,capital
BGR,SRB,328.0,capital
BGR,SSD,4286.5,capital
BGR,STP,4992.9,capital
BGR,SUR,8625.8,capital
BGR,SVK,775.9,capital
BGR,SVN,793.3,capital
BGR,SWE,1884.1,capital
BGR,SWZ,7733.0,capital
BGR,SXM,8370.8,capital
BGR,SYC,6176.5,capital
BGR,SYR,1523.5,capital
BGR,TCA,8758.2,capital
BGR,TCD,3494.2,capital
BGR,TGO,4609.9,capital
BGR,THA,7934.6,capital
BGR,TJK,3818.0,capital
BGR,TKL,15981.3,centroid
BGR,TKM,2996.5,capital
BGR,TLS,11651.1,capital
BGR,TON,16964.5,centroid
BGR,TTO,8786.8,capital
BGR,TUN,1298.7,capital
BGR,TUR,853.2,capital
BGR,TUV,15545.4,capital
BGR,TWN,8775.6,capital
BGR,TZA,5577.2,capital
BGR,UGA,4802.4,capital
BGR,UKR,1022.1,capital
BGR,UMI,12164.2,centroid
BGR,UNK,176.3,capital
BGR,URY,11804.4,capital
BGR,USA,9208.5,centroid
BGR,UZB,3749.6,capital
BGR,VAT,897.7,capital
BGR,VCT,8579.4,capital
BGR,VEN,9235.6,capital
BGR,VGB,8467.7,capital
BGR,VIR,8498.6,capital
BGR,VNM,7847.2,capital
BGR,VUT,15469.7,centroid
BGR,WLF,16246.1,capital
BGR,WSM,16494.4,capital
BGR,YEM,3875.8,centroid
BGR,ZAF,7626.8,capital
BGR,ZMB,6480.8,capital
BGR,ZWE,6776.5,capital
BHR,BHS,12031.2,capital
BHR,BIH,3493.3,capital
BHR,BLM,11314.5,capital
BHR,BLR,3612.2,capital
BHR,BLZ,13483.2,capital
BHR,BMU,10573.8,capital
BHR,BOL,13445.7,capital
BHR,BRA,11604.2,capital
BHR,BRB,11300.4,capital
BHR,BRN,7214.4,capital
BHR,BTN,3861.2,capital
BHR,BVT,10038.7,centroid
BHR,BWA,6247.9,capital
BHR,CAF,4185.1,capital
BHR,CAN,10376.8,capital
BHR,CCK,6572.0,capital
BHR,CHE,4410.5,capital
BHR,CHL,14363.8,capital
BHR,CHN,6178.5,capital
BHR,CIV,6279.5,capital
BHR,CMR,4843.5,capital
BHR,COD,5094.8,capital
BHR,COG,5092.6,capital
BHR,COK,16881.7,capital
BHR,COL,13147.1,capital
BHR,COM,4291.5,capital
BHR,CPV,7720.2,capital
BHR,CRI,13691.7,capital
BHR,CUB,12550.5,capital
BHR,CUW,12208.9,capital
BHR,CXR,7211.5,capital
BHR,CYM,12770.0,capital
BHR,CYP,1920.1,capital
BHR,CZE,4060.9,capital
BHR,DEU,4250.2,capital
BHR,DJI,1804.9,capital
BHR,DMA,11336.8,capital
BHR,DNK,4473.3,capital
BHR,DOM,11892.2,capital
BHR,DZA,4604.2,capital
BHR,ECU,13853.3,capital
BHR,EGY,1940.6,capital
BHR,ERI,1710.9,capital
BHR,ESH,6324.7,centroid
BHR,ESP,5198.4,capital
BHR,EST,4193.4,capital
BHR,ETH,2284.1,capital
BHR,FIN,4250.0,capital
BHR,FJI,14604.3,capital
BHR,FLK,13511.7,capital
BHR,FRA,4831.8,capital
BHR,FRO,5768.6,capital
BHR,FSM,11392.1,capital
BHR,GAB,5255.2,capital
BHR,GBR,5072.4,capital
BHR,GEO,1798.3,capital
BHR,GGY,5196.8,centroid
BHR,GHA,5849.5,capital
BHR,GIB,5360.8,capital
BHR,GIN,6981.0,capital
BHR,GLP,11327.2,capital
BHR,GMB,7095.0,capital
BHR,GNB,7066.9,capital
BHR,GNQ,5101.3,capital
BHR,GRC,2832.9,capital
BHR,GRD,11547.5,centroid
BHR,GRL,7968.8,capital
BHR,GTM,13823.1,capital
BHR,GUF,11042.8,capital
BHR,GUM,9754.8,capital
BHR,GUY,11511.1,capital
BHR,HKG,6399.4,centroid
BHR,HMD,9072.7,centroid
BHR,HND,13618.8,capital
BHR,HRV,3752.4,capital
BHR,HTI,12094.3,capital
BHR,HUN,3626.5,capital
BHR,IDN,7051.8,capital
BHR,IMN,5423.4,capital
BHR,IND,2636.3,capital
BHR,IOT,4234.2,centroid
BHR,IRL,5520.1,capital
BHR,IRN,1055.6,capital
BHR,IRQ,990.3,capital
BHR,ISL,6557.3,capital
BHR,ISR,1614.7,capital
BHR,ITA,3873.8,capital
BHR,JAM,12500.5,capital
BHR,JEY,5157.4,capital
BHR,JOR,1556.7,capital
BHR,JPN,8271.1,capital
BHR,KAZ,3287.4,capital
BHR,KEN,3397.5,capital
BHR,KGZ,2855.1,capital
BHR,KHM,5899.5,capital
BHR,KIR,13123.2,centroid
BHR,KNA,11339.4,capital
BHR,KOR,7128.1,capital
BHR,KWT,433.3,capital
BHR,LAO,5402.5,capital
BHR,LBN,1680.6,capital
BHR,LBR,6850.1,capital
BHR,LBY,3672.6,capital
BHR,LCA,11377.8,capital
BHR,LIE,4266.7,capital
BHR,LKA,3767.3,capital
BHR,LSO,6649.3,capital
BHR,LTU,3776.7,capital
BHR,LUX,4589.7,capital
BHR,LVA,4010.1,capital
BHR,MAC,6340.3,centroid
BHR,MAF,11324.8,capital
BHR,MAR,5519.4,capital
BHR,MCO,4325.1,capital
BHR,MDA,2995.5,capital
BHR,MDG,5030.3,capital
BHR,MDV,3459.2,capital
BHR,MEX,13976.9,capital
BHR,MHL,12637.6,capital
BHR,MKD,3181.2,capital
BHR,MLI,6273.8,capital
BHR,MLT,3577.0,capital
BHR,MMR,4809.1,centroid
BHR,MNE,3364.8,capital
BHR,MNG,5401.6,capital
BHR,MNP,9765.5,capital
BHR,MOZ,6116.2,capital
BHR,MRT,6844.4,capital
BHR,MSR,11328.7,capital
BHR,MTQ,11348.8,capital
BHR,MUS,5212.0,capital
BHR,MWI,4824.6,capital
BHR,MYS,6013.3,capital
BHR,MYT,4376.3,capital
BHR,NAM,6514.4,capital
BHR,NCL,13563.6,capital
BHR,NER,5230.6,capital
BHR,NFK,13912.5,capital
BHR,NGA,4918.6,capital
BHR,NIC,13693.4,capital
BHR,NIU,15799.6,capital
BHR,NLD,4770.3,capital
BHR,NOR,4815.4,capital
BHR,NPL,3435.0,capital
BHR,NRU,12644.9,capital
BHR,NZL,14688.5,capital
BHR,OMN,841.7,capital
BHR,PAK,2312.0,capital
BHR,PAN,13355.8,capital
BHR,PCN,19868.7,capital
BHR,PER,14330.5,capital
BHR,PHL,7367.2,capital
BHR,PLW,9047.8,capital
BHR,PNG,11121.3,capital
BHR,POL,3801.5,capital
BHR,PRI,11566.1,capital
BHR,PRK,6986.0,capital
BHR,PRT,5672.1,capital
BHR,PRY,12928.2,capital
BHR,PSE,1620.5,capital
BHR,PYF,17725.9,capital
BHR,QAT,141.2,capital
BHR,REU,5264.6,capital
BHR,ROU,2983.1,capital
BHR,RUS,3445.7,capital
BHR,RWA,3831.3,capital
BHR,SAU,424.0,capital
BHR,SDN,2215.5,capital
BHR,SEN,7128.1,capital
BHR,SGP,6325.1,capital
BHR,SGS,12203.2,centroid
BHR,SHN,7679.7,capital
BHR,SJM,6044.3,capital
BHR,SLB,12393.8,capital
BHR,SLE,6986.3,capital
BHR,SLV,13800.8,capital
BHR,SMR,3937.6,centroid
BHR,SOM,2747.6,capital
BHR,SPM,9081.3,capital
BHR,SRB,3387.3,capital
BHR,SSD,3119.6,capital
BHR,STP,5504.2,capital
BHR,SUR,11271.4,capital
BHR,SVK,3787.8,capital
BHR,SVN,3867.6,capital
BHR,SWE,4448.5,capital
BHR,SWZ,6216.6,capital
BHR,SXM,11324.1,capital
BHR,SYC,3470.0,capital
BHR,SYR,1596.2,capital
BHR,TCA,11797.9,capital
BHR,TCD,4031.5,capital
BHR,TGO,5681.4,capital
BHR,THA,5363.0,capital
BHR,TJK,2181.7,capital
BHR,TKL,15142.0,centroid
BHR,TKM,1494.7,capital
BHR,TLS,8958.0,capital
BHR,TON,15325.3,centroid
BHR,TTO,11616.9,capital
BHR,TUN,3975.4,capital
BHR,TUR,2238.6,capital
BHR,TUV,14260.6,capital
BHR,TWN,7015.9,capital
BHR,TZA,3942.6,capital
BHR,UGA,3467.0,capital
BHR,UKR,3189.6,capital
BHR,UMI,11458.0,centroid
BHR,UNK,3232.2,capital
BHR,URY,13090.1,capital
BHR,USA,12114.1,centroid
BHR,UZB,2390.6,capital
BHR,VAT,3878.7,capital
BHR,VCT,11446.8,capital
BHR,VEN,12125.6,capital
BHR,VGB,11438.7,capital
BHR,VIR,11471.1,capital
BHR,VNM,5618.0,capital
BHR,VUT,13383.3,centroid
BHR,WLF,14944.2,capital
BHR,WSM,15404.5,capital
BHR,YEM,1277.0,centroid
BHR,ZAF,6258.5,capital
BHR,ZMB,5219.8,capital
BHR,ZWE,5334.0,capital
BHS,BIH,8538.6,capital
BHS,BLM,1696.3,capital
BHS,BLR,8692.9,capital
BHS,BLZ,1467.0,capital
BHS,BMU,1464.1,capital
BHS,BOL,5074.0,capital
BHS,BRA,5548.0,capital
BHS,BRB,2283.5,capital
BHS,BRN,16430.1,capital
BHS,BTN,14010.5,capital
BHS,BVT,11681.7,centroid
BHS,BWA,12390.7,capital
BHS,CAF,10393.9,capital
BHS,CAN,2267.9,capital
BHS,CCK,18455.0,capital
BHS,CHE,7622.7,capital
BHS,CHL,6545.0,capital
BHS,CHN,12652.1,capital
BHS,CIV,7883.4,capital
BHS,CMR,9710.9,capital
BHS,COD,10478.3,capital
BHS,COG,10472.4,capital
BHS,COK,10275.2,capital
BHS,COL,2300.3,capital
BHS,COM,13622.3,capital
BHS,CPV,5700.5,capital
BHS,CRI,1770.5,capital
BHS,CUB,554.5,capital
BHS,CUW,1690.8,capital
BHS,CXR,18356.6,capital
BHS,CYM,764.2,capital
BHS,CYP,10120.5,capital
BHS,CZE,8019.7,capital
BHS,DEU,7872.5,capital
BHS,DJI,12389.0,capital
BHS,DMA,1984.5,capital
BHS,DNK,7725.4,capital
BHS,DOM,1061.7,capital
BHS,DZA,7565.4,capital
BHS,ECU,2814.8,capital
BHS,EGY,10248.5,capital
BHS,ERI,11780.4,capital
BHS,ESH,6429.5,centroid
BHS,ESP,6898.5,capital
BHS,EST,8277.9,capital
BHS,ETH,12130.0,capital
BHS,FIN,8255.2,capital
BHS,FJI,12241.3,capital
BHS,FLK,8744.2,capital
BHS,FRA,7206.7,capital
BHS,FRO,6557.7,capital
BHS,FSM,13040.2,capital
BHS,GAB,9666.4,capital
BHS,GBR,6989.1,capital
BHS,GEO,10508.4,capital
BHS,GGY,6842.1,centroid
BHS,GHA,8453.0,capital
BHS,GIB,6847.0,capital
BHS,GIN,6915.7,capital
BHS,GLP,1910.0,capital
BHS,GMB,6457.6,capital
BHS,GNB,6622.0,capital
BHS,GNQ,9440.8,capital
BHS,GRC,9218.3,capital
BHS,GRD,2187.1,centroid
BHS,GRL,4728.6,capital
BHS,GTM,1797.5,capital
BHS,GUF,3481.6,capital
BHS,GUM,13756.2,capital
BHS,GUY,2877.8,capital
BHS,HKG,14607.6,centroid
BHS,HMD,16012.6,centroid
BHS,HND,1597.8,capital
BHS,HRV,8284.7,capital
BHS,HTI,889.5,capital
BHS,HUN,8435.8,capital
BHS,IDN,17872.8,capital
BHS,IMN,6674.2,capital
BHS,IND,13455.7,capital
BHS,IOT,16079.9,centroid
BHS,IRL,6560.7,capital
BHS,IRN,11378.4,capital
BHS,IRQ,11066.0,capital
BHS,ISL,5865.9,capital
BHS,ISR,10469.7,capital
BHS,ITA,8169.5,capital
BHS,JAM,787.2,capital
BHS,JEY,6880.0,capital
BHS,JOR,10515.9,capital
BHS,JPN,12219.3,capital
BHS,KAZ,11003.5,capital
BHS,KEN,12492.0,capital
BHS,KGZ,11933.3,capital
BHS,KHM,15935.7,capital
BHS,KIR,11909.8,centroid
BHS,KNA,1742.3,capital
BHS,KOR,12602.2,capital
BHS,KWT,11608.8,capital
BHS,LAO,15230.9,capital
BHS,LBN,10362.9,capital
BHS,LBR,7352.0,capital
BHS,LBY,8575.2,capital
BHS,LCA,2104.7,capital
BHS,LIE,7769.1,capital
BHS,LKA,15685.0,capital
BHS,LSO,12695.5,capital
BHS,LTU,8521.2,capital
BHS,LUX,7460.1,capital
BHS,LVA,8352.2,capital
BHS,MAC,14633.9,centroid
BHS,MAF,1665.3,capital
BHS,MAR,6763.7,capital
BHS,MCO,7712.2,capital
BHS,MDA,9129.1,capital
BHS,MDG,14327.9,capital
BHS,MDV,15490.4,capital
BHS,MEX,2324.6,capital
BHS,MHL,11775.3,capital
BHS,MKD,8850.0,capital
BHS,MLI,7358.2,capital
BHS,MLT,8564.6,capital
BHS,MMR,14758.4,centroid
BHS,MNE,8666.7,capital
BHS,MNG,11890.6,capital
BHS,MNP,13545.0,capital
BHS,MOZ,13074.4,capital
BHS,MRT,6341.7,capital
BHS,MSR,1823.5,capital
BHS,MTQ,2057.6,capital
BHS,MUS,15368.5,capital
BHS,MWI,12762.9,capital
BHS,MYS,16877.7,capital
BHS,MYT,13866.2,capital
BHS,NAM,11466.8,capital
BHS,NCL,13572.0,capital
BHS,NER,8330.5,capital
BHS,NFK,13615.1,capital
BHS,NGA,9066.5,capital
BHS,NIC,1715.1,capital
BHS,NIU,11139.6,capital
BHS,NLD,7314.7,capital
BHS,NOR,7513.0,capital
BHS,NPL,13861.7,capital
BHS,NRU,12610.9,capital
BHS,NZL,13258.9,capital
BHS,OMN,12805.8,capital
BHS,PAK,12768.4,capital
BHS,PAN,1801.1,capital
BHS,PCN,7951.5,capital
BHS,PER,4125.6,capital
BHS,PHL,15178.0,capital
BHS,PLW,15007.1,capital
BHS,PNG,15011.3,capital
BHS,POL,8370.2,capital
BHS,PRI,1371.6,capital
BHS,PRK,12494.5,capital
BHS,PRT,6467.5,capital
BHS,PRY,5985.1,capital
BHS,PSE,10460.8,capital
BHS,PYF,9137.8,capital
BHS,QAT,12171.5,capital
BHS,REU,15183.5,capital
BHS,ROU,9073.7,capital
BHS,RUS,9145.1,capital
BHS,RWA,11850.0,capital
BHS,SAU,11843.0,capital
BHS,SDN,11181.0,capital
BHS,SEN,6321.0,capital
BHS,SGP,17082.5,capital
BHS,SGS,9649.7,centroid
BHS,SHN,8994.1,capital
BHS,SJM,7351.1,capital
BHS,SLB,13735.2,capital
BHS,SLE,7006.9,capital
BHS,SLV,1770.4,capital
BHS,SMR,8094.9,centroid
BHS,SOM,13152.6,capital
BHS,SPM,3056.0,capital
BHS,SRB,8652.2,capital
BHS,SSD,11663.1,capital
BHS,STP,9394.8,capital
BHS,SUR,3183.1,capital
BHS,SVK,8275.1,capital
BHS,SVN,8168.6,capital
BHS,SWE,7927.5,capital
BHS,SWZ,12957.5,capital
BHS,SXM,1671.1,capital
BHS,SYC,14495.3,capital
BHS,SYR,10447.3,capital
BHS,TCA,749.0,capital
BHS,TCD,9676.5,capital
BHS,TGO,8569.6,capital
BHS,THA,15693.0,capital
BHS,TJK,12112.6,capital
BHS,TKL,10895.3,centroid
BHS,TKM,11624.0,capital
BHS,TLS,16972.5,capital
BHS,TON,11671.9,centroid
BHS,TTO,2311.8,capital
BHS,TUN,8164.0,capital
BHS,TUR,9804.1,capital
BHS,TUV,11758.3,capital
BHS,TWN,14085.0,capital
BHS,TZA,12619.8,capital
BHS,UGA,11991.4,capital
BHS,UKR,9050.6,capital
BHS,UMI,11519.7,centroid
BHS,UNK,8799.3,capital
BHS,URY,7030.1,capital
BHS,USA,2345.4,centroid
BHS,UZB,11874.5,capital
BHS,VAT,8164.6,capital
BHS,VCT,2145.4,capital
BHS,VEN,1960.5,capital
BHS,VGB,1505.5,capital
BHS,VIR,1482.8,capital
BHS,VNM,14879.4,capital
BHS,VUT,13297.7,centroid
BHS,WLF,11503.5,capital
BHS,WSM,11090.2,capital
BHS,YEM,12605.3,centroid
BHS,ZAF,12646.4,capital
BHS,ZMB,12270.8,capital
BHS,ZWE,12642.0,capital
BIH,BLM,7947.1,capital
BIH,BLR,1302.5,capital
BIH,BLZ,9990.2,capital
BIH,BMU,7084.0,capital
BIH,BOL,10967.8,capital
BIH,BRA,9428.8,capital
BIH,BRB,8043.5,capital
BIH,BRN,10156.2,capital
BIH,BTN,6487.5,capital
BIH,BVT,11020.0,centroid
BIH,BWA,7656.1,capital
BIH,CAF,4390.8,capital
BIH,CAN,6979.7,capital
BIH,CCK,10038.9,capital
BIH,CHE,917.8,capital
BIH,CHL,12432.3,capital
BIH,CHN,7613.0,capital
BIH,CIV,4716.3,capital
BIH,CMR,4496.3,capital
BIH,COD,5365.6,capital
BIH,COG,5359.0,capital
BIH,COK,17491.6,capital
BIH,COL,9847.6,capital
BIH,COM,6671.4,capital
BIH,CPV,5090.6,capital
BIH,CRI,10221.5,capital
BIH,CUB,9057.4,capital
BIH,CUW,8858.4,capital
BIH,CXR,10595.7,capital
BIH,CYM,9281.2,capital
BIH,CYP,1603.9,capital
BIH,CZE,755.1,capital
BIH,DEU,1031.4,capital
BIH,DJI,4302.1,capital
BIH,DMA,8021.8,capital
BIH,DNK,1378.2,capital
BIH,DOM,8460.8,capital
BIH,DZA,1514.1,capital
BIH,ECU,10576.5,capital
BIH,EGY,1908.7,capital
BIH,ERI,3719.5,capital
BIH,ESH,3562.7,centroid
BIH,ESP,1852.7,capital
BIH,EST,1786.7,capital
BIH,ETH,4345.3,capital
BIH,FIN,1867.6,capital
BIH,FJI,16602.5,capital
BIH,FLK,12889.5,capital
BIH,FRA,1345.3,capital
BIH,FRO,2595.6,capital
BIH,FSM,13076.7,capital
BIH,GAB,4912.1,capital
BIH,GBR,1618.0,capital
BIH,GEO,2165.2,capital
BIH,GGY,1708.9,centroid
BIH,GHA,4628.1,capital
BIH,GIB,2183.9,capital
BIH,GIN,4907.6,capital
BIH,GLP,7997.8,capital
BIH,GMB,4736.3,capital
BIH,GNB,4814.1,capital
BIH,GNQ,4556.4,capital
BIH,GRC,792.7,capital
BIH,GRD,8281.8,centroid
BIH,GRL,4788.2,capital
BIH,GTM,10329.8,capital
BIH,GUF,8085.0,capital
BIH,GUM,11648.1,capital
BIH,GUY,8403.6,capital
BIH,HKG,8759.2,centroid
BIH,HMD,11951.8,centroid
BIH,HND,10129.4,capital
BIH,HRV,288.0,capital
BIH,HTI,8646.5,capital
BIH,HUN,409.3,capital
BIH,IDN,10365.0,capital
BIH,IMN,2007.5,capital
BIH,IND,5421.8,capital
BIH,IOT,7676.4,centroid
BIH,IRL,2079.0,capital
BIH,IRN,2945.2,capital
BIH,IRQ,2532.2,capital
BIH,ISL,3368.2,capital
BIH,ISR,1992.3,capital
BIH,ITA,523.5,capital
BIH,JAM,9032.3,capital
BIH,JEY,1668.0,capital
BIH,JOR,2024.7,capital
BIH,JPN,9372.3,capital
BIH,KAZ,3978.8,capital
BIH,KEN,5343.8,capital
BIH,KGZ,4457.4,capital
BIH,KHM,8846.4,capital
BIH,KIR,14385.6,centroid
BIH,KNA,7981.3,capital
BIH,KOR,8464.6,capital
BIH,KWT,3070.3,capital
BIH,LAO,8182.9,capital
BIH,LBN,1845.4,capital
BIH,LBR,5049.3,capital
BIH,LBY,1298.8,capital
BIH,LCA,8088.3,capital
BIH,LIE,779.3,capital
BIH,LKA,7208.6,capital
BIH,LSO,8188.5,capital
BIH,LTU,1304.4,capital
BIH,LUX,1128.5,capital
BIH,LVA,1511.0,capital
BIH,MAC,8718.7,centroid
BIH,MAF,7953.1,capital
BIH,MAR,2424.5,capital
BIH,MCO,877.2,capital
BIH,MDA,890.8,capital
BIH,MDG,7585.3,capital
BIH,MDV,6952.1,capital
BIH,MEX,10539.8,capital
BIH,MHL,13735.3,capital
BIH,MKD,324.2,capital
BIH,MLI,4287.4,capital
BIH,MLT,942.4,capital
BIH,MMR,7526.1,centroid
BIH,MNE,172.9,capital
BIH,MNG,6475.0,capital
BIH,MNP,11557.4,capital
BIH,MOZ,7897.4,capital
BIH,MRT,4295.9,capital
BIH,MSR,7983.9,capital
BIH,MTQ,8048.5,capital
BIH,MUS,8157.8,capital
BIH,MWI,6617.0,capital
BIH,MYS,9230.9,capital
BIH,MYT,6860.8,capital
BIH,NAM,7385.4,capital
BIH,NCL,16235.2,capital
BIH,NER,3711.2,capital
BIH,NFK,16865.0,capital
BIH,NGA,4008.8,capital
BIH,NIC,10212.8,capital
BIH,NIU,17152.0,capital
BIH,NLD,1373.7,capital
BIH,NOR,1858.2,capital
BIH,NPL,6128.8,capital
BIH,NRU,14284.2,capital
BIH,NZL,18069.9,capital
BIH,OMN,4276.0,capital
BIH,PAK,4781.7,capital
BIH,PAN,9939.5,capital
BIH,PCN,16483.2,capital
BIH,PER,11360.2,capital
BIH,PHL,9866.5,capital
BIH,PLW,11459.9,capital
BIH,PNG,13792.3,capital
BIH,POL,952.4,capital
BIH,PRI,8163.4,capital
BIH,PRK,8273.8,capital
BIH,PRT,2355.9,capital
BIH,PRY,10890.8,capital
BIH,PSE,1980.9,capital
BIH,PYF,16877.5,capital
BIH,QAT,3634.0,capital
BIH,REU,8129.5,capital
BIH,ROU,621.6,capital
BIH,RUS,1901.8,capital
BIH,RWA,5224.4,capital
BIH,SAU,3337.1,capital
BIH,SDN,3420.0,capital
BIH,SEN,4685.8,capital
BIH,SGP,9546.9,capital
BIH,SGS,12122.6,centroid
BIH,SHN,7082.9,capital
BIH,SJM,3824.1,capital
BIH,SLB,14694.0,capital
BIH,SLE,4979.4,capital
BIH,SLV,10308.8,capital
BIH,SMR,476.6,centroid
BIH,SOM,5356.8,capital
BIH,SPM,5611.7,capital
BIH,SRB,198.5,capital
BIH,SSD,4525.8,capital
BIH,STP,4973.6,capital
BIH,SUR,8237.4,capital
BIH,SVK,487.7,capital
BIH,SVN,389.6,capital
BIH,SWE,1721.5,capital
BIH,SWZ,7927.7,capital
BIH,SXM,7953.2,capital
BIH,SYC,6541.9,capital
BIH,SYR,1928.3,capital
BIH,TCA,8336.2,capital
BIH,TCD,3543.8,capital
BIH,TGO,4515.4,capital
BIH,THA,8328.9,capital
BIH,TJK,4194.4,capital
BIH,TKL,16012.5,centroid
BIH,TKM,3393.2,capital
BIH,TLS,12043.7,capital
BIH,TON,17087.8,centroid
BIH,TTO,8379.2,capital
BIH,TUN,1044.4,capital
BIH,TUR,1275.1,capital
BIH,TUV,15670.7,capital
BIH,TWN,9083.7,capital
BIH,TZA,5829.7,capital
BIH,UGA,5041.8,capital
BIH,UKR,1174.8,capital
BIH,UMI,12285.6,centroid
BIH,UNK,262.4,capital
BIH,URY,11543.6,capital
BIH,USA,8834.2,centroid
BIH,UZB,4109.6,capital
BIH,VAT,527.2,capital
BIH,VCT,8168.8,capital
BIH,VEN,8822.1,capital
BIH,VGB,8048.8,capital
BIH,VIR,8079.6,capital
BIH,VNM,8212.2,capital
BIH,VUT,15737.4,centroid
BIH,WLF,16344.6,capital
BIH,WSM,16541.2,capital
BIH,YEM,4259.3,centroid
BIH,ZAF,7803.2,capital
BIH,ZMB,6665.8,capital
BIH,ZWE,6979.0,capital
BLM,BLR,8435.7,capital
BLM,BLZ,2745.8,capital
BLM,BMU,1612.8,capital
BLM,BOL,4114.8,capital
BLM,BRA,4085.8,capital
BLM,BRB,635.0,capital
BLM,BRN,17469.8,capital
BLM,BTN,14164.5,capital
BLM,BVT,10179.8,centroid
BLM,BWA,10706.2,capital
BLM,CAF,8950.3,capital
BLM,CAN,3282.7,capital
BLM,CCK,17742.5,capital
BLM,CHE,7079.6,capital
BLM,CHL,5769.9,capital
BLM,CHN,13587.1,capital
BLM,CIV,6349.3,capital
BLM,CMR,8222.2,capital
BLM,COD,8909.8,capital
BLM,COG,8904.4,capital
BLM,COK,11408.6,capital
BLM,COL,1917.1,capital
BLM,COM,12088.2,capital
BLM,CPV,4201.3,capital
BLM,CRI,2518.5,capital
BLM,CUB,2113.8,capital
BLM,CUW,912.2,capital
BLM,CXR,18526.0,capital
BLM,CYM,1957.5,capital
BLM,CYP,9414.5,capital
BLM,CZE,7591.2,capital
BLM,DEU,7514.6,capital
BLM,DJI,11258.8,capital
BLM,DMA,327.8,capital
BLM,DNK,7462.7,capital
BLM,DOM,746.7,capital
BLM,DZA,6710.2,capital
BLM,ECU,2646.1,capital
BLM,EGY,9401.0,capital
BLM,ERI,10684.8,capital
BLM,ESH,5193.1,centroid
BLM,ESP,6137.4,capital
BLM,EST,8167.4,capital
BLM,ETH,10907.1,capital
BLM,FIN,8167.1,capital
BLM,FJI,13568.5,capital
BLM,FLK,7753.3,capital
BLM,FRA,6715.3,capital
BLM,FRO,6519.2,capital
BLM,FSM,14735.0,capital
BLM,GAB,8123.9,capital
BLM,GBR,6583.4,capital
BLM,GEO,10080.6,capital
BLM,GGY,6371.2,centroid
BLM,GHA,6927.4,capital
BLM,GIB,5954.1,capital
BLM,GIN,5377.2,capital
BLM,GLP,242.3,capital
BLM,GMB,4966.5,capital
BLM,GNB,5109.2,capital
BLM,GNQ,7936.6,capital
BLM,GRC,8503.5,capital
BLM,GRD,655.1,centroid
BLM,GRL,5215.2,capital
BLM,GTM,2972.2,capital
BLM,GUF,1839.4,capital
BLM,GUM,15396.2,capital
BLM,GUY,1334.2,capital
BLM,HKG,15537.5,centroid
BLM,HMD,14535.1,centroid
BLM,HND,2635.8,capital
BLM,HRV,7737.2,capital
BLM,HTI,1004.7,capital
BLM,HUN,7950.8,capital
BLM,IDN,18301.1,capital
BLM,IMN,6362.8,capital
BLM,IND,13294.3,capital
BLM,IOT,14891.6,centroid
BLM,IRL,6226.1,capital
BLM,IRN,10892.1,capital
BLM,IRQ,10433.9,capital
BLM,ISL,5986.8,capital
BLM,ISR,9699.9,capital
BLM,ITA,7495.1,capital
BLM,JAM,1474.7,capital
BLM,JEY,6399.5,capital
BLM,JOR,9757.8,capital
BLM,JPN,13600.8,capital
BLM,KAZ,11142.4,capital
BLM,KEN,11074.1,capital
BLM,KGZ,11979.8,capital
BLM,KHM,16474.8,capital
BLM,KIR,13539.7,centroid
BLM,KNA,68.1,capital
BLM,KOR,13762.7,capital
BLM,KWT,10929.0,capital
BLM,LAO,15721.6,capital
BLM,LBN,9646.5,capital
BLM,LBR,5784.5,capital
BLM,LBY,7663.5,capital
BLM,LCA,476.4,capital
BLM,LIE,7237.1,capital
BLM,LKA,15076.7,capital
BLM,LSO,11000.9,capital
BLM,LTU,8274.3,capital
BLM,LUX,6996.6,capital
BLM,LVA,8165.5,capital
BLM,MAC,15543.1,centroid
BLM,MAF,31.2,capital
BLM,MAR,5805.3,capital
BLM,MCO,7072.6,capital
BLM,MDA,8689.4,capital
BLM,MDG,12721.3,capital
BLM,MDV,14637.8,capital
BLM,MEX,3818.7,capital
BLM,MHL,13447.4,capital
BLM,MKD,8225.5,capital
BLM,MLI,5896.6,capital
BLM,MLT,7737.6,capital
BLM,MMR,15113.7,centroid
BLM,MNE,8041.4,capital
BLM,MNG,12626.9,capital
BLM,MNP,15179.8,capital
BLM,MOZ,11391.7,capital
BLM,MRT,4943.0,capital
BLM,MSR,148.7,capital
BLM,MTQ,412.3,capital
BLM,MUS,13773.4,capital
BLM,MWI,11166.5,capital
BLM,MYS,17126.3,capital
BLM,MYT,12326.3,capital
BLM,NAM,9779.9,capital
BLM,NCL,14865.5,capital
BLM,NER,6937.6,capital
BLM,NFK,14726.6,capital
BLM,NGA,7630.8,capital
BLM,NIC,2591.2,capital
BLM,NIU,12383.5,capital
BLM,NLD,6937.4,capital
BLM,NOR,7381.5,capital
BLM,NPL,13894.8,capital
BLM,NRU,14247.6,capital
BLM,NZL,13993.7,capital
BLM,OMN,12147.4,capital
BLM,PAK,12613.6,capital
BLM,PAN,2054.5,capital
BLM,PCN,8704.3,capital
BLM,PER,3674.9,capital
BLM,PHL,16376.9,capital
BLM,PLW,16601.0,capital
BLM,PNG,16646.8,capital
BLM,POL,8031.4,capital
BLM,PRI,349.8,capital
BLM,PRK,13621.7,capital
BLM,PRT,5651.0,capital
BLM,PRY,4834.6,capital
BLM,PSE,9694.0,capital
BLM,PYF,10266.6,capital
BLM,QAT,11446.4,capital
BLM,REU,13574.3,capital
BLM,ROU,8545.3,capital
BLM,RUS,9005.0,capital
BLM,RWA,10381.8,capital
BLM,SAU,11039.6,capital
BLM,SDN,10030.5,capital
BLM,SEN,4847.8,capital
BLM,SGP,17432.2,capital
BLM,SGS,8416.5,centroid
BLM,SHN,7299.9,capital
BLM,SJM,7800.3,capital
BLM,SLB,15307.0,capital
BLM,SLE,5456.0,capital
BLM,SLV,2854.0,capital
BLM,SMR,7473.5,centroid
BLM,SOM,11855.5,capital
BLM,SPM,3269.4,capital
BLM,SRB,8098.7,capital
BLM,SSD,10308.9,capital
BLM,STP,7839.1,capital
BLM,SUR,1576.5,capital
BLM,SVK,7799.9,capital
BLM,SVN,7621.5,capital
BLM,SWE,7791.1,capital
BLM,SWZ,11271.6,capital
BLM,SXM,25.3,capital
BLM,SYC,13157.4,capital
BLM,SYR,9729.7,capital
BLM,TCA,954.2,capital
BLM,TCD,8334.6,capital
BLM,TGO,7058.5,capital
BLM,THA,16050.2,capital
BLM,TJK,11969.1,capital
BLM,TKL,12329.2,centroid
BLM,TKM,11291.2,capital
BLM,TLS,18634.1,capital
BLM,TON,12926.2,centroid
BLM,TTO,816.6,capital
BLM,TUN,7339.2,capital
BLM,TUR,9211.3,capital
BLM,TUV,13246.2,capital
BLM,TWN,15215.9,capital
BLM,TZA,11124.0,capital
BLM,UGA,10571.4,capital
BLM,UKR,8716.2,capital
BLM,UMI,13211.2,centroid
BLM,UNK,8191.4,capital
BLM,URY,5913.1,capital
BLM,USA,3994.9,centroid
BLM,UZB,11792.9,capital
BLM,VAT,7490.3,capital
BLM,VCT,555.1,capital
BLM,VEN,931.1,capital
BLM,VGB,196.2,capital
BLM,VIR,225.4,capital
BLM,VNM,15515.3,capital
BLM,VUT,14724.1,centroid
BLM,WLF,12891.0,capital
BLM,WSM,12443.0,capital
BLM,YEM,11601.7,centroid
BLM,ZAF,10960.4,capital
BLM,ZMB,10644.7,capital
BLM,ZWE,11003.9,capital
BLR,BLZ,10070.8,capital
BLR,BMU,7307.2,capital
BLR,BOL,11888.7,capital
BLR,BRA,10503.2,capital
BLR,BRB,8650.5,capital
BLR,BRN,9396.4,capital
BLR,BTN,5767.3,capital
BLR,BVT,12248.8,centroid
BLR,BWA,8736.3,capital
BLR,CAF,5569.0,capital
BLR,CAN,6814.1,capital
BLR,CCK,9791.8,capital
BLR,CHE,1613.4,capital
BLR,CHL,13459.4,capital
BLR,CHN,6466.8,capital
BLR,CIV,6007.0,capital
BLR,CMR,5751.6,capital
BLR,COD,6574.4,capital
BLR,COG,6568.2,capital
BLR,COK,16327.0,capital
BLR,COL,10349.4,capital
BLR,COM,7444.2,capital
BLR,CPV,6175.6,capital
BLR,CRI,10452.3,capital
BLR,CUB,9160.5,capital
BLR,CUW,9337.7,capital
BLR,CXR,10178.3,capital
BLR,CYM,9456.7,capital
BLR,CYP,2130.6,capital
BLR,CZE,992.9,capital
BLR,DEU,953.3,capital
BLR,DJI,4902.1,capital
BLR,DMA,8570.8,capital
BLR,DNK,979.8,capital
BLR,DOM,8832.1,capital
BLR,DZA,2677.2,capital
BLR,ECU,11073.6,capital
BLR,EGY,2667.2,capital
BLR,ERI,4400.5,capital
BLR,ESH,4677.7,centroid
BLR,ESP,2765.3,capital
BLR,EST,639.1,capital
BLR,ETH,5088.8,capital
BLR,FIN,714.9,capital
BLR,FJI,15320.4,capital
BLR,FLK,14146.4,capital
BLR,FRA,1826.7,capital
BLR,FRO,2184.1,capital
BLR,FSM,11836.7,capital
BLR,GAB,6178.2,capital
BLR,GBR,1872.4,capital
BLR,GEO,1862.9,capital
BLR,GGY,2118.8,centroid
BLR,GHA,5930.5,capital
BLR,GIB,3206.8,capital
BLR,GIN,6137.4,capital
BLR,GLP,8531.6,capital
BLR,GMB,5914.4,capital
BLR,GNB,6013.2,capital
BLR,GNQ,5831.5,capital
BLR,GRC,1793.9,capital
BLR,GRD,8871.9,centroid
BLR,GRL,4357.9,capital
BLR,GTM,10416.2,capital
BLR,GUF,8903.1,capital
BLR,GUM,10476.0,capital
BLR,GUY,9116.7,capital
BLR,HKG,7808.8,centroid
BLR,HMD,12600.0,centroid
BLR,HND,10280.8,capital
BLR,HRV,1221.1,capital
BLR,HTI,8978.2,capital
BLR,HUN,930.0,capital
BLR,IDN,9870.6,capital
BLR,IMN,2075.6,capital
BLR,IND,4868.9,capital
BLR,IOT,7814.1,centroid
BLR,IRL,2210.1,capital
BLR,IRN,2738.1,capital
BLR,IRQ,2642.4,capital
BLR,ISL,2958.4,capital
BLR,ISR,2535.2,capital
BLR,ITA,1737.0,capital
BLR,JAM,9301.1,capital
BLR,JEY,2100.8,capital
BLR,JOR,2529.6,capital
BLR,JPN,8125.4,capital
BLR,KAZ,2935.0,capital
BLR,KEN,6195.4,capital
BLR,KGZ,3605.7,capital
BLR,KHM,8143.9,capital
BLR,KIR,13089.2,centroid
BLR,KNA,8480.8,capital
BLR,KOR,7272.4,capital
BLR,KWT,3186.7,capital
BLR,LAO,7427.6,capital
BLR,LBN,2310.3,capital
BLR,LBR,6313.6,capital
BLR,LBY,2598.0,capital
BLR,LCA,8661.9,capital
BLR,LIE,1474.5,capital
BLR,LKA,6995.3,capital
BLR,LSO,9253.3,capital
BLR,LTU,172.4,capital
BLR,LUX,1543.6,capital
BLR,LVA,402.9,capital
BLR,MAC,7776.5,centroid
BLR,MAF,8435.5,capital
BLR,MAR,3474.3,capital
BLR,MCO,1847.1,capital
BLR,MDA,771.7,capital
BLR,MDG,8318.9,capital
BLR,MDV,6908.6,capital
BLR,MEX,10410.8,capital
BLR,MHL,12437.2,capital
BLR,MKD,1399.0,capital
BLR,MLI,5547.6,capital
BLR,MLT,2241.9,capital
BLR,MMR,6776.9,centroid
BLR,MNE,1412.9,capital
BLR,MNG,5305.8,capital
BLR,MNP,10368.0,capital
BLR,MOZ,8893.8,capital
BLR,MRT,5442.3,capital
BLR,MSR,8499.9,capital
BLR,MTQ,8612.4,capital
BLR,MUS,8719.4,capital
BLR,MWI,7569.6,capital
BLR,MYS,8690.5,capital
BLR,MYT,7601.5,capital
BLR,NAM,8561.4,capital
BLR,NCL,15101.2,capital
BLR,NER,5013.1,capital
BLR,NFK,15802.5,capital
BLR,NGA,5298.0,capital
BLR,NIC,10407.8,capital
BLR,NIU,15861.9,capital
BLR,NLD,1515.6,capital
BLR,NOR,1215.3,capital
BLR,NPL,5466.4,capital
BLR,NRU,13015.8,capital
BLR,NZL,17220.3,capital
BLR,OMN,4236.9,capital
BLR,PAK,4182.0,capital
BLR,PAN,10292.3,capital
BLR,PCN,16314.4,capital
BLR,PER,12041.0,capital
BLR,PHL,8920.8,capital
BLR,PLW,10427.5,capital
BLR,PNG,12768.7,capital
BLR,POL,475.5,capital
BLR,PRI,8593.5,capital
BLR,PRK,7078.8,capital
BLR,PRT,3233.6,capital
BLR,PRY,11953.3,capital
BLR,PSE,2520.7,capital
BLR,PYF,15963.9,capital
BLR,QAT,3747.5,capital
BLR,REU,8734.0,capital
BLR,ROU,1058.1,capital
BLR,RUS,675.2,capital
BLR,RWA,6214.5,capital
BLR,SAU,3616.4,capital
BLR,SDN,4286.0,capital
BLR,SEN,5844.9,capital
BLR,SGP,8997.6,capital
BLR,SGS,13423.6,centroid
BLR,SHN,8384.9,capital
BLR,SJM,2744.4,capital
BLR,SLB,13523.1,capital
BLR,SLE,6217.9,capital
BLR,SLV,10431.4,capital
BLR,SMR,1574.6,centroid
BLR,SOM,5991.6,capital
BLR,SPM,5642.6,capital
BLR,SRB,1133.4,capital
BLR,SSD,5466.1,capital
BLR,STP,6255.9,capital
BLR,SUR,9005.0,capital
BLR,SVK,970.0,capital
BLR,SVN,1274.7,capital
BLR,SWE,836.4,capital
BLR,SWZ,8943.2,capital
BLR,SXM,8436.9,capital
BLR,SYC,7005.3,capital
BLR,SYR,2369.0,capital
BLR,TCA,8642.7,capital
BLR,TCD,4776.8,capital
BLR,TGO,5817.8,capital
BLR,THA,7661.0,capital
BLR,TJK,3533.6,capital
BLR,TKL,14725.9,centroid
BLR,TKM,2932.8,capital
BLR,TLS,11299.5,capital
BLR,TON,15785.6,centroid
BLR,TTO,8991.5,capital
BLR,TUN,2322.2,capital
BLR,TUR,1604.5,capital
BLR,TUV,14369.9,capital
BLR,TWN,8031.0,capital
BLR,TZA,6723.4,capital
BLR,UGA,5976.1,capital
BLR,UKR,432.9,capital
BLR,UMI,10986.5,centroid
BLR,UNK,1333.9,capital
BLR,URY,12697.3,capital
BLR,USA,8502.6,centroid
BLR,UZB,3363.7,capital
BLR,VAT,1738.7,capital
BLR,VCT,8750.9,capital
BLR,VEN,9355.5,capital
BLR,VGB,8502.3,capital
BLR,VIR,8529.7,capital
BLR,VNM,7374.3,capital
BLR,VUT,14540.4,centroid
BLR,WLF,15042.3,capital
BLR,WSM,15249.4,capital
BLR,YEM,4677.0,centroid
BLR,ZAF,8856.3,capital
BLR,ZMB,7706.9,capital
BLR,ZWE,7982.7,capital
BLZ,BMU,2930.6,capital
BLZ,BOL,4783.0,capital
BLZ,BRA,5790.2,capital
BLZ,BRB,3158.2,capital
BLZ,BRN,16431.9,capital
BLZ,BTN,15039.5,capital
BLZ,BVT,11698.1,centroid
BLZ,BWA,13241.1,capital
BLZ,CAF,11689.3,capital
BLZ,CAN,3357.8,capital
BLZ,CCK,19189.3,capital
BLZ,CHE,9072.7,capital
BLZ,CHL,5957.5,capital
BLZ,CHN,13144.8,capital
BLZ,CIV,9094.8,capital
BLZ,CMR,10967.1,capital
BLZ,COD,11643.8,capital
BLZ,COG,11638.6,capital
BLZ,COK,8838.9,capital
BLZ,COL,2129.3,capital
BLZ,COM,14825.0,capital
BLZ,CPV,6942.7,capital
BLZ,CRI,802.5,capital
BLZ,CUB,932.9,capital
BLZ,CUW,2211.4,capital
BLZ,CXR,18281.7,capital
BLZ,CYM,812.2,capital
BLZ,CYP,11579.1,capital
BLZ,CZE,9447.8,capital
BLZ,DEU,9287.0,capital
BLZ,DJI,13835.2,capital
BLZ,DMA,2927.7,capital
BLZ,DNK,9118.0,capital
BLZ,DOM,2001.0,capital
BLZ,DZA,9031.1,capital
BLZ,ECU,2244.3,capital
BLZ,EGY,11715.3,capital
BLZ,ERI,13231.4,capital
BLZ,ESH,7819.6,centroid
BLZ,ESP,8365.5,capital
BLZ,EST,9614.7,capital
BLZ,ETH,13549.8,capital
BLZ,FIN,9584.4,capital
BLZ,FJI,10882.0,capital
BLZ,FLK,8231.6,capital
BLZ,FRA,8652.1,capital
BLZ,FRO,7903.1,capital
BLZ,FSM,12189.4,capital
BLZ,GAB,10866.8,capital
BLZ,GBR,8422.2,capital
BLZ,GEO,11912.0,capital
BLZ,GGY,8287.1,centroid
BLZ,GHA,9673.0,capital
BLZ,GIB,8309.2,capital
BLZ,GIN,8122.9,capital
BLZ,GLP,2881.2,capital
BLZ,GMB,7708.0,capital
BLZ,GNB,7853.9,capital
BLZ,GNQ,10682.3,capital
BLZ,GRC,10680.4,capital
BLZ,GRD,2967.2,centroid
BLZ,GRL,5916.0,capital
BLZ,GTM,345.5,capital
BLZ,GUF,4193.7,capital
BLZ,GUM,13220.0,capital
BLZ,GUY,3519.1,capital
BLZ,HKG,14960.3,centroid
BLZ,HMD,15710.1,centroid
BLZ,HND,390.1,capital
BLZ,HRV,9731.5,capital
BLZ,HTI,1743.3,capital
BLZ,HUN,9871.3,capital
BLZ,IDN,17921.3,capital
BLZ,IMN,8092.0,capital
BLZ,IND,14695.9,capital
BLZ,IOT,17531.6,centroid
BLZ,IRL,7984.7,capital
BLZ,IRN,12787.9,capital
BLZ,IRQ,12510.1,capital
BLZ,ISL,7171.8,capital
BLZ,ISR,11932.9,capital
BLZ,ITA,9631.1,capital
BLZ,JAM,1271.0,capital
BLZ,JEY,8326.1,capital
BLZ,JOR,11978.2,capital
BLZ,JPN,12227.0,capital
BLZ,KAZ,12165.1,capital
BLZ,KEN,13811.1,capital
BLZ,KGZ,13116.1,capital
BLZ,KHM,16475.9,capital
BLZ,KIR,10834.5,centroid
BLZ,KNA,2762.7,capital
BLZ,KOR,12864.7,capital
BLZ,KWT,13057.4,capital
BLZ,LAO,15906.1,capital
BLZ,LBN,11821.7,capital
BLZ,LBR,8526.1,capital
BLZ,LBY,10039.5,capital
BLZ,LCA,2991.8,capital
BLZ,LIE,9216.7,capital
BLZ,LKA,17048.5,capital
BLZ,LSO,13443.0,capital
BLZ,LTU,9898.4,capital
BLZ,LUX,8899.2,capital
BLZ,LVA,9713.3,capital
BLZ,MAC,15003.9,centroid
BLZ,MAF,2720.3,capital
BLZ,MAR,8219.2,capital
BLZ,MCO,9172.4,capital
BLZ,MDA,10549.6,capital
BLZ,MDG,15403.8,capital
BLZ,MDV,16938.5,capital
BLZ,MEX,1120.0,capital
BLZ,MHL,10809.9,capital
BLZ,MKD,10304.3,capital
BLZ,MLI,8634.0,capital
BLZ,MLT,10031.5,capital
BLZ,MMR,15588.6,centroid
BLZ,MNE,10121.9,capital
BLZ,MNG,12603.9,capital
BLZ,MNP,13031.8,capital
BLZ,MOZ,13922.3,capital
BLZ,MRT,7656.2,capital
BLZ,MSR,2822.1,capital
BLZ,MTQ,2972.8,capital
BLZ,MUS,16453.1,capital
BLZ,MWI,13873.4,capital
BLZ,MYS,17473.8,capital
BLZ,MYT,15060.1,capital
BLZ,NAM,12317.1,capital
BLZ,NCL,12204.1,capital
BLZ,NER,9656.0,capital
BLZ,NFK,12188.4,capital
BLZ,NGA,10365.3,capital
BLZ,NIC,630.3,capital
BLZ,NIU,9740.1,capital
BLZ,NLD,8739.3,capital
BLZ,NOR,8870.4,capital
BLZ,NPL,14975.8,capital
BLZ,NRU,11544.4,capital
BLZ,NZL,11792.0,capital
BLZ,OMN,14242.1,capital
BLZ,PAK,14027.6,capital
BLZ,PAN,1357.8,capital
BLZ,PCN,6494.8,capital
BLZ,PER,3503.5,capital
BLZ,PHL,15198.6,capital
BLZ,PLW,14510.2,capital
BLZ,PNG,13924.0,capital
BLZ,POL,9774.6,capital
BLZ,PRI,2400.3,capital
BLZ,PRK,12800.1,capital
BLZ,PRT,7933.2,capital
BLZ,PRY,5807.2,capital
BLZ,PSE,11923.8,capital
BLZ,PYF,7696.5,capital
BLZ,QAT,13624.0,capital
BLZ,REU,16240.2,capital
BLZ,ROU,10512.4,capital
BLZ,RUS,10477.0,capital
BLZ,RWA,13126.5,capital
BLZ,SAU,13305.7,capital
BLZ,SDN,12618.2,capital
BLZ,SEN,7585.3,capital
BLZ,SGP,17532.6,capital
BLZ,SGS,9358.1,centroid
BLZ,SHN,9817.6,capital
BLZ,SJM,8451.3,capital
BLZ,SLB,12564.2,capital
BLZ,SLE,8200.7,capital
BLZ,SLV,398.9,capital
BLZ,SMR,9552.0,centroid
BLZ,SOM,14546.9,capital
BLZ,SPM,4436.5,capital
BLZ,SRB,10097.7,capital
BLZ,SSD,13021.9,capital
BLZ,STP,10579.7,capital
BLZ,SUR,3864.4,capital
BLZ,SVK,9710.0,capital
BLZ,SVN,9616.0,capital
BLZ,SWE,9279.4,capital
BLZ,SWZ,13788.1,capital
BLZ,SXM,2724.5,capital
BLZ,SYC,15874.4,capital
BLZ,SYR,11906.0,capital
BLZ,TCA,1905.7,capital
BLZ,TCD,11035.6,capital
BLZ,TGO,9804.2,capital
BLZ,THA,16420.3,capital
BLZ,TJK,13384.6,capital
BLZ,TKL,9595.1,centroid
BLZ,TKM,12982.9,capital
BLZ,TLS,16176.7,capital
BLZ,TON,10278.6,centroid
BLZ,TTO,3026.4,capital
BLZ,TUN,9630.9,capital
BLZ,TUR,11249.1,capital
BLZ,TUV,10502.5,capital
BLZ,TWN,14279.8,capital
BLZ,TZA,13869.4,capital
BLZ,UGA,13307.8,capital
BLZ,UKR,10445.8,capital
BLZ,UMI,10833.0,centroid
BLZ,UNK,10251.7,capital
BLZ,URY,6742.9,capital
BLZ,USA,2442.7,centroid
BLZ,UZB,13123.8,capital
BLZ,VAT,9626.3,capital
BLZ,VCT,2986.9,capital
BLZ,VEN,2477.1,capital
BLZ,VGB,2557.0,capital
BLZ,VIR,2524.4,capital
BLZ,VNM,15470.6,capital
BLZ,VUT,11998.9,centroid
BLZ,WLF,10174.2,capital
BLZ,WSM,9739.6,capital
BLZ,YEM,14069.8,centroid
BLZ,ZAF,13481.9,capital
BLZ,ZMB,13325.1,capital
BLZ,ZWE,13663.5,capital
BMU,BOL,5707.7,capital
BMU,BRA,5638.9,capital
BMU,BRB,2197.4,capital
BMU,BRN,15880.2,capital
BMU,BTN,12840.3,capital
BMU,BVT,11629.7,centroid
BMU,BWA,11500.2,capital
BMU,CAF,9122.9,capital
BMU,CAN,1734.3,capital
BMU,CCK,17092.9,capital
BMU,CHE,6170.4,capital
BMU,CHL,7337.0,capital
BMU,CHN,11985.6,capital
BMU,CIV,6749.7,capital
BMU,CMR,8491.1,capital
BMU,COD,9339.6,capital
BMU,COG,9333.0,capital
BMU,COK,11695.5,capital
BMU,COL,3227.0,capital
BMU,COM,12385.7,capital
BMU,CPV,4589.6,capital
BMU,CRI,3158.5,capital
BMU,CUB,2005.6,capital
BMU,CUW,2281.9,capital
BMU,CXR,17393.4,capital
BMU,CYM,2197.2,capital
BMU,CYP,8659.8,capital
BMU,CZE,6587.5,capital
BMU,DEU,6454.4,capital
BMU,DJI,10951.2,capital
BMU,DMA,1920.5,capital
BMU,DNK,6330.6,capital
BMU,DOM,1619.8,capital
BMU,DZA,6106.7,capital
BMU,ECU,3893.9,capital
BMU,EGY,8784.7,capital
BMU,ERI,10338.7,capital
BMU,ESH,5090.5,centroid
BMU,ESP,5435.4,capital
BMU,EST,6936.9,capital
BMU,ETH,10719.4,capital
BMU,FIN,6922.3,capital
BMU,FJI,13554.4,capital
BMU,FLK,9363.6,capital
BMU,FRA,5759.4,capital
BMU,FRO,5226.6,capital
BMU,FSM,13716.7,capital
BMU,GAB,8507.4,capital
BMU,GBR,5554.9,capital
BMU,GEO,9090.6,capital
BMU,GGY,5395.8,centroid
BMU,GHA,7296.6,capital
BMU,GIB,5395.7,capital
BMU,GIN,5812.1,capital
BMU,GLP,1838.2,capital
BMU,GMB,5310.9,capital
BMU,GNB,5495.0,capital
BMU,GNQ,8241.6,capital
BMU,GRC,7755.8,capital
BMU,GRD,2266.2,centroid
BMU,GRL,3659.1,capital
BMU,GTM,3261.4,capital
BMU,GUF,3305.9,capital
BMU,GUM,14033.8,capital
BMU,GUY,2916.3,capital
BMU,HKG,13947.1,centroid
BMU,HMD,15918.0,centroid
BMU,HND,3045.5,capital
BMU,HRV,6834.5,capital
BMU,HTI,1705.6,capital
BMU,HUN,6995.6,capital
BMU,IDN,16987.9,capital
BMU,IMN,5257.9,capital
BMU,IND,12141.8,capital
BMU,IOT,14629.3,centroid
BMU,IRL,5138.0,capital
BMU,IRN,9952.9,capital
BMU,IRQ,9614.9,capital
BMU,ISL,4595.4,capital
BMU,ISR,9006.3,capital
BMU,ITA,6707.3,capital
BMU,JAM,1993.9,capital
BMU,JEY,5432.5,capital
BMU,JOR,9053.0,capital
BMU,JPN,12036.9,capital
BMU,KAZ,9793.3,capital
BMU,KEN,11172.9,capital
BMU,KGZ,10688.7,capital
BMU,KHM,15016.8,capital
BMU,KIR,12891.1,centroid
BMU,KNA,1680.6,capital
BMU,KOR,12151.7,capital
BMU,KWT,10153.8,capital
BMU,LAO,14267.0,capital
BMU,LBN,8902.0,capital
BMU,LBR,6277.0,capital
BMU,LBY,7118.7,capital
BMU,LCA,2070.6,capital
BMU,LIE,6318.7,capital
BMU,LKA,14266.1,capital
BMU,LSO,11887.0,capital
BMU,LTU,7137.2,capital
BMU,LUX,6018.4,capital
BMU,LVA,6985.5,capital
BMU,MAC,13956.6,centroid
BMU,MAF,1591.1,capital
BMU,MAR,5324.0,capital
BMU,MCO,6251.2,capital
BMU,MDA,7701.0,capital
BMU,MDG,13174.5,capital
BMU,MDV,14031.9,capital
BMU,MEX,3701.6,capital
BMU,MHL,12637.3,capital
BMU,MKD,7393.0,capital
BMU,MLI,6157.2,capital
BMU,MLT,7101.8,capital
BMU,MMR,13706.3,centroid
BMU,MNE,7209.1,capital
BMU,MNG,11058.3,capital
BMU,MNP,13812.5,capital
BMU,MOZ,12159.3,capital
BMU,MRT,5111.1,capital
BMU,MSR,1752.7,capital
BMU,MTQ,2002.8,capital
BMU,MUS,14170.9,capital
BMU,MWI,11625.3,capital
BMU,MYS,15824.2,capital
BMU,MYT,12631.5,capital
BMU,NAM,10610.7,capital
BMU,NCL,14879.5,capital
BMU,NER,7052.3,capital
BMU,NFK,15008.1,capital
BMU,NGA,7809.4,capital
BMU,NIC,3134.5,capital
BMU,NIU,12511.9,capital
BMU,NLD,5888.5,capital
BMU,NOR,6157.6,capital
BMU,NPL,12632.5,capital
BMU,NRU,13558.3,capital
BMU,NZL,14722.6,capital
BMU,OMN,11357.7,capital
BMU,PAK,11449.8,capital
BMU,PAN,3002.7,capital
BMU,PCN,9411.7,capital
BMU,PER,5099.3,capital
BMU,PHL,14764.1,capital
BMU,PLW,15135.1,capital
BMU,PNG,15868.4,capital
BMU,POL,6960.1,capital
BMU,PRI,1543.4,capital
BMU,PRK,12009.4,capital
BMU,PRT,5009.2,capital
BMU,PRY,6447.3,capital
BMU,PSE,8997.5,capital
BMU,PYF,10567.1,capital
BMU,QAT,10713.7,capital
BMU,REU,14013.2,capital
BMU,ROU,7629.5,capital
BMU,RUS,7800.9,capital
BMU,RWA,10578.4,capital
BMU,SAU,10379.8,capital
BMU,SDN,9755.5,capital
BMU,SEN,5159.5,capital
BMU,SGP,16093.8,capital
BMU,SGS,10011.9,centroid
BMU,SHN,8257.3,capital
BMU,SJM,6284.2,capital
BMU,SLB,14771.1,capital
BMU,SLE,5917.6,capital
BMU,SLV,3228.1,capital
BMU,SMR,6636.2,centroid
BMU,SOM,11760.5,capital
BMU,SPM,1769.0,capital
BMU,SRB,7202.6,capital
BMU,SSD,10314.7,capital
BMU,STP,8257.9,capital
BMU,SUR,3103.6,capital
BMU,SVK,6835.8,capital
BMU,SVN,6717.9,capital
BMU,SWE,6574.2,capital
BMU,SWZ,12062.5,capital
BMU,SXM,1596.2,capital
BMU,SYC,13105.7,capital
BMU,SYR,8986.5,capital
BMU,TCA,1359.0,capital
BMU,TCD,8344.8,capital
BMU,TGO,7393.9,capital
BMU,THA,14660.4,capital
BMU,TJK,10792.0,capital
BMU,TKL,12154.9,centroid
BMU,TKM,10237.5,capital
BMU,TLS,17167.9,capital
BMU,TON,13033.0,centroid
BMU,TTO,2428.1,capital
BMU,TUN,6701.7,capital
BMU,TUR,8353.6,capital
BMU,TUV,12952.5,capital
BMU,TWN,13603.2,capital
BMU,TZA,11361.5,capital
BMU,UGA,10680.4,capital
BMU,UKR,7646.2,capital
BMU,UMI,12089.3,centroid
BMU,UNK,7343.8,capital
BMU,URY,7525.8,capital
BMU,USA,2981.4,centroid
BMU,UZB,10575.3,capital
BMU,VAT,6702.4,capital
BMU,VCT,2158.8,capital
BMU,VEN,2434.3,capital
BMU,VGB,1542.1,capital
BMU,VIR,1551.6,capital
BMU,VNM,14002.9,capital
BMU,VUT,14515.2,centroid
BMU,WLF,12788.8,capital
BMU,WSM,12405.1,capital
BMU,YEM,11147.0,centroid
BMU,ZAF,11759.5,capital
BMU,ZMB,11196.8,capital
BMU,ZWE,11587.1,capital
BOL,BRA,1873.4,capital
BOL,BRB,3626.9,capital
BOL,BRN,18442.3,capital
BOL,BTN,17291.6,capital
BOL,BVT,6923.8,centroid
BOL,BWA,9251.0,capital
BOL,CAF,9518.3,capital
BOL,CAN,7243.2,capital
BOL,CCK,16029.8,capital
BOL,CHE,10304.0,capital
BOL,CHL,1690.6,capital
BOL,CHN,17688.5,capital
BOL,CIV,7170.1,capital
BOL,CMR,8765.5,capital
BOL,COD,8861.3,capital
BOL,COG,8860.3,capital
BOL,COK,9697.6,capital
BOL,COL,2800.7,capital
BOL,COM,11472.0,capital
BOL,CPV,5928.3,capital
BOL,CRI,3982.7,capital
BOL,CUB,5043.5,capital
BOL,CUW,3487.1,capital
BOL,CXR,16592.6,capital
BOL,CYM,4609.2,capital
BOL,CYP,11973.0,capital
BOL,CZE,10912.2,capital
BOL,DEU,10940.1,capital
BOL,DJI,12339.7,capital
BOL,DMA,3841.4,capital
BOL,DNK,11011.6,capital
BOL,DOM,4200.9,capital
BOL,DZA,9468.8,capital
BOL,ECU,2542.5,capital
BOL,EGY,11657.9,capital
BOL,ERI,12014.4,capital
BOL,ESH,7446.5,centroid
BOL,ESP,9168.4,capital
BOL,EST,11821.9,capital
BOL,ETH,11796.8,capital
BOL,FIN,11845.7,capital
BOL,FJI,11926.6,capital
BOL,FLK,3689.0,capital
BOL,FRA,10062.7,capital
BOL,FRO,10365.1,capital
BOL,FSM,15136.8,capital
BOL,GAB,8417.8,capital
BOL,GBR,10057.7,capital
BOL,GEO,13049.0,capital
BOL,GGY,9790.2,centroid
BOL,GHA,7626.6,capital
BOL,GIB,8787.2,capital
BOL,GIN,6484.6,capital
BOL,GLP,3914.3,capital
BOL,GMB,6440.3,capital
BOL,GNB,6435.5,capital
BOL,GNQ,8476.9,capital
BOL,GRC,11209.7,capital
BOL,GRD,3486.1,centroid
BOL,GRL,9326.7,capital
BOL,GTM,4654.3,capital
BOL,GUF,3018.1,capital
BOL,GUM,16756.7,capital
BOL,GUY,2976.7,capital
BOL,HKG,19651.0,centroid
BOL,HMD,11028.4,centroid
BOL,HND,4397.0,capital
BOL,HRV,10860.7,capital
BOL,HTI,4249.2,capital
BOL,HUN,11141.4,capital
BOL,IDN,17077.5,capital
BOL,IMN,9969.7,capital
BOL,IND,16070.3,capital
BOL,IOT,14522.6,centroid
BOL,IRL,9822.5,capital
BOL,IRN,13604.4,capital
BOL,IRQ,12945.6,capital
BOL,ISL,9967.1,capital
BOL,ISR,12068.5,capital
BOL,ITA,10445.8,capital
BOL,JAM,4305.9,capital
BOL,JEY,9802.7,capital
BOL,JOR,12140.0,capital
BOL,JPN,16948.3,capital
BOL,KAZ,14818.9,capital
BOL,KEN,11228.5,capital
BOL,KGZ,15424.7,capital
BOL,KHM,18674.3,capital
BOL,KIR,13381.5,centroid
BOL,KNA,4049.1,capital
BOL,KOR,17636.4,capital
BOL,KWT,13233.3,capital
BOL,LAO,18730.0,capital
BOL,LBN,12139.4,capital
BOL,LBR,6595.6,capital
BOL,LBY,10123.1,capital
BOL,LCA,3702.1,capital
BOL,LIE,10455.8,capital
BOL,LKA,16013.3,capital
BOL,LSO,9240.0,capital
BOL,LTU,11757.9,capital
BOL,LUX,10345.1,capital
BOL,LVA,11733.8,capital
BOL,MAC,19645.4,centroid
BOL,MAF,4132.4,capital
BOL,MAR,8543.3,capital
BOL,MCO,10148.8,capital
BOL,MDA,11848.0,capital
BOL,MDG,11557.1,capital
BOL,MDV,15247.5,capital
BOL,MEX,5650.7,capital
BOL,MHL,13764.2,capital
BOL,MKD,11145.6,capital
BOL,MLI,7194.3,capital
BOL,MLT,10360.2,capital
BOL,MMR,18242.1,centroid
BOL,MNE,10989.5,capital
BOL,MNG,16726.8,capital
BOL,MNP,16696.1,capital
BOL,MOZ,9837.0,capital
BOL,MRT,6782.0,capital
BOL,MSR,3987.9,capital
BOL,MTQ,3768.3,capital
BOL,MUS,12407.2,capital
BOL,MWI,10425.7,capital
BOL,MYS,17748.8,capital
BOL,MYT,11621.2,capital
BOL,NAM,8454.3,capital
BOL,NCL,12758.0,capital
BOL,NER,8216.6,capital
BOL,NFK,12192.7,capital
BOL,NGA,8559.3,capital
BOL,NIC,4159.3,capital
BOL,NIU,10771.6,capital
BOL,NLD,10405.0,capital
BOL,NOR,11080.4,capital
BOL,NPL,16870.8,capital
BOL,NRU,13921.3,capital
BOL,NZL,10899.7,capital
BOL,OMN,14193.8,capital
BOL,PAK,15588.3,capital
BOL,PAN,3486.4,capital
BOL,PCN,6655.2,capital
BOL,PER,1479.9,capital
BOL,PHL,19188.0,capital
BOL,PLW,17513.9,capital
BOL,PNG,15253.4,capital
BOL,POL,11421.8,capital
BOL,PRI,4170.8,capital
BOL,PRK,17551.4,capital
BOL,PRT,8677.9,capital
BOL,PRY,1047.6,capital
BOL,PSE,12070.2,capital
BOL,PYF,8804.6,capital
BOL,QAT,13525.9,capital
BOL,REU,12183.0,capital
BOL,ROU,11580.8,capital
BOL,RUS,12547.3,capital
BOL,RWA,10495.6,capital
BOL,SAU,13036.8,capital
BOL,SDN,11361.7,capital
BOL,SEN,6439.0,capital
BOL,SGP,17712.9,capital
BOL,SGS,4614.1,centroid
BOL,SHN,6295.4,capital
BOL,SJM,11873.9,capital
BOL,SLB,14135.3,capital
BOL,SLE,6470.1,capital
BOL,SLV,4484.0,capital
BOL,SMR,10517.2,centroid
BOL,SOM,12245.5,capital
BOL,SPM,7374.6,capital
BOL,SRB,11159.6,capital
BOL,SSD,10901.5,capital
BOL,STP,8130.9,capital
BOL,SUR,2981.4,capital
BOL,SVK,11025.9,capital
BOL,SVN,10762.7,capital
BOL,SWE,11450.1,capital
BOL,SWZ,9688.3,capital
BOL,SXM,4127.9,capital
BOL,SYC,13017.4,capital
BOL,SYR,12203.6,capital
BOL,TCA,4548.0,capital
BOL,TCD,9451.1,capital
BOL,TGO,7795.9,capital
BOL,THA,18387.9,capital
BOL,TJK,15103.2,capital
BOL,TKL,11406.8,centroid
BOL,TKM,14216.1,capital
BOL,TLS,16725.1,capital
BOL,TON,11215.4,centroid
BOL,TTO,3327.9,capital
BOL,TUN,10039.7,capital
BOL,TUR,12026.7,capital
BOL,TUV,12318.1,capital
BOL,TWN,19047.1,capital
BOL,TZA,10930.1,capital
BOL,UGA,10843.4,capital
BOL,UKR,12030.1,capital
BOL,UMI,14585.9,centroid
BOL,UNK,11146.1,capital
BOL,URY,1978.2,capital
BOL,USA,7156.2,centroid
BOL,UZB,15064.2,capital
BOL,VAT,10441.9,capital
BOL,VCT,3606.4,capital
BOL,VEN,3287.4,capital
BOL,VGB,4166.0,capital
BOL,VIR,4156.1,capital
BOL,VNM,19059.9,capital
BOL,VUT,13098.0,centroid
BOL,WLF,11640.2,capital
BOL,WSM,11178.7,capital
BOL,YEM,12946.0,centroid
BOL,ZAF,9430.8,capital
BOL,ZMB,9815.0,capital
BOL,ZWE,10002.2,capital
BRA,BRB,3459.8,capital
BRA,BRN,17786.8,capital
BRA,BTN,15465.4,capital
BRA,BVT,6136.2,centroid
BRA,BWA,7682.6,capital
BRA,CAF,7646.5,capital
BRA,CAN,7357.3,capital
BRA,CCK,15046.5,capital
BRA,CHE,8889.9,capital
BRA,CHL,3009.5,capital
BRA,CHN,16932.2,capital
BRA,CIV,5326.0,capital
BRA,CMR,6892.2,capital
BRA,COD,7015.8,capital
BRA,COG,7014.4,capital
BRA,COK,11521.9,capital
BRA,COL,3663.8,capital
BRA,COM,9780.2,capital
BRA,CPV,4342.2,capital
BRA,CRI,5060.1,capital
BRA,CUB,5723.6,capital
BRA,CUW,3865.5,capital
BRA,CXR,15900.6,capital
BRA,CYM,5346.3,capital
BRA,CYP,10246.2,capital
BRA,CZE,9510.5,capital
BRA,DEU,9593.2,capital
BRA,DJI,10468.6,capital
BRA,DMA,3758.8,capital
BRA,DNK,9735.7,capital
BRA,DOM,4504.1,capital
BRA,DZA,7915.3,capital
BRA,ECU,3776.2,capital
BRA,EGY,9879.3,capital
BRA,ERI,10142.1,capital
BRA,ESH,5866.7,centroid
BRA,ESP,7738.3,capital
BRA,EST,10572.2,capital
BRA,ETH,9928.3,capital
BRA,FIN,10612.9,capital
BRA,FJI,13691.3,capital
BRA,FLK,4089.5,capital
BRA,FRA,8725.6,capital
BRA,FRO,9370.0,capital
BRA,FSM,17009.0,capital
BRA,GAB,6547.2,capital
BRA,GBR,8793.3,capital
BRA,GEO,11391.5,capital
BRA,GGY,8510.2,centroid
BRA,GHA,5764.2,capital
BRA,GIB,7303.3,capital
BRA,GIN,4706.1,capital
BRA,GLP,3844.5,capital
BRA,GMB,4737.9,capital
BRA,GNB,4701.5,capital
BRA,GNQ,6603.6,capital
BRA,GRC,9552.7,capital
BRA,GRD,3450.6,centroid
BRA,GRL,8897.4,capital
BRA,GTM,5772.9,capital
BRA,GUF,2354.2,capital
BRA,GUM,18627.4,capital
BRA,GUY,2752.1,capital
BRA,HKG,18003.7,centroid
BRA,HMD,10487.9,centroid
BRA,HND,5445.9,capital
BRA,HRV,9369.4,capital
BRA,HTI,4659.0,capital
BRA,HUN,9664.3,capital
BRA,IDN,16314.5,capital
BRA,IMN,8797.7,capital
BRA,IND,14239.9,capital
BRA,IOT,12923.1,centroid
BRA,IRL,8652.7,capital
BRA,IRN,11853.2,capital
BRA,IRQ,11174.6,capital
BRA,ISL,9160.8,capital
BRA,ISR,10297.8,capital
BRA,ITA,8907.5,capital
BRA,JAM,4909.3,capital
BRA,JEY,8512.8,capital
BRA,JOR,10369.6,capital
BRA,JPN,17675.5,capital
BRA,KAZ,13400.8,capital
BRA,KEN,9406.6,capital
BRA,KGZ,13826.4,capital
BRA,KHM,17046.3,capital
BRA,KIR,15254.2,centroid
BRA,KNA,4019.5,capital
BRA,KOR,17541.4,capital
BRA,KWT,11418.3,capital
BRA,LAO,16873.0,capital
BRA,LBN,10391.7,capital
BRA,LBR,4768.6,capital
BRA,LBY,8445.9,capital
BRA,LCA,3609.4,capital
BRA,LIE,9030.1,capital
BRA,LKA,14252.3,capital
BRA,LSO,7767.0,capital
BRA,LTU,10397.9,capital
BRA,LUX,8991.2,capital
BRA,LVA,10428.6,capital
BRA,MAC,17944.3,centroid
BRA,MAF,4113.4,capital
BRA,MAR,7040.9,capital
BRA,MCO,8677.2,capital
BRA,MDA,10319.5,capital
BRA,MDG,9998.4,capital
BRA,MDV,13494.5,capital
BRA,MEX,6830.8,capital
BRA,MHL,15631.1,capital
BRA,MKD,9560.4,capital
BRA,MLI,5410.9,capital
BRA,MLT,8717.2,capital
BRA,MMR,16372.5,centroid
BRA,MNE,9422.1,capital
BRA,MNG,15764.1,capital
BRA,MNP,18547.7,capital
BRA,MOZ,8320.8,capital
BRA,MRT,5140.6,capital
BRA,MSR,3937.3,capital
BRA,MTQ,3674.2,capital
BRA,MUS,10944.9,capital
BRA,MWI,8723.6,capital
BRA,MYS,16406.1,capital
BRA,MYT,9953.7,capital
BRA,NAM,6819.9,capital
BRA,NCL,14365.2,capital
BRA,NER,6393.0,capital
BRA,NFK,13713.1,capital
BRA,NGA,6697.6,capital
BRA,NIC,5235.1,capital
BRA,NIU,12581.5,capital
BRA,NLD,9114.8,capital
BRA,NOR,9908.8,capital
BRA,NPL,15039.3,capital
BRA,NRU,15779.5,capital
BRA,NZL,12298.8,capital
BRA,OMN,12332.5,capital
BRA,PAK,13816.6,capital
BRA,PAN,4437.0,capital
BRA,PCN,8503.2,capital
BRA,PER,3165.4,capital
BRA,PHL,18818.2,capital
BRA,PLW,19053.5,capital
BRA,PNG,16752.5,capital
BRA,POL,10027.8,capital
BRA,PRI,4296.6,capital
BRA,PRK,17357.1,capital
BRA,PRT,7280.2,capital
BRA,PRY,1462.1,capital
BRA,PSE,10300.9,capital
BRA,PYF,10666.1,capital
BRA,QAT,11677.8,capital
BRA,REU,10717.0,capital
BRA,ROU,10016.3,capital
BRA,RUS,11178.4,capital
BRA,RWA,8663.5,capital
BRA,SAU,11189.7,capital
BRA,SDN,9492.8,capital
BRA,SEN,4764.3,capital
BRA,SGP,16527.1,capital
BRA,SGS,4407.7,centroid
BRA,SHN,4507.2,capital
BRA,SJM,11152.9,capital
BRA,SLB,15857.8,capital
BRA,SLE,4677.1,capital
BRA,SLV,5595.2,capital
BRA,SMR,9011.4,centroid
BRA,SOM,10419.3,capital
BRA,SPM,7005.1,capital
BRA,SRB,9626.5,capital
BRA,SSD,9038.4,capital
BRA,STP,6258.9,capital
BRA,SUR,2535.4,capital
BRA,SVK,9571.3,capital
BRA,SVN,9284.3,capital
BRA,SWE,10225.7,capital
BRA,SWZ,8175.2,capital
BRA,SXM,4107.5,capital
BRA,SYC,11291.3,capital
BRA,SYR,10449.7,capital
BRA,TCA,4853.4,capital
BRA,TCD,7589.4,capital
BRA,TGO,5933.4,capital
BRA,THA,16616.3,capital
BRA,TJK,13400.5,capital
BRA,TKL,13269.5,centroid
BRA,TKM,12493.6,capital
BRA,TLS,17215.8,capital
BRA,TON,12996.2,centroid
BRA,TTO,3299.3,capital
BRA,TUN,8436.0,capital
BRA,TUR,10366.5,capital
BRA,TUV,14165.1,capital
BRA,TWN,18509.6,capital
BRA,TZA,9146.5,capital
BRA,UGA,9002.3,capital
BRA,UKR,10562.9,capital
BRA,UMI,16335.6,centroid
BRA,UNK,9573.2,capital
BRA,URY,2280.3,capital
BRA,USA,7869.2,centroid
BRA,UZB,13412.7,capital
BRA,VAT,8904.1,capital
BRA,VCT,3534.2,capital
BRA,VEN,3589.3,capital
BRA,VGB,4219.8,capital
BRA,VIR,4226.2,capital
BRA,VNM,17190.6,capital
BRA,VUT,14801.5,centroid
BRA,WLF,13471.3,capital
BRA,WSM,13019.1,capital
BRA,YEM,11072.7,centroid
BRA,ZAF,7891.3,capital
BRA,ZMB,8111.2,capital
BRA,ZWE,8342.9,capital
BRB,BRN,17925.6,capital
BRB,BTN,14417.0,capital
BRB,BVT,9545.0,centroid
BRB,BWA,10170.6,capital
BRB,CAF,8618.9,capital
BRB,CAN,3899.3,capital
BRB,CCK,17457.8,capital
BRB,CHE,7212.5,capital
BRB,CHL,5308.1,capital
BRB,CHN,14105.7,capital
BRB,CIV,5981.9,capital
BRB,CMR,7868.6,capital
BRB,COD,8494.1,capital
BRB,COG,8489.1,capital
BRB,COK,11565.6,capital
BRB,COL,1847.2,capital
BRB,COM,11673.4,capital
BRB,CPV,3896.6,capital
BRB,CRI,2784.0,capital
BRB,CUB,2646.2,capital
BRB,CUW,1011.4,capital
BRB,CXR,18387.5,capital
BRB,CYM,2420.0,capital
BRB,CYP,9437.7,capital
BRB,CZE,7758.3,capital
BRB,DEU,7709.6,capital
BRB,DJI,11065.2,capital
BRB,DMA,309.6,capital
BRB,DNK,7693.4,capital
BRB,DOM,1250.0,capital
BRB,DZA,6719.1,capital
BRB,ECU,2557.7,capital
BRB,EGY,9364.2,capital
BRB,ERI,10515.8,capital
BRB,ESH,5042.9,centroid
BRB,ESP,6201.0,capital
BRB,EST,8438.3,capital
BRB,ETH,10673.9,capital
BRB,FIN,8445.7,capital
BRB,FJI,13797.8,capital
BRB,FLK,7207.6,capital
BRB,FRA,6876.3,capital
BRB,FRO,6844.7,capital
BRB,FSM,15284.9,capital
BRB,GAB,7733.5,capital
BRB,GBR,6780.0,capital
BRB,GEO,10203.2,capital
BRB,GGY,6547.8,centroid
BRB,GHA,6560.3,capital
BRB,GIB,5962.8,capital
BRB,GIN,5018.5,capital
BRB,GLP,393.6,capital
BRB,GMB,4652.1,capital
BRB,GNB,4775.4,capital
BRB,GNQ,7575.1,capital
BRB,GRC,8538.9,capital
BRB,GRD,247.9,centroid
BRB,GRL,5712.3,capital
BRB,GTM,3336.8,capital
BRB,GUF,1210.0,capital
BRB,GUM,16021.7,capital
BRB,GUY,719.0,capital
BRB,HKG,16024.1,centroid
BRB,HMD,13900.2,centroid
BRB,HND,2981.8,capital
BRB,HRV,7855.1,capital
BRB,HTI,1488.1,capital
BRB,HUN,8089.2,capital
BRB,IDN,18346.1,capital
BRB,IMN,6598.9,capital
BRB,IND,13453.9,capital
BRB,IOT,14605.8,centroid
BRB,IRL,6456.9,capital
BRB,IRN,10977.7,capital
BRB,IRQ,10469.8,capital
BRB,ISL,6372.4,capital
BRB,ISR,9691.5,capital
BRB,ITA,7566.2,capital
BRB,JAM,1917.2,capital
BRB,JEY,6571.8,capital
BRB,JOR,9753.4,capital
BRB,JPN,14221.3,capital
BRB,KAZ,11449.5,capital
BRB,KEN,10737.0,capital
BRB,KGZ,12241.1,capital
BRB,KHM,16784.7,capital
BRB,KIR,13992.5,centroid
BRB,KNA,572.5,capital
BRB,KOR,14338.5,capital
BRB,KWT,10936.9,capital
BRB,LAO,16047.3,capital
BRB,LBN,9661.5,capital
BRB,LBR,5396.1,capital
BRB,LBY,7627.9,capital
BRB,LCA,179.5,capital
BRB,LIE,7371.1,capital
BRB,LKA,15014.4,capital
BRB,LSO,10441.9,capital
BRB,LTU,8495.6,capital
BRB,LUX,7162.2,capital
BRB,LVA,8410.0,capital
BRB,MAC,16022.7,centroid
BRB,MAF,664.6,capital
BRB,MAR,5786.7,capital
BRB,MCO,7166.7,capital
BRB,MDA,8831.8,capital
BRB,MDG,12253.6,capital
BRB,MDV,14495.1,capital
BRB,MEX,4265.9,capital
BRB,MHL,13951.4,capital
BRB,MKD,8303.3,capital
BRB,MLI,5588.7,capital
BRB,MLT,7738.7,capital
BRB,MMR,15411.1,centroid
BRB,MNE,8122.3,capital
BRB,MNG,13099.9,capital
BRB,MNP,15806.6,capital
BRB,MOZ,10857.1,capital
BRB,MRT,4696.3,capital
BRB,MSR,487.5,capital
BRB,MTQ,228.7,capital
BRB,MUS,13306.1,capital
BRB,MWI,10715.6,capital
BRB,MYS,17272.4,capital
BRB,MYT,11905.9,capital
BRB,NAM,9242.1,capital
BRB,NCL,15048.8,capital
BRB,NER,6660.6,capital
BRB,NFK,14809.6,capital
BRB,NGA,7318.0,capital
BRB,NIC,2890.3,capital
BRB,NIU,12583.5,capital
BRB,NLD,7136.8,capital
BRB,NOR,7659.4,capital
BRB,NPL,14110.7,capital
BRB,NRU,14702.5,capital
BRB,NZL,13915.9,capital
BRB,OMN,12141.4,capital
BRB,PAK,12790.7,capital
BRB,PAN,2218.4,capital
BRB,PCN,8733.2,capital
BRB,PER,3392.2,capital
BRB,PHL,16933.0,capital
BRB,PLW,17235.5,capital
BRB,PNG,17069.7,capital
BRB,POL,8223.6,capital
BRB,PRI,914.4,capital
BRB,PRK,14190.5,capital
BRB,PRT,5702.3,capital
BRB,PRY,4274.5,capital
BRB,PSE,9687.0,capital
BRB,PYF,10437.8,capital
BRB,QAT,11426.6,capital
BRB,REU,13099.0,capital
BRB,ROU,8655.8,capital
BRB,RUS,9251.5,capital
BRB,RWA,10022.0,capital
BRB,SAU,10994.4,capital
BRB,SDN,9844.7,capital
BRB,SEN,4549.4,capital
BRB,SGP,17588.8,capital
BRB,SGS,7814.6,centroid
BRB,SHN,6748.1,capital
BRB,SJM,8248.8,capital
BRB,SLB,15684.9,capital
BRB,SLE,5085.7,capital
BRB,SLV,3196.9,capital
BRB,SMR,7566.9,centroid
BRB,SOM,11573.1,capital
BRB,SPM,3757.9,capital
BRB,SRB,8207.5,capital
BRB,SSD,10015.1,capital
BRB,STP,7441.1,capital
BRB,SUR,941.5,capital
BRB,SVK,7945.0,capital
BRB,SVN,7742.0,capital
BRB,SWE,8059.8,capital
BRB,SWZ,10732.5,capital
BRB,SXM,658.5,capital
BRB,SYC,12837.2,capital
BRB,SYR,9742.7,capital
BRB,TCA,1534.8,capital
BRB,TCD,8070.3,capital
BRB,TGO,6700.9,capital
BRB,THA,16311.5,capital
BRB,TJK,12163.1,capital
BRB,TKL,12641.4,centroid
BRB,TKM,11428.1,capital
BRB,TLS,19255.2,capital
BRB,TON,13123.6,centroid
BRB,TTO,341.1,capital
BRB,TUN,7348.9,capital
BRB,TUR,9284.3,capital
BRB,TUV,13584.2,capital
BRB,TWN,15770.0,capital
BRB,TZA,10740.7,capital
BRB,UGA,10238.1,capital
BRB,UKR,8897.8,capital
BRB,UMI,13799.4,centroid
BRB,UNK,8276.6,capital
BRB,URY,5350.8,capital
BRB,USA,4609.6,centroid
BRB,UZB,12012.5,capital
BRB,VAT,7561.5,capital
BRB,VCT,174.1,capital
BRB,VEN,842.0,capital
BRB,VGB,797.5,capital
BRB,VIR,813.4,capital
BRB,VNM,15900.9,capital
BRB,VUT,14997.1,centroid
BRB,WLF,13167.1,capital
BRB,WSM,12704.1,capital
BRB,YEM,11460.5,centroid
BRB,ZAF,10421.6,capital
BRB,ZMB,10173.0,capital
BRB,ZWE,10519.9,capital
BRN,BTN,3670.4,capital
BRN,BVT,11829.7,centroid
BRN,BWA,10136.6,capital
BRN,CAF,10671.3,capital
BRN,CAN,14322.9,capital
BRN,CCK,2757.7,capital
BRN,CHE,10916.3,capital
BRN,CHL,16786.4,capital
BRN,CHN,3896.5,capital
BRN,CIV,13253.8,capital
BRN,CMR,11453.6,capital
BRN,COD,11112.5,capital
BRN,COG,11115.4,capital
BRN,COK,9717.4,capital
BRN,COL,18559.1,capital
BRN,COM,8137.7,capital
BRN,CPV,14934.6,capital
BRN,CRI,17179.5,capital
BRN,CUB,16375.3,capital
BRN,CUW,18076.6,capital
BRN,CXR,1987.6,capital
BRN,CYM,16787.8,capital
BRN,CYP,8930.3,capital
BRN,CZE,10334.7,capital
BRN,DEU,10348.6,capital
BRN,DJI,7918.5,capital
BRN,DMA,17733.7,capital
BRN,DNK,10326.2,capital
BRN,DOM,17363.9,capital
BRN,DZA,11592.6,capital
BRN,ECU,18432.5,capital
BRN,EGY,9128.9,capital
BRN,ERI,8365.6,capital
BRN,ESH,13507.1,centroid
BRN,ESP,12004.6,capital
BRN,EST,9550.0,capital
BRN,ETH,8409.5,capital
BRN,FIN,9536.2,capital
BRN,FJI,7412.4,capital
BRN,FLK,14768.3,capital
BRN,FRA,11210.2,capital
BRN,FRO,11099.3,capital
BRN,FSM,4784.3,capital
BRN,GAB,11719.2,capital
BRN,GBR,11264.4,capital
BRN,GEO,8000.3,capital
BRN,GGY,11515.2,centroid
BRN,GHA,12719.9,capital
BRN,GIB,12323.5,capital
BRN,GIN,14100.3,capital
BRN,GLP,17663.8,capital
BRN,GMB,14288.3,capital
BRN,GNB,14237.5,capital
BRN,GNQ,11756.6,capital
BRN,GRC,9779.1,capital
BRN,GRD,18087.1,centroid
BRN,GRL,12254.8,capital
BRN,GTM,16467.0,capital
BRN,GUF,18228.6,capital
BRN,GUM,3404.4,capital
BRN,GUY,18505.7,capital
BRN,HKG,1933.9,centroid
BRN,HMD,7569.3,centroid
BRN,HND,16787.2,capital
BRN,HRV,10307.4,capital
BRN,HTI,17290.0,capital
BRN,HUN,10047.9,capital
BRN,IDN,1527.2,capital
BRN,IMN,11404.8,capital
BRN,IND,4769.6,capital
BRN,IOT,4972.4,centroid
BRN,IRL,11550.0,capital
BRN,IRN,7312.2,capital
BRN,IRQ,7904.3,capital
BRN,ISL,11553.8,capital
BRN,ISR,8750.7,capital
BRN,ITA,10663.1,capital
BRN,JAM,17163.1,capital
BRN,JEY,11496.4,capital
BRN,JOR,8682.4,capital
BRN,JPN,4260.3,capital
BRN,KAZ,6527.1,capital
BRN,KEN,8704.6,capital
BRN,KGZ,5791.4,capital
BRN,KHM,1328.9,capital
BRN,KIR,6455.8,centroid
BRN,KNA,17534.8,capital
BRN,KOR,3833.5,capital
BRN,KWT,7513.4,capital
BRN,LAO,1978.4,capital
BRN,LBN,8730.3,capital
BRN,LBR,13864.4,capital
BRN,LBY,10800.4,capital
BRN,LCA,17868.0,capital
BRN,LIE,10759.1,capital
BRN,LKA,3887.0,capital
BRN,LSO,10027.9,capital
BRN,LTU,9542.2,capital
BRN,LUX,10923.1,capital
BRN,LVA,9602.5,capital
BRN,MAC,1926.9,centroid
BRN,MAF,17453.0,capital
BRN,MAR,12540.5,capital
BRN,MCO,11016.9,capital
BRN,MDA,9313.0,capital
BRN,MDG,7834.4,capital
BRN,MDV,4592.5,capital
BRN,MEX,15410.6,capital
BRN,MHL,6242.9,capital
BRN,MKD,9932.9,capital
BRN,MLI,13415.4,capital
BRN,MLT,10620.5,capital
BRN,MMR,2635.4,centroid
BRN,MNE,10104.4,capital
BRN,MNG,4844.6,capital
BRN,MNP,3557.7,capital
BRN,MOZ,9485.7,capital
BRN,MRT,14058.8,capital
BRN,MSR,17593.4,capital
BRN,MTQ,17803.4,capital
BRN,MUS,6861.6,capital
BRN,MWI,9189.0,capital
BRN,MYS,1482.8,capital
BRN,MYT,7945.3,capital
BRN,NAM,11021.5,capital
BRN,NCL,6361.6,capital
BRN,NER,12326.3,capital
BRN,NFK,6800.1,capital
BRN,NGA,11825.9,capital
BRN,NIC,17003.2,capital
BRN,NIU,8635.5,capital
BRN,NLD,10909.0,capital
BRN,NOR,10318.0,capital
BRN,NPL,4030.1,capital
BRN,NRU,5805.4,capital
BRN,NZL,7932.6,capital
BRN,OMN,6390.9,capital
BRN,PAK,5379.7,capital
BRN,PAN,17789.7,capital
BRN,PCN,12747.6,capital
BRN,PER,18478.0,capital
BRN,PHL,1266.5,capital
BRN,PLW,2194.9,capital
BRN,PNG,3910.5,capital
BRN,POL,9844.6,capital
BRN,PRI,17415.4,capital
BRN,PRK,3949.9,capital
BRN,PRT,12507.1,capital
BRN,PRY,17613.3,capital
BRN,PSE,8752.2,capital
BRN,PYF,10752.1,capital
BRN,QAT,7107.3,capital
BRN,REU,7089.1,capital
BRN,ROU,9534.6,capital
BRN,RUS,8766.7,capital
BRN,RWA,9459.3,capital
BRN,SAU,7582.3,capital
BRN,SDN,9050.3,capital
BRN,SEN,14333.8,capital
BRN,SGP,1294.6,capital
BRN,SGS,13949.3,centroid
BRN,SHN,13431.7,capital
BRN,SJM,9684.9,capital
BRN,SLB,5235.6,capital
BRN,SLE,14079.5,capital
BRN,SLV,16644.8,capital
BRN,SMR,10626.8,centroid
BRN,SOM,7728.3,capital
BRN,SPM,14203.5,capital
BRN,SRB,9976.2,capital
BRN,SSD,9228.0,capital
BRN,STP,12021.4,capital
BRN,SUR,18391.2,capital
BRN,SVK,10180.2,capital
BRN,SVN,10414.7,capital
BRN,SWE,9927.8,capital
BRN,SWZ,9629.8,capital
BRN,SXM,17457.3,capital
BRN,SYC,6690.8,capital
BRN,SYR,8655.8,capital
BRN,TCA,17010.9,capital
BRN,TCD,10963.9,capital
BRN,TGO,12555.7,capital
BRN,THA,1864.3,capital
BRN,TJK,5963.9,capital
BRN,TKL,8243.2,centroid
BRN,TKM,6778.4,capital
BRN,TLS,1904.4,capital
BRN,TON,8132.1,centroid
BRN,TTO,18241.4,capital
BRN,TUN,10981.7,capital
BRN,TUR,8984.3,capital
BRN,TUV,7278.4,capital
BRN,TWN,2349.6,capital
BRN,TZA,8877.5,capital
BRN,UGA,9157.9,capital
BRN,UKR,9193.3,capital
BRN,UMI,5819.1,centroid
BRN,UNK,9946.5,capital
BRN,URY,16555.3,capital
BRN,USA,14217.8,centroid
BRN,UZB,6072.9,capital
BRN,VAT,10667.4,capital
BRN,VCT,17964.4,capital
BRN,VEN,18293.3,capital
BRN,VGB,17421.9,capital
BRN,VIR,17431.7,capital
BRN,VNM,2045.3,capital
BRN,VUT,6179.3,centroid
BRN,WLF,7866.7,capital
BRN,WSM,8346.8,capital
BRN,YEM,7392.5,centroid
BRN,ZAF,9919.5,capital
BRN,ZMB,9794.5,capital
BRN,ZWE,9529.8,capital
BTN,BVT,12226.9,centroid
BTN,BWA,8954.9,capital
BTN,CAF,7920.0,capital
BTN,CAN,11776.8,capital
BTN,CCK,4473.4,capital
BTN,CHE,7251.0,capital
BTN,CHL,18015.9,capital
BTN,CHN,2819.7,capital
BTN,CIV,10139.8,capital
BTN,CMR,8638.3,capital
BTN,COD,8697.4,capital
BTN,COG,8697.0,capital
BTN,COK,13036.0,capital
BTN,COL,16043.4,capital
BTN,COM,6629.2,capital
BTN,CPV,11409.4,capital
BTN,CRI,15706.3,capital
BTN,CUB,14323.9,capital
BTN,CUW,15041.4,capital
BTN,CXR,4553.7,capital
BTN,CYM,14727.2,capital
BTN,CYP,5345.1,capital
BTN,CZE,6679.1,capital
BTN,DEU,6712.0,capital
BTN,DJI,5147.3,capital
BTN,DMA,14325.3,capital
BTN,DNK,6724.5,capital
BTN,DOM,14451.4,capital
BTN,DZA,7941.8,capital
BTN,ECU,16733.7,capital
BTN,EGY,5636.4,capital
BTN,ERI,5382.4,capital
BTN,ESH,9914.8,centroid
BTN,ESP,8334.3,capital
BTN,EST,5998.0,capital
BTN,ETH,5705.7,capital
BTN,FIN,5997.4,capital
BTN,FJI,10810.3,capital
BTN,FLK,16197.5,capital
BTN,FRA,7559.3,capital
BTN,FRO,7656.1,capital
BTN,FSM,7536.9,capital
BTN,GAB,9020.2,capital
BTN,GBR,7639.2,capital
BTN,GEO,4339.7,capital
BTN,GGY,7877.4,centroid
BTN,GHA,9707.1,capital
BTN,GIB,8661.8,capital
BTN,GIN,10807.0,capital
BTN,GLP,14280.8,capital
BTN,GMB,10862.2,capital
BTN,GNB,10860.1,capital
BTN,GNQ,8913.7,capital
BTN,GRC,6149.2,capital
BTN,GRD,14635.5,centroid
BTN,GRL,9283.8,capital
BTN,GTM,15333.0,capital
BTN,GUF,14571.7,capital
BTN,GUM,5899.2,capital
BTN,GUY,14866.5,capital
BTN,HKG,2538.3,centroid
BTN,HMD,9110.8,centroid
BTN,HND,15382.7,capital
BTN,HRV,6637.2,capital
BTN,HTI,14543.1,capital
BTN,HUN,6379.8,capital
BTN,IDN,4176.9,capital
BTN,IMN,7821.3,capital
BTN,IND,1225.8,capital
BTN,IOT,4201.2,centroid
BTN,IRL,7962.0,capital
BTN,IRN,3709.4,capital
BTN,IRQ,4353.9,capital
BTN,ISL,8246.4,capital
BTN,ISR,5228.9,capital
BTN,ITA,6997.5,capital
BTN,JAM,14752.7,capital
BTN,JEY,7855.5,capital
BTN,JOR,5157.7,capital
BTN,JPN,4777.1,capital
BTN,KAZ,3047.6,capital
BTN,KEN,6481.1,capital
BTN,KGZ,2184.9,capital
BTN,KHM,2380.2,capital
BTN,KIR,9279.7,centroid
BTN,KNA,14214.8,capital
BTN,KOR,3649.3,capital
BTN,KWT,4059.0,capital
BTN,LAO,1695.6,capital
BTN,LBN,5168.0,capital
BTN,LBR,10704.5,capital
BTN,LBY,7211.3,capital
BTN,LCA,14422.9,capital
BTN,LIE,7093.2,capital
BTN,LKA,2505.7,capital
BTN,LSO,9141.7,capital
BTN,LTU,5921.5,capital
BTN,LUX,7272.1,capital
BTN,LVA,6010.8,capital
BTN,MAC,2479.5,centroid
BTN,MAF,14160.8,capital
BTN,MAR,8886.4,capital
BTN,MCO,7346.5,capital
BTN,MDA,5643.2,capital
BTN,MDG,6866.9,capital
BTN,MDV,3103.8,capital
BTN,MEX,14715.8,capital
BTN,MHL,8832.1,capital
BTN,MKD,6271.5,capital
BTN,MLI,10097.3,capital
BTN,MLT,6998.6,capital
BTN,MMR,1039.6,centroid
BTN,MNE,6440.2,capital
BTN,MNG,2719.0,capital
BTN,MNP,5920.5,capital
BTN,MOZ,8516.9,capital
BTN,MRT,10542.9,capital
BTN,MSR,14241.9,capital
BTN,MTQ,14371.1,capital
BTN,MUS,6325.7,capital
BTN,MWI,7579.3,capital
BTN,MYS,2992.2,capital
BTN,MYT,6553.0,capital
BTN,NAM,9569.8,capital
BTN,NCL,9927.4,capital
BTN,NER,9081.0,capital
BTN,NFK,10434.9,capital
BTN,NGA,8774.5,capital
BTN,NIC,15589.7,capital
BTN,NIU,11965.5,capital
BTN,NLD,7282.2,capital
BTN,NOR,6783.3,capital
BTN,NPL,426.7,capital
BTN,NRU,8784.0,capital
BTN,NZL,11602.7,capital
BTN,OMN,3155.4,capital
BTN,PAK,1731.5,capital
BTN,PAN,15796.2,capital
BTN,PCN,16059.8,capital
BTN,PER,17808.4,capital
BTN,PHL,3539.2,capital
BTN,PLW,5222.3,capital
BTN,PNG,7426.2,capital
BTN,POL,6200.6,capital
BTN,PRI,14278.1,capital
BTN,PRK,3567.7,capital
BTN,PRT,8836.8,capital
BTN,PRY,16756.7,capital
BTN,PSE,5227.7,capital
BTN,PYF,13887.5,capital
BTN,QAT,3789.7,capital
BTN,REU,6513.7,capital
BTN,ROU,5866.0,capital
BTN,RUS,5169.2,capital
BTN,RWA,7152.6,capital
BTN,SAU,4276.9,capital
BTN,SDN,6004.1,capital
BTN,SEN,10871.4,capital
BTN,SGP,3280.9,capital
BTN,SGS,14797.6,centroid
BTN,SHN,11331.1,capital
BTN,SJM,6661.1,capital
BTN,SLB,8598.6,capital
BTN,SLE,10822.1,capital
BTN,SLV,15437.1,capital
BTN,SMR,6957.0,centroid
BTN,SOM,5490.8,capital
BTN,SPM,11073.7,capital
BTN,SRB,6306.4,capital
BTN,SSD,6622.0,capital
BTN,STP,9291.2,capital
BTN,SUR,14721.1,capital
BTN,SVK,6514.4,capital
BTN,SVN,6744.9,capital
BTN,SWE,6375.0,capital
BTN,SWZ,8658.7,capital
BTN,SXM,14162.8,capital
BTN,SYC,5117.0,capital
BTN,SYR,5101.0,capital
BTN,TCA,14195.4,capital
BTN,TCD,7884.2,capital
BTN,TGO,9538.5,capital
BTN,THA,1895.5,capital
BTN,TJK,2293.7,capital
BTN,TKL,11287.4,centroid
BTN,TKM,3129.8,capital
BTN,TLS,5567.9,capital
BTN,TON,11522.8,centroid
BTN,TTO,14758.0,capital
BTN,TUN,7343.0,capital
BTN,TUR,5340.9,capital
BTN,TUV,10399.7,capital
BTN,TWN,3182.2,capital
BTN,TZA,6889.3,capital
BTN,UGA,6781.4,capital
BTN,UKR,5536.2,capital
BTN,UMI,7791.0,centroid
BTN,UNK,6282.2,capital
BTN,URY,16678.6,capital
BTN,USA,12702.8,centroid
BTN,UZB,2411.7,capital
BTN,VAT,7001.8,capital
BTN,VCT,14513.4,capital
BTN,VEN,15094.4,capital
BTN,VGB,14207.3,capital
BTN,VIR,14231.5,capital
BTN,VNM,1789.7,capital
BTN,VUT,9628.0,centroid
BTN,WLF,11089.2,capital
BTN,WSM,11545.0,capital
BTN,YEM,4508.8,centroid
BTN,ZAF,8844.3,capital
BTN,ZMB,8149.4,capital
BTN,ZWE,8072.9,capital
BVT,BWA,3796.1,centroid
BVT,CAF,6686.9,centroid
BVT,CAN,13358.7,centroid
BVT,CCK,9129.7,centroid
BVT,CHE,11279.5,centroid
BVT,CHL,6051.4,centroid
BVT,CHN,14913.6,centroid
BVT,CIV,6859.1,centroid
BVT,CMR,6526.1,centroid
BVT,COD,5674.6,centroid
BVT,COG,5680.8,centroid
BVT,COK,11452.0,centroid
BVT,COL,9623.2,centroid
BVT,COM,5890.1,centroid
BVT,CPV,8122.7,centroid
BVT,CRI,10902.1,centroid
BVT,CUB,11817.2,centroid
BVT,CUW,9993.5,centroid
BVT,CXR,9845.2,centroid
BVT,CYM,11412.0,centroid
BVT,CYP,10368.6,centroid
BVT,CZE,11667.6,centroid
BVT,DEU,11929.1,centroid
BVT,DJI,8234.6,centroid
BVT,DMA,9852.6,centroid
BVT,DNK,12272.0,centroid
BVT,DOM,10640.1,centroid
BVT,DZA,10137.2,centroid
BVT,ECU,9465.6,centroid
BVT,EGY,9767.9,centroid
BVT,ERI,8454.8,centroid
BVT,ESH,8916.5,centroid
BVT,ESP,10568.6,centroid
BVT,EST,12804.0,centroid
BVT,ETH,7790.8,centroid
BVT,FIN,12885.5,centroid
BVT,FJI,11931.8,centroid
BVT,FLK,3973.9,centroid
BVT,FRA,11485.4,centroid
BVT,FRO,12978.4,centroid
BVT,FSM,14271.0,centroid
BVT,GAB,6121.6,centroid
BVT,GBR,11784.7,centroid
BVT,GEO,11390.7,centroid
BVT,GGY,11566.7,centroid
BVT,GHA,6678.9,centroid
BVT,GIB,10106.7,centroid
BVT,GIN,7291.4,centroid
BVT,GLP,9937.8,centroid
BVT,GMB,7781.0,centroid
BVT,GNB,7586.1,centroid
BVT,GNQ,6489.5,centroid
BVT,GRC,10458.5,centroid
BVT,GRD,9567.6,centroid
BVT,GRL,14007.6,centroid
BVT,GTM,11578.0,centroid
BVT,GUF,8356.6,centroid
BVT,GUM,14360.4,centroid
BVT,GUY,8862.8,centroid
BVT,HKG,13338.0,centroid
BVT,HMD,4358.4,centroid
BVT,HND,11315.7,centroid
BVT,HRV,11210.1,centroid
BVT,HTI,10792.2,centroid
BVT,HUN,11429.2,centroid
BVT,IDN,10303.2,centroid
BVT,IMN,12095.6,centroid
BVT,IND,11599.8,centroid
BVT,IOT,8061.1,centroid
BVT,IRL,12016.0,centroid
BVT,IRN,11022.6,centroid
BVT,IRQ,10520.0,centroid
BVT,ISL,13362.1,centroid
BVT,ISR,10059.0,centroid
BVT,ITA,10745.9,centroid
BVT,JAM,11012.6,centroid
BVT,JEY,11533.7,centroid
BVT,JOR,10100.0,centroid
BVT,JPN,16088.9,centroid
BVT,KAZ,13324.6,centroid
BVT,KEN,6645.2,centroid
BVT,KGZ,12740.7,centroid
BVT,KHM,11794.4,centroid
BVT,KIR,14044.1,centroid
BVT,KNA,10116.2,centroid
BVT,KOR,15419.5,centroid
BVT,KWT,10248.6,centroid
BVT,LAO,12213.5,centroid
BVT,LBN,10291.9,centroid
BVT,LBR,6881.5,centroid
BVT,LBY,9755.0,centroid
BVT,LCA,9707.5,centroid
BVT,LIE,11309.3,centroid
BVT,LKA,9771.3,centroid
BVT,LSO,3395.6,centroid
BVT,LTU,12297.9,centroid
BVT,LUX,11571.9,centroid
BVT,LVA,12525.6,centroid
BVT,MAC,13288.1,centroid
BVT,MAF,10209.2,centroid
BVT,MAR,9883.7,centroid
BVT,MCO,10922.7,centroid
BVT,MDA,11531.3,centroid
BVT,MDG,5427.3,centroid
BVT,MDV,9124.6,centroid
BVT,MEX,12556.9,centroid
BVT,MHL,14641.9,centroid
BVT,MKD,10858.8,centroid
BVT,MLI,7531.7,centroid
BVT,MLT,10100.9,centroid
BVT,MMR,12271.8,centroid
BVT,MNE,10877.0,centroid
BVT,MNG,14899.0,centroid
BVT,MNP,14581.7,centroid
BVT,MOZ,3962.9,centroid
BVT,MRT,8272.0,centroid
BVT,MSR,10031.7,centroid
BVT,MTQ,9768.9,centroid
BVT,MUS,5903.5,centroid
BVT,MWI,5215.3,centroid
BVT,MYS,10827.1,centroid
BVT,MYT,5886.7,centroid
BVT,NAM,3724.1,centroid
BVT,NCL,11332.9,centroid
BVT,NER,7556.3,centroid
BVT,NFK,10614.2,centroid
BVT,NGA,7070.3,centroid
BVT,NIC,11079.7,centroid
BVT,NIU,11819.0,centroid
BVT,NLD,11877.2,centroid
BVT,NOR,12731.4,centroid
BVT,NPL,11987.3,centroid
BVT,NRU,13717.2,centroid
BVT,NZL,9339.9,centroid
BVT,OMN,10133.4,centroid
BVT,PAK,11837.5,centroid
BVT,PAN,10366.7,centroid
BVT,PCN,10122.6,centroid
BVT,PER,8303.4,centroid
BVT,PHL,13093.9,centroid
BVT,PLW,13242.4,centroid
BVT,PNG,12141.6,centroid
BVT,POL,11971.7,centroid
BVT,PRI,10418.7,centroid
BVT,PRK,15449.9,centroid
BVT,PRT,10427.9,centroid
BVT,PRY,5891.5,centroid
BVT,PSE,10072.4,centroid
BVT,PYF,11610.5,centroid
BVT,QAT,9984.8,centroid
BVT,REU,5713.2,centroid
BVT,ROU,11201.5,centroid
BVT,RUS,12641.3,centroid
BVT,RWA,6318.7,centroid
BVT,SAU,9722.5,centroid
BVT,SDN,8256.6,centroid
BVT,SEN,7935.9,centroid
BVT,SGP,10798.2,centroid
BVT,SGS,2574.5,centroid
BVT,SHN,4353.8,centroid
BVT,SJM,14774.2,centroid
BVT,SLB,12581.2,centroid
BVT,SLE,7167.6,centroid
BVT,SLV,11407.8,centroid
BVT,SMR,10952.8,centroid
BVT,SOM,7361.8,centroid
BVT,SPM,12567.4,centroid
BVT,SRB,11152.2,centroid
BVT,SSD,7090.3,centroid
BVT,STP,6097.9,centroid
BVT,SUR,8603.5,centroid
BVT,SVK,11478.8,centroid
BVT,SVN,11222.4,centroid
BVT,SWE,12717.3,centroid
BVT,SWZ,3847.5,centroid
BVT,SXM,10203.1,centroid
BVT,SYC,7231.9,centroid
BVT,SYR,10274.3,centroid
BVT,TCA,10988.3,centroid
BVT,TCD,7480.0,centroid
BVT,TGO,6737.3,centroid
BVT,THA,11704.7,centroid
BVT,TJK,12064.1,centroid
BVT,TKL,12948.4,centroid
BVT,TKM,11532.4,centroid
BVT,TLS,11194.4,centroid
BVT,TON,11737.1,centroid
BVT,TTO,9422.3,centroid
BVT,TUN,10167.5,centroid
BVT,TUR,10861.0,centroid
BVT,TUV,13003.4,centroid
BVT,TWN,14050.6,centroid
BVT,TZA,6096.5,centroid
BVT,UGA,6647.2,centroid
BVT,UKR,11933.1,centroid
BVT,UMI,15857.1,centroid
BVT,UNK,10928.8,centroid
BVT,URY,5005.5,centroid
BVT,USA,13977.2,centroid
BVT,UZB,12335.9,centroid
BVT,VAT,10746.7,centroid
BVT,VCT,9640.6,centroid
BVT,VEN,9721.3,centroid
BVT,VGB,10330.0,centroid
BVT,VIR,10339.7,centroid
BVT,VNM,12690.6,centroid
BVT,VUT,12030.1,centroid
BVT,WLF,12485.4,centroid
BVT,WSM,12410.4,centroid
BVT,YEM,8792.9,centroid
BVT,ZAF,3781.4,centroid
BVT,ZMB,4842.5,centroid
BVT,ZWE,4704.7,centroid
BWA,CAF,3323.0,capital
BWA,CAN,12807.3,capital
BWA,CCK,7535.4,capital
BWA,CHE,8175.1,capital
BWA,CHL,9090.8,capital
BWA,CHN,11772.9,capital
BWA,CIV,4863.8,capital
BWA,CMR,3532.5,capital
BWA,COD,2528.5,capital
BWA,COG,2536.1,capital
BWA,COK,14878.6,capital
BWA,COL,11229.9,capital
BWA,COM,2326.2,capital
BWA,CPV,6935.3,capital
BWA,CRI,12627.0,capital
BWA,CUB,12812.6,capital
BWA,CUW,11043.4,capital
BWA,CXR,8501.5,capital
BWA,CYM,12578.2,capital
BWA,CYP,6698.6,capital
BWA,CZE,8388.0,capital
BWA,DEU,8667.4,capital
BWA,DJI,4443.0,capital
BWA,DMA,10445.8,capital
BWA,DNK,9021.6,capital
BWA,DOM,11416.1,capital
BWA,DZA,7232.9,capital
BWA,ECU,11452.5,capital
BWA,EGY,6110.9,capital
BWA,ERI,4666.0,capital
BWA,ESH,6886.3,centroid
BWA,ESP,7857.4,capital
BWA,EST,9351.1,capital
BWA,ETH,3995.5,capital
BWA,FIN,9432.4,capital
BWA,FJI,14402.1,capital
BWA,FLK,7465.4,capital
BWA,FRA,8502.5,capital
BWA,FRO,10067.0,capital
BWA,FSM,14574.0,capital
BWA,GAB,3301.1,capital
BWA,GBR,8843.1,capital
BWA,GEO,7630.4,capital
BWA,GGY,8711.2,centroid
BWA,GHA,4389.4,capital
BWA,GIB,7515.1,capital
BWA,GIN,5733.9,capital
BWA,GLP,10511.4,capital
BWA,GMB,6260.8,capital
BWA,GNB,6063.1,capital
BWA,GNQ,3661.5,capital
BWA,GRC,6968.8,capital
BWA,GRD,10326.0,centroid
BWA,GRL,11886.9,capital
BWA,GTM,13319.3,capital
BWA,GUF,9057.4,capital
BWA,GUM,13517.9,capital
BWA,GUY,9727.7,capital
BWA,HKG,10856.2,centroid
BWA,HMD,4991.5,centroid
BWA,HND,12964.0,capital
BWA,HRV,7899.8,capital
BWA,HTI,11658.6,capital
BWA,HUN,8052.5,capital
BWA,IDN,8806.0,capital
BWA,IMN,9234.7,capital
BWA,IND,8073.6,capital
BWA,IOT,5277.4,centroid
BWA,IRL,9210.0,capital
BWA,IRN,7226.8,capital
BWA,IRQ,6739.3,capital
BWA,ISL,10703.7,capital
BWA,ISR,6351.5,capital
BWA,ITA,7526.9,capital
BWA,JAM,12075.7,capital
BWA,JEY,8668.2,capital
BWA,JOR,6384.3,capital
BWA,JPN,13649.7,capital
BWA,KAZ,9535.3,capital
BWA,KEN,2850.9,capital
BWA,KGZ,9009.7,capital
BWA,KHM,9457.9,capital
BWA,KIR,15637.5,centroid
BWA,KNA,10667.0,capital
BWA,KOR,12578.3,capital
BWA,KWT,6452.7,capital
BWA,LAO,9559.1,capital
BWA,LBN,6588.7,capital
BWA,LBR,5257.0,capital
BWA,LBY,6538.8,capital
BWA,LCA,10348.1,capital
BWA,LIE,8151.1,capital
BWA,LKA,6812.9,capital
BWA,LSO,541.4,capital
BWA,LTU,8822.8,capital
BWA,LUX,8486.6,capital
BWA,LVA,9075.1,capital
BWA,MAC,10791.6,centroid
BWA,MAF,10736.5,capital
BWA,MAR,7383.6,capital
BWA,MCO,7835.4,capital
BWA,MDA,7974.1,capital
BWA,MDG,2319.5,capital
BWA,MDV,6059.1,capital
BWA,MEX,14356.3,capital
BWA,MHL,15857.3,capital
BWA,MKD,7425.5,capital
BWA,MLI,5539.4,capital
BWA,MLT,6839.0,capital
BWA,MMR,9351.1,centroid
BWA,MNE,7491.8,capital
BWA,MNG,11381.4,capital
BWA,MNP,13686.6,capital
BWA,MOZ,686.5,capital
BWA,MRT,6570.7,capital
BWA,MSR,10590.5,capital
BWA,MTQ,10382.9,capital
BWA,MUS,3278.3,capital
BWA,MWI,1446.7,capital
BWA,MYS,8724.1,capital
BWA,MYT,2420.4,capital
BWA,NAM,928.7,capital
BWA,NCL,13279.0,capital
BWA,NER,4968.1,capital
BWA,NFK,12796.8,capital
BWA,NGA,4247.4,capital
BWA,NIC,12788.8,capital
BWA,NIU,14861.7,capital
BWA,NLD,8805.6,capital
BWA,NOR,9504.9,capital
BWA,NPL,8623.4,capital
BWA,NRU,14969.3,capital
BWA,NZL,12011.0,capital
BWA,OMN,6406.6,capital
BWA,PAK,8181.9,capital
BWA,PAN,11975.6,capital
BWA,PCN,13913.6,capital
BWA,PER,10722.3,capital
BWA,PHL,11179.8,capital
BWA,PLW,12242.0,capital
BWA,PNG,12603.3,capital
BWA,POL,8562.4,capital
BWA,PRI,11047.0,capital
BWA,PRK,12514.6,capital
BWA,PRT,7936.1,capital
BWA,PRY,8263.0,capital
BWA,PSE,6365.6,capital
BWA,PYF,15298.3,capital
BWA,QAT,6199.3,capital
BWA,REU,3051.9,capital
BWA,ROU,7682.1,capital
BWA,RUS,9009.5,capital
BWA,RWA,2563.7,capital
BWA,SAU,5926.5,capital
BWA,SDN,4528.1,capital
BWA,SEN,6422.9,capital
BWA,SGP,8851.7,capital
BWA,SGS,6066.0,centroid
BWA,SHN,3429.1,capital
BWA,SJM,11458.9,capital
BWA,SLB,13755.2,capital
BWA,SLE,5619.5,capital
BWA,SLV,13148.2,capital
BWA,SMR,7731.7,centroid
BWA,SOM,3634.0,capital
BWA,SPM,11409.5,capital
BWA,SRB,7743.2,capital
BWA,SSD,3337.9,capital
BWA,STP,3462.4,capital
BWA,SUR,9384.6,capital
BWA,SVK,8142.9,capital
BWA,SVN,7946.0,capital
BWA,SWE,9366.3,capital
BWA,SWZ,567.7,capital
BWA,SXM,10731.0,capital
BWA,SYC,3863.6,capital
BWA,SYR,6560.3,capital
BWA,TCA,11659.8,capital
BWA,TCD,4254.3,capital
BWA,TGO,4342.9,capital
BWA,THA,9142.5,capital
BWA,TJK,8324.3,capital
BWA,TKL,15798.9,centroid
BWA,TKM,7742.6,capital
BWA,TLS,10574.1,capital
BWA,TON,14558.6,centroid
BWA,TTO,10244.1,capital
BWA,TUN,7031.8,capital
BWA,TUR,7216.4,capital
BWA,TUV,15324.8,capital
BWA,TWN,11665.1,capital
BWA,TZA,2307.0,capital
BWA,UGA,2868.1,capital
BWA,UKR,8364.1,capital
BWA,UMI,15935.3,centroid
BWA,UNK,7502.2,capital
BWA,URY,7789.4,capital
BWA,USA,14481.4,centroid
BWA,UZB,8581.4,capital
BWA,VAT,7529.2,capital
BWA,VCT,10330.8,capital
BWA,VEN,10770.0,capital
BWA,VGB,10901.3,capital
BWA,VIR,10927.6,capital
BWA,VNM,10016.2,capital
BWA,VUT,13831.6,centroid
BWA,WLF,15163.6,capital
BWA,WSM,15325.3,capital
BWA,YEM,5018.6,centroid
BWA,ZAF,259.4,capital
BWA,ZMB,1057.8,capital
BWA,ZWE,927.4,capital
CAF,CAN,9993.2,capital
CAF,CCK,8840.3,capital
CAF,CHE,4854.3,capital
CAF,CHL,10201.0,capital
CAF,CHN,10361.8,capital
CAF,CIV,2651.1,capital
CAF,CMR,782.5,capital
CAF,COD,1031.1,capital
CAF,COG,1025.9,capital
CAF,COK,18133.2,capital
CAF,COL,10260.0,capital
CAF,COM,3263.8,capital
CAF,CPV,4749.0,capital
CAF,CRI,11402.8,capital
CAF,CUB,10928.9,capital
CAF,CUW,9628.3,capital
CAF,CXR,9781.7,capital
CAF,CYM,10884.2,capital
CAF,CYP,3748.8,capital
CAF,CZE,5099.4,capital
CAF,DEU,5376.4,capital
CAF,DJI,2822.4,capital
CAF,DMA,8802.5,capital
CAF,DNK,5730.9,capital
CAF,DOM,9690.6,capital
CAF,DZA,3930.5,capital
CAF,ECU,10794.5,capital
CAF,EGY,3153.6,capital
CAF,ERI,2540.7,capital
CAF,ESH,4049.5,centroid
CAF,ESP,4586.3,capital
CAF,EST,6147.1,capital
CAF,ETH,2288.7,capital
CAF,FIN,6229.2,capital
CAF,FJI,17343.4,capital
CAF,FLK,9461.9,capital
CAF,FRA,5180.0,capital
CAF,FRO,6744.0,capital
CAF,FSM,15359.7,capital
CAF,GAB,1103.1,capital
CAF,GBR,5521.1,capital
CAF,GEO,4903.0,capital
CAF,GGY,5396.5,centroid
CAF,GHA,2081.4,capital
CAF,GIB,4297.9,capital
CAF,GIN,3602.0,capital
CAF,GLP,8837.2,capital
CAF,GMB,3984.0,capital
CAF,GNB,3847.1,capital
CAF,GNQ,1086.1,capital
CAF,GRC,3775.3,capital
CAF,GRD,8844.5,centroid
CAF,GRL,8627.0,capital
CAF,GTM,11921.7,capital
CAF,GUF,7853.0,capital
CAF,GUM,13755.1,capital
CAF,GUY,8485.7,capital
CAF,HKG,10401.3,centroid
CAF,HMD,8123.6,centroid
CAF,HND,11579.3,capital
CAF,HRV,4616.1,capital
CAF,HTI,9947.4,capital
CAF,HUN,4796.9,capital
CAF,IDN,9871.5,capital
CAF,IMN,5915.5,capital
CAF,IND,6732.8,capital
CAF,IOT,5990.3,centroid
CAF,IRL,5895.8,capital
CAF,IRN,4844.7,capital
CAF,IRQ,4189.5,capital
CAF,ISL,7389.7,capital
CAF,ISR,3508.5,capital
CAF,ITA,4216.2,capital
CAF,JAM,10421.3,capital
CAF,JEY,5352.8,capital
CAF,JOR,3563.8,capital
CAF,JPN,12452.3,capital
CAF,KAZ,7130.7,capital
CAF,KEN,2123.9,capital
CAF,KGZ,6962.2,capital
CAF,KHM,9514.9,capital
CAF,KIR,17103.9,centroid
CAF,KNA,8939.0,capital
CAF,KOR,11312.6,capital
CAF,KWT,4160.8,capital
CAF,LAO,9229.2,capital
CAF,LBN,3722.1,capital
CAF,LBR,3256.3,capital
CAF,LBY,3220.6,capital
CAF,LCA,8765.7,capital
CAF,LIE,4835.3,capital
CAF,LKA,6784.4,capital
CAF,LSO,3864.2,capital
CAF,LTU,5629.0,capital
CAF,LUX,5165.7,capital
CAF,LVA,5867.6,capital
CAF,MAC,10337.1,centroid
CAF,MAF,8974.5,capital
CAF,MAR,4212.8,capital
CAF,MCO,4512.8,capital
CAF,MDA,4844.5,capital
CAF,MDG,4094.4,capital
CAF,MDV,6092.3,capital
CAF,MEX,12709.9,capital
CAF,MHL,16741.6,capital
CAF,MKD,4194.6,capital
CAF,MLI,3055.3,capital
CAF,MLT,3531.3,capital
CAF,MMR,8738.8,centroid
CAF,MNE,4234.9,capital
CAF,MNG,9523.3,capital
CAF,MNP,13808.0,capital
CAF,MOZ,3695.6,capital
CAF,MRT,4052.4,capital
CAF,MSR,8886.3,capital
CAF,MTQ,8771.0,capital
CAF,MUS,5051.6,capital
CAF,MWI,2641.4,capital
CAF,MYS,9220.4,capital
CAF,MYT,3509.4,capital
CAF,NAM,2997.7,capital
CAF,NCL,16027.2,capital
CAF,NER,2071.4,capital
CAF,NFK,15782.0,capital
CAF,NGA,1328.0,capital
CAF,NIC,11506.6,capital
CAF,NIU,18140.3,capital
CAF,NLD,5485.0,capital
CAF,NOR,6212.8,capital
CAF,NPL,7499.2,capital
CAF,NRU,16476.5,capital
CAF,NZL,15275.5,capital
CAF,OMN,4775.7,capital
CAF,PAK,6494.0,capital
CAF,PAN,10815.3,capital
CAF,PCN,15953.8,capital
CAF,PER,10714.5,capital
CAF,PHL,11215.5,capital
CAF,PLW,12800.7,capital
CAF,PNG,14317.4,capital
CAF,POL,5327.6,capital
CAF,PRI,9291.9,capital
CAF,PRK,11168.0,capital
CAF,PRT,4735.1,capital
CAF,PRY,8838.0,capital
CAF,PSE,3520.0,capital
CAF,PYF,18061.0,capital
CAF,QAT,4217.1,capital
CAF,REU,4905.5,capital
CAF,ROU,4516.5,capital
CAF,RUS,5961.5,capital
CAF,RWA,1458.2,capital
CAF,SAU,3764.6,capital
CAF,SDN,1970.6,capital
CAF,SEN,4104.1,capital
CAF,SGP,9475.1,capital
CAF,SGS,8294.9,centroid
CAF,SHN,3495.7,capital
CAF,SJM,8214.8,capital
CAF,SLB,15719.0,capital
CAF,SLE,3541.2,capital
CAF,SLV,11797.2,capital
CAF,SMR,4423.0,centroid
CAF,SOM,2985.1,capital
CAF,SPM,8494.8,capital
CAF,SRB,4500.9,capital
CAF,SSD,1444.9,capital
CAF,STP,1387.6,capital
CAF,SUR,8161.0,capital
CAF,SVK,4870.8,capital
CAF,SVN,4652.2,capital
CAF,SWE,6112.3,capital
CAF,SWZ,3688.2,capital
CAF,SXM,8970.7,capital
CAF,SYC,4218.8,capital
CAF,SYR,3725.6,capital
CAF,TCA,9799.0,capital
CAF,TCD,943.8,capital
CAF,TGO,1929.2,capital
CAF,THA,9024.0,capital
CAF,TJK,6324.9,capital
CAF,TKL,18740.7,centroid
CAF,TKM,5494.6,capital
CAF,TLS,11948.1,capital
CAF,TON,17739.4,centroid
CAF,TTO,8835.1,capital
CAF,TUN,3709.3,capital
CAF,TUR,4206.6,capital
CAF,TUV,17827.0,capital
CAF,TWN,11099.5,capital
CAF,TZA,2238.7,capital
CAF,UGA,1621.7,capital
CAF,UKR,5246.3,capital
CAF,UMI,15642.9,centroid
CAF,UNK,4267.9,capital
CAF,URY,8908.4,capital
CAF,USA,11896.2,centroid
CAF,UZB,6484.2,capital
CAF,VAT,4218.2,capital
CAF,VCT,8792.6,capital
CAF,VEN,9421.3,capital
CAF,VGB,9135.5,capital
CAF,VIR,9168.6,capital
CAF,VNM,9552.6,capital
CAF,VUT,16334.5,centroid
CAF,WLF,18118.4,capital
CAF,WSM,18469.0,capital
CAF,YEM,3431.8,centroid
CAF,ZAF,3505.1,capital
CAF,ZMB,2445.4,capital
CAF,ZWE,2822.7,capital
CAN,CCK,16250.1,capital
CAN,CHE,6084.4,capital
CAN,CHL,8784.5,capital
CAN,CHN,10451.7,capital
CAN,CIV,7944.7,capital
CAN,CMR,9484.2,capital
CAN,COD,10429.0,capital
CAN,COG,10421.7,capital
CAN,COK,11226.0,capital
CAN,COL,4539.6,capital
CAN,COM,13177.1,capital
CAN,CPV,5912.8,capital
CAN,CRI,3935.5,capital
CAN,CUB,2550.0,capital
CAN,CUW,3757.4,capital
CAN,CXR,16122.2,capital
CAN,CYM,2951.6,capital
CAN,CYP,8575.3,capital
CAN,CZE,6333.0,capital
CAN,DEU,6129.3,capital
CAN,DJI,11216.9,capital
CAN,DMA,3605.9,capital
CAN,DNK,5906.7,capital
CAN,DOM,3043.2,capital
CAN,DZA,6408.4,capital
CAN,ECU,5082.7,capital
CAN,EGY,8856.8,capital
CAN,ERI,10605.8,capital
CAN,ESH,6000.2,centroid
CAN,ESP,5690.5,capital
CAN,EST,6309.0,capital
CAN,ETH,11129.5,capital
CAN,FIN,6271.6,capital
CAN,FJI,12658.5,capital
CAN,FLK,10932.1,capital
CAN,FRA,5649.4,capital
CAN,FRO,4630.2,capital
CAN,FSM,12117.4,capital
CAN,GAB,9598.2,capital
CAN,GBR,5361.8,capital
CAN,GEO,8676.8,capital
CAN,GGY,5297.4,centroid
CAN,GHA,8437.9,capital
CAN,GIB,5821.9,capital
CAN,GIN,7085.0,capital
CAN,GLP,3520.8,capital
CAN,GMB,6552.6,capital
CAN,GNB,6753.2,capital
CAN,GNQ,9279.4,capital
CAN,GRC,7745.3,capital
CAN,GRD,3933.5,centroid
CAN,GRL,2558.8,capital
CAN,GTM,3693.1,capital
CAN,GUF,5037.4,capital
CAN,GUM,12309.9,capital
CAN,GUY,4613.9,capital
CAN,HKG,12423.3,centroid
CAN,HMD,17579.2,centroid
CAN,HND,3648.0,capital
CAN,HRV,6698.4,capital
CAN,HTI,3003.6,capital
CAN,HUN,6775.2,capital
CAN,IDN,15649.7,capital
CAN,IMN,4980.9,capital
CAN,IND,11339.2,capital
CAN,IOT,14610.8,centroid
CAN,IRL,4901.2,capital
CAN,IRN,9551.9,capital
CAN,IRQ,9386.7,capital
CAN,ISL,3863.6,capital
CAN,ISR,8971.5,capital
CAN,ITA,6731.4,capital
CAN,JAM,3050.0,capital
CAN,JEY,5341.9,capital
CAN,JOR,9001.6,capital
CAN,JPN,10322.1,capital
CAN,KAZ,8820.9,capital
CAN,KEN,11846.8,capital
CAN,KGZ,9767.6,capital
CAN,KHM,13679.6,capital
CAN,KIR,11534.2,centroid
CAN,KNA,3350.3,capital
CAN,KOR,10513.0,capital
CAN,KWT,9943.6,capital
CAN,LAO,12965.7,capital
CAN,LBN,8812.9,capital
CAN,LBR,7564.5,capital
CAN,LBY,7398.5,capital
CAN,LCA,3756.6,capital
CAN,LIE,6206.6,capital
CAN,LKA,13705.4,capital
CAN,LSO,13257.5,capital
CAN,LTU,6643.2,capital
CAN,LUX,5851.4,capital
CAN,LVA,6435.9,capital
CAN,MAC,12442.6,centroid
CAN,MAF,3256.8,capital
CAN,MAR,5842.4,capital
CAN,MCO,6273.5,capital
CAN,MDA,7381.6,capital
CAN,MDG,14066.1,capital
CAN,MDV,13714.7,capital
CAN,MEX,3602.6,capital
CAN,MHL,11182.8,capital
CAN,MKD,7303.9,capital
CAN,MLI,7279.9,capital
CAN,MLT,7277.8,capital
CAN,MMR,12492.2,centroid
CAN,MNE,7134.8,capital
CAN,MNG,9635.5,capital
CAN,MNP,12088.5,capital
CAN,MOZ,13415.6,capital
CAN,MRT,6239.4,capital
CAN,MSR,3429.8,capital
CAN,MTQ,3690.3,capital
CAN,MUS,14916.9,capital
CAN,MWI,12623.3,capital
CAN,MYS,14610.1,capital
CAN,MYT,13412.9,capital
CAN,NAM,11980.0,capital
CAN,NCL,13898.4,capital
CAN,NER,7995.6,capital
CAN,NFK,14252.7,capital
CAN,NGA,8761.8,capital
CAN,NIC,3833.1,capital
CAN,NIU,11824.4,capital
CAN,NLD,5631.4,capital
CAN,NOR,5599.2,capital
CAN,NPL,11661.4,capital
CAN,NRU,12147.7,capital
CAN,NZL,14483.9,capital
CAN,OMN,11049.7,capital
CAN,PAK,10669.9,capital
CAN,PAN,4066.0,capital
CAN,PCN,9571.3,capital
CAN,PER,6390.0,capital
CAN,PHL,13133.4,capital
CAN,PLW,13401.1,capital
CAN,PNG,14308.1,capital
CAN,POL,6577.8,capital
CAN,PRI,3124.5,capital
CAN,PRK,10383.8,capital
CAN,PRT,5385.6,capital
CAN,PRY,8070.9,capital
CAN,PSE,8959.9,capital
CAN,PYF,10189.8,capital
CAN,QAT,10516.8,capital
CAN,REU,14819.0,capital
CAN,ROU,7413.5,capital
CAN,RUS,7159.4,capital
CAN,RWA,11386.5,capital
CAN,SAU,10291.2,capital
CAN,SDN,10139.1,capital
CAN,SEN,6389.0,capital
CAN,SGP,14822.0,capital
CAN,SGS,11694.0,centroid
CAN,SHN,9780.0,capital
CAN,SJM,5122.5,capital
CAN,SLB,13398.7,capital
CAN,SLE,7203.1,capital
CAN,SLV,3749.1,capital
CAN,SMR,6603.1,centroid
CAN,SOM,12193.8,capital
CAN,SPM,1509.0,capital
CAN,SRB,7045.4,capital
CAN,SSD,10951.1,capital
CAN,STP,9390.5,capital
CAN,SUR,4824.1,capital
CAN,SVK,6616.0,capital
CAN,SVN,6590.5,capital
CAN,SWE,5994.8,capital
CAN,SWZ,13343.9,capital
CAN,SXM,3262.5,capital
CAN,SYC,13475.4,capital
CAN,SYR,8893.3,capital
CAN,TCA,2695.3,capital
CAN,TCD,9109.6,capital
CAN,TGO,8502.8,capital
CAN,THA,13425.1,capital
CAN,TJK,10028.2,capital
CAN,TKL,11209.3,centroid
CAN,TKM,9670.7,capital
CAN,TLS,15438.4,capital
CAN,TON,12287.0,centroid
CAN,TTO,4092.5,capital
CAN,TUN,6909.6,capital
CAN,TUR,8161.6,capital
CAN,TUV,11858.8,capital
CAN,TWN,11988.0,capital
CAN,TZA,12161.3,capital
CAN,UGA,11396.3,capital
CAN,UKR,7215.8,capital
CAN,UMI,10468.5,centroid
CAN,UNK,7238.9,capital
CAN,URY,9143.6,capital
CAN,USA,1943.1,centroid
CAN,UZB,9766.0,capital
CAN,VAT,6726.9,capital
CAN,VCT,3837.8,capital
CAN,VEN,3973.2,capital
CAN,VGB,3170.3,capital
CAN,VIR,3170.3,capital
CAN,VNM,12626.1,capital
CAN,VUT,13386.3,centroid
CAN,WLF,11867.7,capital
CAN,WSM,11567.0,capital
CAN,YEM,11237.7,centroid
CAN,ZAF,13060.7,capital
CAN,ZMB,12304.4,capital
CAN,ZWE,12703.6,capital
CCK,CHE,10944.9,capital
CCK,CHL,14772.1,capital
CCK,CHN,6132.3,capital
CCK,CIV,11476.1,capital
CCK,CMR,9589.2,capital
CCK,COD,8984.9,capital
CCK,COG,8989.6,capital
CCK,COK,10870.6,capital
CCK,COL,18709.8,capital
CCK,COM,5818.1,capital
CCK,CPV,13576.3,capital
CCK,CRI,19763.2,capital
CCK,CUB,18791.7,capital
CCK,CUW,18461.7,capital
CCK,CXR,984.8,capital
CCK,CYM,19199.2,capital
CCK,CYP,8492.1,capital
CCK,CZE,10508.8,capital
CCK,DEU,10638.6,capital
CCK,DJI,6486.7,capital
CCK,DMA,17636.8,capital
CCK,DNK,10765.9,capital
CCK,DOM,18427.7,capital
CCK,DZA,11141.1,capital
CCK,ECU,18545.1,capital
CCK,EGY,8434.6,capital
CCK,ERI,7066.5,capital
CCK,ESH,12552.9,centroid
CCK,ESP,11765.8,capital
CCK,EST,10187.8,capital
CCK,ETH,6836.0,capital
CCK,FIN,10208.3,capital
CCK,FJI,8716.8,capital
CCK,FLK,12508.1,capital
CCK,FRA,11347.4,capital
CCK,FRO,11907.3,capital
CCK,FSM,7104.4,capital
CCK,GAB,9730.8,capital
CCK,GBR,11541.4,capital
CCK,GEO,8002.9,capital
CCK,GGY,11708.9,centroid
CCK,GHA,10897.9,capital
CCK,GIB,11886.7,capital
CCK,GIN,12439.5,capital
CCK,GLP,17664.3,capital
CCK,GMB,12815.4,capital
CCK,GNB,12686.2,capital
CCK,GNQ,9883.0,capital
CCK,GRC,9404.9,capital
CCK,GRD,17677.3,centroid
CCK,GRL,13738.6,capital
CCK,GTM,19175.0,capital
CCK,GUF,16533.2,capital
CCK,GUM,6003.2,capital
CCK,GUY,17208.6,capital
CCK,HKG,4270.4,centroid
CCK,HMD,5037.7,centroid
CCK,HND,19529.1,capital
CCK,HRV,10279.0,capital
CCK,HTI,18653.8,capital
CCK,HUN,10106.2,capital
CCK,IDN,1282.9,capital
CCK,IMN,11835.1,capital
CCK,IND,5000.4,capital
CCK,IOT,2861.5,centroid
CCK,IRL,11955.1,capital
CCK,IRN,7143.3,capital
CCK,IRQ,7508.2,capital
CCK,ISL,12590.5,capital
CCK,ISR,8170.6,capital
CCK,ITA,10444.2,capital
CCK,JAM,19071.2,capital
CCK,JEY,11673.6,capital
CCK,JOR,8118.3,capital
CCK,JPN,6969.0,capital
CCK,KAZ,7457.8,capital
CCK,KEN,6720.9,capital
CCK,KGZ,6524.1,capital
CCK,KHM,2784.7,capital
CCK,KIR,8540.2,centroid
CCK,KNA,17744.2,capital
CCK,KOR,6361.1,capital
CCK,KWT,6981.2,capital
CCK,LAO,3409.1,capital
CCK,LBN,8252.6,capital
CCK,LBR,12064.1,capital
CCK,LBY,10156.3,capital
CCK,LCA,17605.9,capital
CCK,LIE,10793.5,capital
CCK,LKA,2833.5,capital
CCK,LSO,7358.9,capital
CCK,LTU,9962.6,capital
CCK,LUX,11083.1,capital
CCK,LVA,10122.8,capital
CCK,MAC,4230.1,centroid
CCK,MAF,17761.9,capital
CCK,MAR,12009.6,capital
CCK,MCO,10890.9,capital
CCK,MDA,9394.5,capital
CCK,MDG,5317.2,capital
CCK,MDV,3152.6,capital
CCK,MEX,18128.3,capital
CCK,MHL,8513.8,capital
CCK,MKD,9737.7,capital
CCK,MLI,11879.6,capital
CCK,MLT,10119.0,capital
CCK,MMR,3800.2,centroid
CCK,MNE,9922.8,capital
CCK,MNG,6752.7,capital
CCK,MNP,6186.3,capital
CCK,MOZ,6860.0,capital
CCK,MRT,12807.7,capital
CCK,MSR,17703.0,capital
CCK,MTQ,17609.6,capital
CCK,MUS,4282.4,capital
CCK,MWI,6810.6,capital
CCK,MYS,1784.0,capital
CCK,MYT,5592.5,capital
CCK,NAM,8452.9,capital
CCK,NCL,7422.2,capital
CCK,NER,10820.8,capital
CCK,NFK,7534.8,capital
CCK,NGA,10146.6,capital
CCK,NIC,19681.0,capital
CCK,NIU,9904.1,capital
CCK,NLD,11205.4,capital
CCK,NOR,10958.3,capital
CCK,NPL,4602.1,capital
CCK,NRU,7833.1,capital
CCK,NZL,8117.9,capital
CCK,OMN,5765.4,capital
CCK,PAK,5688.6,capital
CCK,PAN,19482.6,capital
CCK,PCN,13458.4,capital
CCK,PER,17239.9,capital
CCK,PHL,3992.0,capital
CCK,PLW,4715.9,capital
CCK,PNG,5497.6,capital
CCK,POL,10133.0,capital
CCK,PRI,18055.9,capital
CCK,PRK,6434.0,capital
CCK,PRT,12228.6,capital
CCK,PRY,15016.2,capital
CCK,PSE,8178.1,capital
CCK,PYF,12014.8,capital
CCK,QAT,6434.5,capital
CCK,REU,4502.7,capital
CCK,ROU,9477.4,capital
CCK,RUS,9320.8,capital
CCK,RWA,7437.0,capital
CCK,SAU,6804.9,capital
CCK,SDN,7715.2,capital
CCK,SEN,12924.7,capital
CCK,SGP,1684.6,capital
CCK,SGS,11431.4,centroid
CCK,SHN,10943.2,capital
CCK,SJM,11131.8,capital
CCK,SLB,6887.3,capital
CCK,SLE,12372.2,capital
CCK,SLV,19341.9,capital
CCK,SMR,10497.6,centroid
CCK,SOM,5900.1,capital
CCK,SPM,15410.0,capital
CCK,SRB,9910.7,capital
CCK,SSD,7454.1,capital
CCK,STP,10025.5,capital
CCK,SUR,16862.7,capital
CCK,SVK,10265.1,capital
CCK,SVN,10395.9,capital
CCK,SWE,10542.6,capital
CCK,SWZ,6997.7,capital
CCK,SXM,17759.2,capital
CCK,SYC,4621.5,capital
CCK,SYR,8168.1,capital
CCK,TCA,18369.9,capital
CCK,TCD,9417.2,capital
CCK,TGO,10756.9,capital
CCK,THA,2909.5,capital
CCK,TJK,6345.2,capital
CCK,TKL,9924.1,centroid
CCK,TKM,6859.3,capital
CCK,TLS,3168.6,capital
CCK,TON,9361.4,centroid
CCK,TTO,17649.2,capital
CCK,TUN,10521.4,capital
CCK,TUR,8764.3,capital
CCK,TUV,8986.7,capital
CCK,TWN,4928.8,capital
CCK,TZA,6726.0,capital
CCK,UGA,7220.2,capital
CCK,UKR,9447.4,capital
CCK,UMI,8405.5,centroid
CCK,UNK,9782.4,capital
CCK,URY,14059.0,capital
CCK,USA,16830.9,centroid
CCK,UZB,6581.1,capital
CCK,VAT,10449.1,capital
CCK,VCT,17631.8,capital
CCK,VEN,18228.7,capital
CCK,VGB,17907.9,capital
CCK,VIR,17941.9,capital
CCK,VNM,3818.9,capital
CCK,VUT,7546.8,centroid
CCK,WLF,9381.4,capital
CCK,WSM,9835.6,capital
CCK,YEM,6165.2,centroid
CCK,ZAF,7300.3,capital
CCK,ZMB,7380.1,capital
CCK,ZWE,7059.3,capital
CHE,CHL,11851.3,capital
CHE,CHN,8074.7,capital
CHE,CIV,4624.1,capital
CHE,CMR,4806.4,capital
CHE,COD,5753.7,capital
CHE,COG,5746.5,capital
CHE,COK,16929.7,capital
CHE,COL,8990.5,capital
CHE,COM,7428.0,capital
CHE,CPV,4566.7,capital
CHE,CRI,9314.1,capital
CHE,CUB,8140.1,capital
CHE,CUW,7991.8,capital
CHE,CXR,11475.1,capital
CHE,CYM,8367.4,capital
CHE,CYP,2518.5,capital
CHE,CZE,620.6,capital
CHE,DEU,753.2,capital
CHE,DJI,5157.1,capital
CHE,DMA,7171.6,capital
CHE,DNK,1032.9,capital
CHE,DOM,7569.3,capital
CHE,DZA,1191.5,capital
CHE,ECU,9720.6,capital
CHE,EGY,2775.0,capital
CHE,ERI,4558.9,capital
CHE,ESH,3084.3,centroid
CHE,ESP,1151.9,capital
CHE,EST,1793.8,capital
CHE,ETH,5149.8,capital
CHE,FIN,1857.5,capital
CHE,FJI,16706.9,capital
CHE,FLK,12605.9,capital
CHE,FRA,435.0,capital
CHE,FRO,1900.6,capital
CHE,FSM,13365.2,capital
CHE,GAB,5180.4,capital
CHE,GBR,747.3,capital
CHE,GEO,3001.4,capital
CHE,GGY,793.6,centroid
CHE,GHA,4660.5,capital
CHE,GIB,1601.4,capital
CHE,GIN,4613.5,capital
CHE,GLP,7143.0,capital
CHE,GMB,4344.0,capital
CHE,GNB,4458.2,capital
CHE,GNQ,4804.5,capital
CHE,GRC,1660.9,capital
CHE,GRD,7445.9,centroid
CHE,GRL,3990.5,capital
CHE,GTM,9412.7,capital
CHE,GUF,7349.6,capital
CHE,GUM,12066.7,capital
CHE,GUY,7616.4,capital
CHE,HKG,9401.9,centroid
CHE,HMD,12710.1,centroid
CHE,HND,9215.1,capital
CHE,HRV,666.0,capital
CHE,HTI,7748.8,capital
CHE,HUN,876.8,capital
CHE,IDN,11224.9,capital
CHE,IMN,1159.9,capital
CHE,IND,6241.6,capital
CHE,IOT,8589.9,centroid
CHE,IRL,1203.7,capital
CHE,IRN,3822.5,capital
CHE,IRQ,3444.5,capital
CHE,ISL,2611.9,capital
CHE,ISR,2898.6,capital
CHE,ITA,690.9,capital
CHE,JAM,8126.9,capital
CHE,JEY,751.6,capital
CHE,JOR,2934.6,capital
CHE,JPN,9666.2,capital
CHE,KAZ,4537.3,capital
CHE,KEN,6078.1,capital
CHE,KGZ,5143.0,capital
CHE,KHM,9628.0,capital
CHE,KIR,14455.5,centroid
CHE,KNA,7116.8,capital
CHE,KOR,8862.2,capital
CHE,KWT,3986.2,capital
CHE,LAO,8938.0,capital
CHE,LBN,2760.7,capital
CHE,LBR,4843.9,capital
CHE,LBY,1637.1,capital
CHE,LCA,7246.1,capital
CHE,LIE,158.6,capital
CHE,LKA,8112.2,capital
CHE,LSO,8715.5,capital
CHE,LTU,1513.1,capital
CHE,LUX,311.5,capital
CHE,LVA,1585.7,capital
CHE,MAC,9367.1,centroid
CHE,MAF,7084.0,capital
CHE,MAR,1872.0,capital
CHE,MCO,357.0,capital
CHE,MDA,1619.4,capital
CHE,MDG,8350.2,capital
CHE,MDV,7868.6,capital
CHE,MEX,9628.8,capital
CHE,MHL,13800.4,capital
CHE,MKD,1236.3,capital
CHE,MLI,4081.4,capital
CHE,MLT,1361.1,capital
CHE,MMR,8281.4,centroid
CHE,MNE,1058.4,capital
CHE,MNG,6910.2,capital
CHE,MNP,11949.8,capital
CHE,MOZ,8491.7,capital
CHE,MRT,3856.8,capital
CHE,MSR,7123.9,capital
CHE,MTQ,7203.0,capital
CHE,MUS,8986.3,capital
CHE,MWI,7264.8,capital
CHE,MYS,10073.4,capital
CHE,MYT,7630.6,capital
CHE,NAM,7789.3,capital
CHE,NCL,16688.4,capital
CHE,NER,3750.9,capital
CHE,NFK,17408.5,capital
CHE,NGA,4213.2,capital
CHE,NIC,9301.8,capital
CHE,NIU,16904.0,capital
CHE,NLD,630.7,capital
CHE,NOR,1457.6,capital
CHE,NPL,6914.3,capital
CHE,NRU,14484.9,capital
CHE,NZL,18825.8,capital
CHE,OMN,5187.5,capital
CHE,PAK,5580.7,capital
CHE,PAN,9048.9,capital
CHE,PCN,15565.4,capital
CHE,PER,10570.2,capital
CHE,PHL,10514.8,capital
CHE,PLW,12039.7,capital
CHE,PNG,14381.6,capital
CHE,POL,1137.9,capital
CHE,PRI,7282.6,capital
CHE,PRK,8667.7,capital
CHE,PRT,1628.0,capital
CHE,PRY,10340.2,capital
CHE,PSE,2887.8,capital
CHE,PYF,16126.3,capital
CHE,QAT,4551.2,capital
CHE,REU,8943.2,capital
CHE,ROU,1472.3,capital
CHE,RUS,2288.5,capital
CHE,RWA,5868.2,capital
CHE,SAU,4252.7,capital
CHE,SDN,4188.6,capital
CHE,SEN,4263.2,capital
CHE,SGP,10387.9,capital
CHE,SGS,12028.4,centroid
CHE,SHN,7114.1,capital
CHE,SJM,3495.1,capital
CHE,SLB,15102.2,capital
CHE,SLE,4704.6,capital
CHE,SLV,9393.1,capital
CHE,SMR,525.1,centroid
CHE,SOM,6187.3,capital
CHE,SPM,4698.3,capital
CHE,SRB,1034.3,capital
CHE,SSD,5221.3,capital
CHE,STP,5183.3,capital
CHE,SUR,7475.5,capital
CHE,SVK,736.6,capital
CHE,SVN,549.1,capital
CHE,SWE,1544.0,capital
CHE,SWZ,8504.9,capital
CHE,SXM,7084.4,capital
CHE,SYC,7410.9,capital
CHE,SYR,2844.0,capital
CHE,TCA,7434.0,capital
CHE,TCD,3939.0,capital
CHE,TGO,4577.8,capital
CHE,THA,9122.9,capital
CHE,TJK,4964.7,capital
CHE,TKL,15795.1,centroid
CHE,TKM,4219.1,capital
CHE,TLS,12818.1,capital
CHE,TON,17010.4,centroid
CHE,TTO,7551.4,capital
CHE,TUN,1148.4,capital
CHE,TUR,2183.4,capital
CHE,TUV,15671.4,capital
CHE,TWN,9643.4,capital
CHE,TZA,6530.6,capital
CHE,UGA,5730.4,capital
CHE,UKR,1730.2,capital
CHE,UMI,12358.8,centroid
CHE,UNK,1180.0,capital
CHE,URY,11092.7,capital
CHE,USA,7961.4,centroid
CHE,UZB,4843.4,capital
CHE,VAT,687.3,capital
CHE,VCT,7329.7,capital
CHE,VEN,7970.2,capital
CHE,VGB,7173.0,capital
CHE,VIR,7203.0,capital
CHE,VNM,8924.7,capital
CHE,VUT,16091.6,centroid
CHE,WLF,16256.3,capital
CHE,WSM,16332.2,capital
CHE,YEM,5154.8,centroid
CHE,ZAF,8347.4,capital
CHE,ZMB,7239.5,capital
CHE,ZWE,7580.7,capital
CHL,CHN,19062.2,capital
CHL,CIV,8201.2,capital
CHL,CMR,9521.0,capital
CHL,COD,9368.2,capital
CHL,COG,9369.1,capital
CHL,COK,8651.2,capital
CHL,COL,4248.2,capital
CHL,COM,11415.6,capital
CHL,CPV,7341.7,capital
CHL,CRI,5170.9,capital
CHL,CUB,6414.1,capital
CHL,CUW,5071.6,capital
CHL,CXR,15120.5,capital
CHL,CYM,5974.2,capital
CHL,CYP,13216.0,capital
CHL,CZE,12469.3,capital
CHL,DEU,12525.3,capital
CHL,DJI,12913.6,capital
CHL,DMA,5510.0,capital
CHL,DNK,12627.3,capital
CHL,DOM,5774.8,capital
CHL,DZA,10918.3,capital
CHL,ECU,3785.2,capital
CHL,EGY,12804.5,capital
CHL,ERI,12737.2,capital
CHL,ESH,8869.9,centroid
CHL,ESP,10701.4,capital
CHL,EST,13451.7,capital
CHL,ETH,12354.5,capital
CHL,FIN,13481.4,capital
CHL,FJI,10719.8,capital
CHL,FLK,2274.7,capital
CHL,FRA,11647.8,capital
CHL,FRO,12045.3,capital
CHL,FSM,14202.6,capital
CHL,GAB,9115.0,capital
CHL,GBR,11672.5,capital
CHL,GEO,14388.6,capital
CHL,GGY,11397.7,centroid
CHL,GHA,8565.1,capital
CHL,GIB,10285.4,capital
CHL,GIN,7681.0,capital
CHL,GLP,5579.9,capital
CHL,GMB,7743.9,capital
CHL,GNB,7699.6,capital
CHL,GNQ,9263.0,capital
CHL,GRC,12556.3,capital
CHL,GRD,5156.2,centroid
CHL,GRL,10983.6,capital
CHL,GTM,5748.4,capital
CHL,GUF,4684.4,capital
CHL,GUM,15808.6,capital
CHL,GUY,4666.9,capital
CHL,HKG,18683.6,centroid
CHL,HMD,9753.0,centroid
CHL,HND,5570.2,capital
CHL,HRV,12361.4,capital
CHL,HTI,5785.0,capital
CHL,HUN,12652.9,capital
CHL,IDN,15595.9,capital
CHL,IMN,11613.5,capital
CHL,IND,16919.1,capital
CHL,IOT,14087.6,centroid
CHL,IRL,11466.1,capital
CHL,IRN,14783.9,capital
CHL,IRQ,14092.3,capital
CHL,ISL,11657.7,capital
CHL,ISR,13227.5,capital
CHL,ITA,11909.7,capital
CHL,JAM,5758.5,capital
CHL,JEY,11406.4,capital
CHL,JOR,13298.9,capital
CHL,JPN,17237.2,capital
CHL,KAZ,16387.1,capital
CHL,KEN,11538.4,capital
CHL,KGZ,16827.3,capital
CHL,KHM,17539.0,capital
CHL,KIR,12517.5,centroid
CHL,KNA,5705.7,capital
CHL,KOR,18358.4,capital
CHL,KWT,14257.3,capital
CHL,LAO,18165.9,capital
CHL,LBN,13343.9,capital
CHL,LBR,7688.7,capital
CHL,LBY,11447.7,capital
CHL,LCA,5374.7,capital
CHL,LIE,11997.2,capital
CHL,LKA,15783.1,capital
CHL,LSO,8938.3,capital
CHL,LTU,13341.1,capital
CHL,LUX,11923.9,capital
CHL,LVA,13341.9,capital
CHL,MAC,18693.9,centroid
CHL,MAF,5785.3,capital
CHL,MAR,10028.2,capital
CHL,MCO,11660.4,capital
CHL,MDA,13323.0,capital
CHL,MDG,11251.9,capital
CHL,MDV,15079.7,capital
CHL,MEX,6611.2,capital
CHL,MHL,13026.8,capital
CHL,MKD,12569.5,capital
CHL,MLI,8375.3,capital
CHL,MLT,11724.8,capital
CHL,MMR,18323.1,centroid
CHL,MNE,12429.7,capital
CHL,MNG,18395.0,capital
CHL,MNP,15837.7,capital
CHL,MOZ,9563.1,capital
CHL,MRT,8149.8,capital
CHL,MSR,5649.2,capital
CHL,MTQ,5439.8,capital
CHL,MUS,11906.9,capital
CHL,MWI,10446.0,capital
CHL,MYS,16551.3,capital
CHL,MYT,11506.6,capital
CHL,NAM,8450.3,capital
CHL,NCL,11358.2,capital
CHL,NER,9294.9,capital
CHL,NFK,10723.1,capital
CHL,NGA,9481.4,capital
CHL,NIC,5332.2,capital
CHL,NIU,9670.2,capital
CHL,NLD,12011.9,capital
CHL,NOR,12730.1,capital
CHL,NPL,17633.4,capital
CHL,NRU,12924.7,capital
CHL,NZL,9349.9,capital
CHL,OMN,14968.6,capital
CHL,PAK,16669.5,capital
CHL,PAN,4812.6,capital
CHL,PCN,5766.0,capital
CHL,PER,2467.8,capital
CHL,PHL,17613.3,capital
CHL,PLW,16132.3,capital
CHL,PNG,13790.2,capital
CHL,POL,12985.6,capital
CHL,PRI,5793.7,capital
CHL,PRK,18421.8,capital
CHL,PRT,10226.1,capital
CHL,PRY,1551.0,capital
CHL,PSE,13232.2,capital
CHL,PYF,7939.2,capital
CHL,QAT,14409.3,capital
CHL,REU,11701.4,capital
CHL,ROU,13024.4,capital
CHL,RUS,14130.3,capital
CHL,RWA,10877.7,capital
CHL,SAU,13939.8,capital
CHL,SDN,12157.5,capital
CHL,SEN,7773.4,capital
CHL,SGP,16392.5,capital
CHL,SGS,3508.8,centroid
CHL,SHN,6736.2,capital
CHL,SJM,13556.6,capital
CHL,SLB,12853.9,capital
CHL,SLE,7640.4,capital
CHL,SLV,5598.9,capital
CHL,SMR,12006.3,centroid
CHL,SOM,12525.4,capital
CHL,SPM,9038.8,capital
CHL,SRB,12629.3,capital
CHL,SSD,11438.6,capital
CHL,STP,8860.6,capital
CHL,SUR,4667.1,capital
CHL,SVK,12552.0,capital
CHL,SVN,12272.0,capital
CHL,SWE,13086.3,capital
CHL,SWZ,9418.3,capital
CHL,SXM,5781.2,capital
CHL,SYC,12950.0,capital
CHL,SYR,13395.4,capital
CHL,TCA,6106.8,capital
CHL,TCD,10354.0,capital
CHL,TGO,8729.4,capital
CHL,THA,17648.6,capital
CHL,TJK,16351.6,capital
CHL,TKL,10491.9,centroid
CHL,TKM,15442.8,capital
CHL,TLS,15038.5,capital
CHL,TON,10044.3,centroid
CHL,TTO,5000.6,capital
CHL,TUN,11445.4,capital
CHL,TUR,13366.8,capital
CHL,TUV,11307.3,capital
CHL,TWN,18511.1,capital
CHL,TZA,11126.6,capital
CHL,UGA,11251.3,capital
CHL,UKR,13551.7,capital
CHL,UMI,14169.8,centroid
CHL,UNK,12581.5,capital
CHL,URY,1338.7,capital
CHL,USA,8399.7,centroid
CHL,UZB,16397.3,capital
CHL,VAT,11906.2,capital
CHL,VCT,5278.4,capital
CHL,VEN,4902.7,capital
CHL,VGB,5804.6,capital
CHL,VIR,5791.6,capital
CHL,VNM,18590.1,capital
CHL,VUT,11797.0,centroid
CHL,WLF,10586.2,capital
CHL,WSM,10163.0,capital
CHL,YEM,13559.3,centroid
CHL,ZAF,9215.3,capital
CHL,ZMB,9870.3,capital
CHL,ZWE,9958.5,capital
CHN,CIV,12107.9,capital
CHN,CMR,10987.9,capital
CHN,COD,11260.9,capital
CHN,COG,11259.1,capital
CHN,COK,11000.2,capital
CHN,COL,14950.2,capital
CHN,COM,9448.0,capital
CHN,CPV,12641.3,capital
CHN,CRI,13939.0,capital
CHN,CUB,12739.6,capital
CHN,CUW,14203.9,capital
CHN,CXR,5704.5,capital
CHN,CYM,13179.7,capital
CHN,CYP,7065.8,capital
CHN,CZE,7455.4,capital
CHN,DEU,7356.1,capital
CHN,DJI,7760.6,capital
CHN,DMA,13871.8,capital
CHN,DNK,7200.9,capital
CHN,DOM,13490.9,capital
CHN,DZA,9109.9,capital
CHN,ECU,15351.0,capital
CHN,EGY,7541.1,capital
CHN,ERI,7863.3,capital
CHN,ESH,11141.0,centroid
CHN,ESP,9221.6,capital
CHN,EST,6364.0,capital
CHN,ETH,8314.2,capital
CHN,FIN,6321.6,capital
CHN,FJI,9098.5,capital
CHN,FLK,18632.0,capital
CHN,FRA,8216.6,capital
CHN,FRO,7596.0,capital
CHN,FSM,5538.5,capital
CHN,GAB,11415.2,capital
CHN,GBR,8140.1,capital
CHN,GEO,5844.9,capital
CHN,GGY,8423.6,centroid
CHN,GHA,11813.4,capital
CHN,GIB,9673.2,capital
CHN,GIN,12495.8,capital
CHN,GLP,13795.8,capital
CHN,GMB,12349.0,capital
CHN,GNB,12424.8,capital
CHN,GNQ,11223.0,capital
CHN,GRC,7615.7,capital
CHN,GRD,14226.8,centroid
CHN,GRL,8393.6,capital
CHN,GTM,13340.8,capital
CHN,GUF,14896.7,capital
CHN,GUM,4035.8,capital
CHN,GUY,14790.9,capital
CHN,HKG,1972.6,centroid
CHN,HMD,11167.5,centroid
CHN,HND,13534.0,capital
CHN,HRV,7638.4,capital
CHN,HTI,13452.7,capital
CHN,HUN,7339.6,capital
CHN,IDN,5221.3,capital
CHN,IMN,8136.8,capital
CHN,IND,3778.2,capital
CHN,IOT,6866.1,centroid
CHN,IRL,8282.3,capital
CHN,IRN,5600.8,capital
CHN,IRQ,6292.2,capital
CHN,ISL,7882.1,capital
CHN,ISR,7120.8,capital
CHN,ITA,8124.1,capital
CHN,JAM,13432.6,capital
CHN,JEY,8421.9,capital
CHN,JOR,7051.6,capital
CHN,JPN,2093.3,capital
CHN,KAZ,3652.0,capital
CHN,KEN,9213.4,capital
CHN,KGZ,3467.3,capital
CHN,KHM,3348.0,capital
CHN,KIR,7119.4,centroid
CHN,KNA,13653.8,capital
CHN,KOR,953.3,capital
CHN,KWT,6217.2,capital
CHN,LAO,2776.7,capital
CHN,LBN,6972.9,capital
CHN,LBR,12563.5,capital
CHN,LBY,8717.2,capital
CHN,LCA,14015.3,capital
CHN,LIE,7940.3,capital
CHN,LKA,5163.2,capital
CHN,LSO,11958.4,capital
CHN,LTU,6561.7,capital
CHN,LUX,7956.0,capital
CHN,LVA,6516.2,capital
CHN,MAC,1990.9,centroid
CHN,MAF,13568.3,capital
CHN,MAR,9941.1,capital
CHN,MCO,8309.9,capital
CHN,MDA,6732.3,capital
CHN,MDG,9665.0,capital
CHN,MDV,5849.9,capital
CHN,MEX,12458.9,capital
CHN,MHL,6553.5,capital
CHN,MKD,7524.8,capital
CHN,MLI,11832.7,capital
CHN,MLT,8409.3,capital
CHN,MMR,2642.6,centroid
CHN,MNE,7643.3,capital
CHN,MNG,1169.6,capital
CHN,MNP,3954.3,capital
CHN,MOZ,11333.2,capital
CHN,MRT,11897.4,capital
CHN,MSR,13718.4,capital
CHN,MTQ,13948.1,capital
CHN,MUS,9042.9,capital
CHN,MWI,10384.3,capital
CHN,MYS,4348.4,capital
CHN,MYT,9372.4,capital
CHN,NAM,12359.1,capital
CHN,NCL,8642.5,capital
CHN,NER,11011.0,capital
CHN,NFK,9335.9,capital
CHN,NGA,10930.7,capital
CHN,NIC,13773.5,capital
CHN,NIU,10044.0,capital
CHN,NLD,7821.5,capital
CHN,NOR,7024.0,capital
CHN,NPL,3154.3,capital
CHN,NRU,6807.4,capital
CHN,NZL,10781.0,capital
CHN,OMN,5670.9,capital
CHN,PAK,3881.5,capital
CHN,PAN,14335.9,capital
CHN,PCN,13709.2,capital
CHN,PER,16647.9,capital
CHN,PHL,2848.8,capital
CHN,PLW,4034.4,capital
CHN,PNG,6338.6,capital
CHN,POL,6940.5,capital
CHN,PRI,13519.0,capital
CHN,PRK,808.7,capital
CHN,PRT,9667.0,capital
CHN,PRY,18297.4,capital
CHN,PSE,7114.0,capital
CHN,PYF,11582.8,capital
CHN,QAT,6154.2,capital
CHN,REU,9245.3,capital
CHN,ROU,7059.8,capital
CHN,RUS,5793.0,capital
CHN,RWA,9834.7,capital
CHN,SAU,6597.6,capital
CHN,SDN,8391.2,capital
CHN,SEN,12293.9,capital
CHN,SGP,4477.8,capital
CHN,SGS,17458.9,centroid
CHN,SHN,13857.5,capital
CHN,SJM,5917.0,capital
CHN,SLB,7081.7,capital
CHN,SLE,12554.8,capital
CHN,SLV,13494.4,capital
CHN,SMR,7999.8,centroid
CHN,SOM,8254.5,capital
CHN,SPM,10347.9,capital
CHN,SRB,7414.7,capital
CHN,SSD,9219.8,capital
CHN,STP,11646.2,capital
CHN,SUR,14852.3,capital
CHN,SVK,7418.8,capital
CHN,SVN,7714.6,capital
CHN,SWE,6707.5,capital
CHN,SWZ,11475.8,capital
CHN,SXM,13572.9,capital
CHN,SYC,7934.5,capital
CHN,SYR,6932.9,capital
CHN,TCA,13146.5,capital
CHN,TCD,10090.9,capital
CHN,TGO,11656.6,capital
CHN,THA,3296.1,capital
CHN,TJK,4055.5,capital
CHN,TKL,9120.7,centroid
CHN,TKM,4932.7,capital
CHN,TLS,5471.3,capital
CHN,TON,9730.0,centroid
CHN,TTO,14387.4,capital
CHN,TUN,8641.2,capital
CHN,TUR,6833.5,capital
CHN,TUV,8386.5,capital
CHN,TWN,1719.5,capital
CHN,TZA,9658.1,capital
CHN,UGA,9457.8,capital
CHN,UKR,6449.8,capital
CHN,UMI,5285.9,centroid
CHN,UNK,7500.5,capital
CHN,URY,19156.3,capital
CHN,USA,10707.7,centroid
CHN,UZB,3937.4,capital
CHN,VAT,8127.0,capital
CHN,VCT,14109.7,capital
CHN,VEN,14401.2,capital
CHN,VGB,13527.7,capital
CHN,VIR,13536.6,capital
CHN,VNM,2326.5,capital
CHN,VUT,8125.3,centroid
CHN,WLF,9118.0,capital
CHN,WSM,9505.0,capital
CHN,YEM,7113.2,centroid
CHN,ZAF,11664.0,capital
CHN,ZMB,10941.4,capital
CHN,ZWE,10884.0,capital
CIV,CMR,1887.8,capital
CIV,COD,2599.9,capital
CIV,COG,2593.7,capital
CIV,COK,16841.2,capital
CIV,COL,7610.9,capital
CIV,COM,5748.9,capital
CIV,CPV,2184.1,capital
CIV,CRI,8762.4,capital
CIV,CUB,8395.0,capital
CIV,CUW,6987.8,capital
CIV,CXR,12427.3,capital
CIV,CYM,8302.7,capital
CIV,CYP,5045.6,capital
CIV,CZE,5148.3,capital
CIV,DEU,5359.7,capital
CIV,DJI,5335.3,capital
CIV,DMA,6179.5,capital
CIV,DNK,5656.9,capital
CIV,DOM,7095.3,capital
CIV,DZA,3432.6,capital
CIV,ECU,8161.6,capital
CIV,EGY,4604.0,capital
CIV,ERI,4906.7,capital
CIV,ESH,2131.1,centroid
CIV,ESP,3739.0,capital
CIV,EST,6378.0,capital
CIV,ETH,4851.9,capital
CIV,FIN,6449.8,capital
CIV,FJI,18694.4,capital
CIV,FLK,8194.2,capital
CIV,FRA,4728.6,capital
CIV,FRO,6138.0,capital
CIV,FSM,17625.2,capital
CIV,GAB,1783.3,capital
CIV,GBR,4991.6,capital
CIV,GEO,6263.0,capital
CIV,GGY,4748.7,centroid
CIV,GHA,578.9,capital
CIV,GIB,3260.7,capital
CIV,GIN,972.6,capital
CIV,GLP,6219.5,capital
CIV,GMB,1439.5,capital
CIV,GNB,1263.3,capital
CIV,GNQ,1593.2,capital
CIV,GRC,4531.4,capital
CIV,GRD,6203.0,centroid
CIV,GRL,7352.0,capital
CIV,GTM,9306.6,capital
CIV,GUF,5207.4,capital
CIV,GUM,16009.3,capital
CIV,GUY,5835.1,capital
CIV,HKG,12677.9,centroid
CIV,HMD,9809.5,centroid
CIV,HND,8957.3,capital
CIV,HRV,4792.7,capital
CIV,HTI,7353.4,capital
CIV,HUN,5077.6,capital
CIV,IDN,12522.5,capital
CIV,IMN,5263.3,capital
CIV,IND,8914.1,capital
CIV,IOT,8637.0,centroid
CIV,IRL,5172.7,capital
CIV,IRN,6582.8,capital
CIV,IRQ,5891.6,capital
CIV,ISL,6509.2,capital
CIV,ISR,5027.2,capital
CIV,ITA,4276.0,capital
CIV,JAM,7823.9,capital
CIV,JEY,4720.4,capital
CIV,JOR,5098.4,capital
CIV,JPN,14036.4,capital
CIV,KAZ,8493.1,capital
CIV,KEN,4757.0,capital
CIV,KGZ,8667.2,capital
CIV,KHM,12028.9,capital
CIV,KIR,19079.4,centroid
CIV,KNA,6332.3,capital
CIV,KOR,13030.1,capital
CIV,KWT,6097.0,capital
CIV,LAO,11639.1,capital
CIV,LBN,5153.0,capital
CIV,LBR,612.5,capital
CIV,LBY,3469.3,capital
CIV,LCA,6133.9,capital
CIV,LIE,4699.8,capital
CIV,LKA,9381.6,capital
CIV,LSO,5330.7,capital
CIV,LTU,5978.1,capital
CIV,LUX,4876.0,capital
CIV,LVA,6132.3,capital
CIV,MAC,12619.3,centroid
CIV,MAF,6375.1,capital
CIV,MAR,3027.9,capital
CIV,MCO,4287.6,capital
CIV,MDA,5522.3,capital
CIV,MDG,6454.4,capital
CIV,MDV,8716.7,capital
CIV,MEX,10156.5,capital
CIV,MHL,18424.5,capital
CIV,MKD,4712.8,capital
CIV,MLI,708.3,capital
CIV,MLT,3810.1,capital
CIV,MMR,11076.1,centroid
CIV,MNE,4636.2,capital
CIV,MNG,11050.2,capital
CIV,MNP,15991.2,capital
CIV,MOZ,5476.0,capital
CIV,MRT,1707.1,capital
CIV,MSR,6274.5,capital
CIV,MTQ,6143.1,capital
CIV,MUS,7486.4,capital
CIV,MWI,4891.2,capital
CIV,MYS,11833.9,capital
CIV,MYT,5990.4,capital
CIV,NAM,4073.7,capital
CIV,NCL,18081.2,capital
CIV,NER,1098.5,capital
CIV,NFK,17443.2,capital
CIV,NGA,1428.2,capital
CIV,NIC,8872.2,capital
CIV,NIU,17868.7,capital
CIV,NLD,5149.7,capital
CIV,NOR,6056.3,capital
CIV,NPL,9714.1,capital
CIV,NRU,18904.2,capital
CIV,NZL,16182.6,capital
CIV,OMN,7027.2,capital
CIV,PAK,8508.5,capital
CIV,PAN,8167.0,capital
CIV,PCN,13824.7,capital
CIV,PER,8204.1,capital
CIV,PHL,13629.2,capital
CIV,PLW,15291.5,capital
CIV,PNG,16966.7,capital
CIV,POL,5590.0,capital
CIV,PRI,6696.2,capital
CIV,PRK,12850.2,capital
CIV,PRT,3568.9,capital
CIV,PRY,6690.7,capital
CIV,PSE,5032.3,capital
CIV,PYF,15964.1,capital
CIV,QAT,6356.4,capital
CIV,REU,7307.1,capital
CIV,ROU,5169.8,capital
CIV,RUS,6616.1,capital
CIV,RWA,4041.0,capital
CIV,SAU,5867.5,capital
CIV,SDN,4229.8,capital
CIV,SEN,1590.5,capital
CIV,SGP,12100.2,capital
CIV,SGS,7429.1,centroid
CIV,SHN,2529.6,capital
CIV,SJM,8029.2,capital
CIV,SLB,18363.4,capital
CIV,SLE,896.4,capital
CIV,SLV,9174.1,capital
CIV,SMR,4455.3,centroid
CIV,SOM,5634.2,capital
CIV,SPM,6558.0,capital
CIV,SRB,4902.3,capital
CIV,SSD,4082.2,capital
CIV,STP,1514.3,capital
CIV,SUR,5512.2,capital
CIV,SVK,5058.3,capital
CIV,SVN,4757.2,capital
CIV,SWE,6165.4,capital
CIV,SWZ,5399.9,capital
CIV,SXM,6370.9,capital
CIV,SYC,6859.2,capital
CIV,SYR,5200.3,capital
CIV,TCA,7237.0,capital
CIV,TCD,2303.9,capital
CIV,TGO,722.1,capital
CIV,THA,11512.4,capital
CIV,TJK,8150.7,capital
CIV,TKL,18533.0,centroid
CIV,TKM,7243.0,capital
CIV,TLS,14599.0,capital
CIV,TON,18177.5,centroid
CIV,TTO,6188.4,capital
CIV,TUN,3684.9,capital
CIV,TUR,5285.0,capital
CIV,TUV,19487.2,capital
CIV,TWN,13259.7,capital
CIV,TZA,4774.7,capital
CIV,UGA,4260.8,capital
CIV,UKR,5873.4,capital
CIV,UMI,16978.4,centroid
CIV,UNK,4755.2,capital
CIV,URY,7065.9,capital
CIV,USA,9691.5,centroid
CIV,UZB,8213.6,capital
CIV,VAT,4274.7,capital
CIV,VCT,6156.0,capital
CIV,VEN,6774.6,capital
CIV,VGB,6539.5,capital
CIV,VIR,6571.7,capital
CIV,VNM,11890.8,capital
CIV,VUT,18692.7,centroid
CIV,WLF,18787.0,capital
CIV,WSM,18345.1,capital
CIV,YEM,5874.1,centroid
CIV,ZAF,5116.2,capital
CIV,ZMB,4447.3,capital
CIV,ZWE,4839.1,capital
CMR,COD,1004.1,capital
CMR,COG,996.5,capital
CMR,COK,17869.5,capital
CMR,COL,9486.2,capital
CMR,COM,3913.4,capital
CMR,CPV,4027.1,capital
CMR,CRI,10650.0,capital
CMR,CUB,10236.4,capital
CMR,CUW,8875.3,capital
CMR,CXR,10539.7,capital
CMR,CYM,10168.3,capital
CMR,CYP,4143.3,capital
CMR,CZE,5146.8,capital
CMR,DEU,5413.3,capital
CMR,DJI,3585.7,capital
CMR,DMA,8061.7,capital
CMR,DNK,5761.7,capital
CMR,DOM,8966.2,capital
CMR,DZA,3754.7,capital
CMR,ECU,10013.9,capital
CMR,EGY,3575.8,capital
CMR,ERI,3259.4,capital
CMR,ESH,3486.0,centroid
CMR,ESP,4341.1,capital
CMR,EST,6282.7,capital
CMR,ETH,3061.5,capital
CMR,FIN,6363.8,capital
CMR,FJI,17882.6,capital
CMR,FLK,8951.8,capital
CMR,FRA,5077.4,capital
CMR,FRO,6641.1,capital
CMR,FSM,16123.4,capital
CMR,GAB,449.2,capital
CMR,GBR,5406.8,capital
CMR,GEO,5351.9,capital
CMR,GGY,5242.4,centroid
CMR,GHA,1311.5,capital
CMR,GIB,3983.7,capital
CMR,GIN,2851.4,capital
CMR,GLP,8099.7,capital
CMR,GMB,3262.8,capital
CMR,GNB,3113.2,capital
CMR,GNQ,303.7,capital
CMR,GRC,3991.3,capital
CMR,GRD,8090.5,centroid
CMR,GRL,8355.9,capital
CMR,GTM,11187.5,capital
CMR,GUF,7077.4,capital
CMR,GUM,14506.1,capital
CMR,GUY,7714.8,capital
CMR,HKG,11141.1,centroid
CMR,HMD,8486.4,centroid
CMR,HND,10840.5,capital
CMR,HRV,4684.4,capital
CMR,HTI,9223.9,capital
CMR,HUN,4905.0,capital
CMR,IDN,10641.9,capital
CMR,IMN,5776.5,capital
CMR,IND,7436.2,capital
CMR,IOT,6749.9,centroid
CMR,IRL,5734.9,capital
CMR,IRN,5407.3,capital
CMR,IRQ,4728.2,capital
CMR,ISL,7218.0,capital
CMR,ISR,3968.3,capital
CMR,ITA,4229.4,capital
CMR,JAM,9696.4,capital
CMR,JEY,5201.8,capital
CMR,JOR,4030.9,capital
CMR,JPN,13063.6,capital
CMR,KAZ,7620.8,capital
CMR,KEN,2869.3,capital
CMR,KGZ,7544.7,capital
CMR,KHM,10290.8,capital
CMR,KIR,17875.1,centroid
CMR,KNA,8207.7,capital
CMR,KOR,11941.3,capital
CMR,KWT,4771.4,capital
CMR,LAO,9989.3,capital
CMR,LBN,4160.1,capital
CMR,LBR,2485.9,capital
CMR,LBY,3231.6,capital
CMR,LCA,8019.2,capital
CMR,LIE,4815.8,capital
CMR,LKA,7566.6,capital
CMR,LSO,4063.9,capital
CMR,LTU,5786.1,capital
CMR,LUX,5111.7,capital
CMR,LVA,6005.8,capital
CMR,MAC,11077.7,centroid
CMR,MAF,8247.2,capital
CMR,MAR,3852.3,capital
CMR,MCO,4451.7,capital
CMR,MDA,5078.8,capital
CMR,MDG,4685.4,capital
CMR,MDV,6874.5,capital
CMR,MEX,12011.0,capital
CMR,MHL,17469.8,capital
CMR,MKD,4352.8,capital
CMR,MLI,2352.8,capital
CMR,MLT,3575.2,capital
CMR,MMR,9484.5,centroid
CMR,MNE,4357.5,capital
CMR,MNG,10087.2,capital
CMR,MNP,14548.9,capital
CMR,MOZ,4019.1,capital
CMR,MRT,3383.8,capital
CMR,MSR,8152.2,capital
CMR,MTQ,8027.1,capital
CMR,MUS,5685.3,capital
CMR,MWI,3156.9,capital
CMR,MYS,10002.8,capital
CMR,MYT,4158.3,capital
CMR,NAM,3000.0,capital
CMR,NCL,16626.7,capital
CMR,NER,1489.0,capital
CMR,NFK,16271.5,capital
CMR,NGA,728.3,capital
CMR,NIC,10758.9,capital
CMR,NIU,18319.3,capital
CMR,NLD,5428.3,capital
CMR,NOR,6232.4,capital
CMR,NPL,8214.5,capital
CMR,NRU,17258.3,capital
CMR,NZL,15531.6,capital
CMR,OMN,5483.9,capital
CMR,PAK,7154.0,capital
CMR,PAN,10053.9,capital
CMR,PCN,15286.8,capital
CMR,PER,9939.3,capital
CMR,PHL,11980.4,capital
CMR,PLW,13577.6,capital
CMR,PNG,15079.5,capital
CMR,POL,5448.8,capital
CMR,PRI,8566.8,capital
CMR,PRK,11787.0,capital
CMR,PRT,4403.7,capital
CMR,PRY,8119.2,capital
CMR,PSE,3978.1,capital
CMR,PYF,17454.4,capital
CMR,QAT,4889.0,capital
CMR,REU,5522.4,capital
CMR,ROU,4731.3,capital
CMR,RUS,6220.9,capital
CMR,RWA,2159.7,capital
CMR,SAU,4419.6,capital
CMR,SDN,2640.4,capital
CMR,SEN,3392.9,capital
CMR,SGP,10256.7,capital
CMR,SGS,7872.5,centroid
CMR,SHN,2904.7,capital
CMR,SJM,8271.6,capital
CMR,SLB,16476.1,capital
CMR,SLE,2783.2,capital
CMR,SLV,11057.7,capital
CMR,SMR,4437.6,centroid
CMR,SOM,3761.6,capital
CMR,SPM,8009.7,capital
CMR,SRB,4635.2,capital
CMR,SSD,2227.4,capital
CMR,STP,660.9,capital
CMR,SUR,7387.6,capital
CMR,SVK,4952.7,capital
CMR,SVN,4699.6,capital
CMR,SWE,6192.8,capital
CMR,SWZ,3982.4,capital
CMR,SXM,8243.2,capital
CMR,SYC,4971.5,capital
CMR,SYR,4178.2,capital
CMR,TCA,9091.3,capital
CMR,TCD,995.1,capital
CMR,TGO,1167.7,capital
CMR,THA,9796.0,capital
CMR,TJK,6933.0,capital
CMR,TKL,19324.7,centroid
CMR,TKM,6070.5,capital
CMR,TLS,12714.5,capital
CMR,TON,18087.1,centroid
CMR,TTO,8075.9,capital
CMR,TUN,3666.7,capital
CMR,TUR,4546.3,capital
CMR,TUV,18558.2,capital
CMR,TWN,11820.4,capital
CMR,TZA,2911.9,capital
CMR,UGA,2373.5,capital
CMR,UKR,5477.6,capital
CMR,UMI,16267.7,centroid
CMR,UNK,4419.5,capital
CMR,URY,8253.6,capital
CMR,USA,11343.6,centroid
CMR,UZB,7067.8,capital
CMR,VAT,4230.4,capital
CMR,VCT,8042.7,capital
CMR,VEN,8662.1,capital
CMR,VGB,8410.2,capital
CMR,VIR,8442.8,capital
CMR,VNM,10300.9,capital
CMR,VUT,17015.4,centroid
CMR,WLF,18669.9,capital
CMR,WSM,18849.8,capital
CMR,YEM,4180.6,centroid
CMR,ZAF,3751.1,capital
CMR,ZMB,2828.7,capital
CMR,ZWE,3226.4,capital
COD,COG,7.6,capital
COD,COK,17125.7,capital
COD,COL,9979.4,capital
COD,COM,3181.2,capital
COD,CPV,4783.2,capital
COD,CRI,11237.7,capital
COD,CUB,10982.6,capital
COD,CUW,9480.2,capital
COD,CXR,9960.4,capital
COD,CYM,10867.3,capital
COD,CYP,4779.6,capital
COD,CZE,6051.3,capital
COD,DEU,6324.2,capital
COD,DJI,3550.8,capital
COD,DMA,8716.1,capital
COD,DNK,6676.8,capital
COD,DOM,9656.1,capital
COD,DZA,4738.8,capital
COD,ECU,10431.2,capital
COD,EGY,4183.5,capital
COD,ERI,3397.8,capital
COD,ESH,4433.1,centroid
COD,ESP,5340.0,capital
COD,EST,7139.0,capital
COD,ETH,2991.9,capital
COD,FIN,7220.9,capital
COD,FJI,16905.7,capital
COD,FLK,8475.5,capital
COD,FRA,6045.5,capital
COD,FRO,7613.3,capital
COD,FSM,15894.8,capital
COD,GAB,836.2,capital
COD,GBR,6379.6,capital
COD,GEO,5925.7,capital
COD,GGY,6225.9,centroid
COD,GHA,2043.2,capital
COD,GIB,4987.5,capital
COD,GIN,3563.1,capital
COD,GLP,8763.1,capital
COD,GMB,4037.3,capital
COD,GNB,3863.1,capital
COD,GNQ,1155.2,capital
COD,GRC,4784.3,capital
COD,GRD,8700.0,centroid
COD,GRL,9359.8,capital
COD,GTM,11830.2,capital
COD,GUF,7583.9,capital
COD,GUM,14378.8,capital
COD,GUY,8247.3,capital
COD,HKG,11102.1,centroid
COD,HMD,7492.2,centroid
COD,HND,11473.2,capital
COD,HRV,5575.9,capital
COD,HTI,9913.7,capital
COD,HUN,5774.3,capital
COD,IDN,10124.3,capital
COD,IMN,6757.3,capital
COD,IND,7550.9,capital
COD,IOT,6222.6,centroid
COD,IRL,6721.2,capital
COD,IRN,5825.9,capital
COD,IRQ,5186.8,capital
COD,ISL,8209.1,capital
COD,ISR,4532.9,capital
COD,ITA,5147.2,capital
COD,JAM,10378.4,capital
COD,JEY,6184.4,capital
COD,JOR,4586.7,capital
COD,JPN,13353.1,capital
COD,KAZ,8136.0,capital
COD,KEN,2411.7,capital
COD,KGZ,7918.7,capital
COD,KHM,10060.7,capital
COD,KIR,17516.3,centroid
COD,KNA,8887.6,capital
COD,KOR,12202.8,capital
COD,KWT,5115.5,capital
COD,LAO,9869.7,capital
COD,LBN,4749.3,capital
COD,LBR,3130.4,capital
COD,LBY,4144.2,capital
COD,LCA,8655.8,capital
COD,LIE,5751.3,capital
COD,LKA,7270.7,capital
COD,LSO,3060.1,capital
COD,LTU,6626.8,capital
COD,LUX,6062.6,capital
COD,LVA,6859.7,capital
COD,MAC,11036.2,centroid
COD,MAF,8936.8,capital
COD,MAR,4855.6,capital
COD,MCO,5402.8,capital
COD,MDA,5861.2,capital
COD,MDG,3854.7,capital
COD,MDV,6533.8,capital
COD,MEX,12728.3,capital
COD,MHL,17349.7,capital
COD,MKD,5188.1,capital
COD,MLI,3188.7,capital
COD,MLT,4473.8,capital
COD,MMR,9437.0,centroid
COD,MNE,5215.7,capital
COD,MNG,10481.4,capital
COD,MNP,14465.0,capital
COD,MOZ,3028.7,capital
COD,MRT,4240.3,capital
COD,MSR,8824.7,capital
COD,MTQ,8672.2,capital
COD,MUS,4890.2,capital
COD,MWI,2291.4,capital
COD,MYS,9632.4,capital
COD,MYT,3417.2,capital
COD,NAM,2036.2,capital
COD,NCL,15702.4,capital
COD,NER,2461.6,capital
COD,NFK,15292.3,capital
COD,NGA,1722.3,capital
COD,NIC,11363.9,capital
COD,NIU,17352.9,capital
COD,NLD,6381.2,capital
COD,NOR,7154.4,capital
COD,NPL,8287.1,capital
COD,NRU,16814.8,capital
COD,NZL,14531.2,capital
COD,OMN,5606.6,capital
COD,PAK,7379.4,capital
COD,PAN,10612.3,capital
COD,PCN,15052.4,capital
COD,PER,10161.1,capital
COD,PHL,11813.1,capital
COD,PLW,13298.0,capital
COD,PNG,14462.2,capital
COD,POL,6311.9,capital
COD,PRI,9259.0,capital
COD,PRK,12069.5,capital
COD,PRT,5407.7,capital
COD,PRY,8090.2,capital
COD,PSE,4544.7,capital
COD,PYF,17071.9,capital
COD,QAT,5110.4,capital
COD,REU,4708.1,capital
COD,ROU,5527.8,capital
COD,RUS,6985.1,capital
COD,RWA,1658.2,capital
COD,SAU,4683.6,capital
COD,SDN,2911.9,capital
COD,SEN,4183.9,capital
COD,SGP,9856.1,capital
COD,SGS,7278.1,centroid
COD,SHN,2634.6,capital
COD,SJM,9179.3,capital
COD,SLB,15808.3,capital
COD,SLE,3471.6,capital
COD,SLV,11686.2,capital
COD,SMR,5355.7,centroid
COD,SOM,3411.0,capital
COD,SPM,8972.2,capital
COD,SRB,5487.2,capital
COD,SSD,2075.4,capital
COD,STP,1085.6,capital
COD,SUR,7907.3,capital
COD,SVK,5837.7,capital
COD,SVN,5602.4,capital
COD,SWE,7082.5,capital
COD,SWZ,2985.8,capital
COD,SXM,8932.3,capital
COD,SYC,4449.5,capital
COD,SYR,4750.6,capital
COD,TCA,9817.9,capital
COD,TCD,1827.7,capital
COD,TGO,1949.3,capital
COD,THA,9603.9,capital
COD,TJK,7264.8,capital
COD,TKL,18325.9,centroid
COD,TKM,6463.7,capital
COD,TLS,12151.6,capital
COD,TON,17084.6,centroid
COD,TTO,8664.4,capital
COD,TUN,4606.4,capital
COD,TUR,5236.8,capital
COD,TUV,17726.6,capital
COD,TWN,11843.3,capital
COD,TZA,2270.8,capital
COD,UGA,1986.7,capital
COD,UKR,6263.3,capital
COD,UMI,16487.5,centroid
COD,UNK,5259.4,capital
COD,URY,8048.7,capital
COD,USA,12250.2,centroid
COD,UZB,7442.5,capital
COD,VAT,5148.7,capital
COD,VCT,8667.3,capital
COD,VEN,9244.7,capital
COD,VGB,9103.1,capital
COD,VIR,9134.3,capital
COD,VNM,10234.7,capital
COD,VUT,16166.8,centroid
COD,WLF,17682.1,capital
COD,WSM,17849.8,capital
COD,YEM,4193.2,centroid
COD,ZAF,2748.7,capital
COD,ZMB,1879.0,capital
COD,ZWE,2277.6,capital
COG,COK,17131.8,capital
COG,COL,9975.4,capital
COG,COM,3186.4,capital
COG,CPV,4777.1,capital
COG,CRI,11233.2,capital
COG,CUB,10976.9,capital
COG,CUW,9475.4,capital
COG,CXR,9965.0,capital
COG,CYM,10861.9,capital
COG,CYP,4774.5,capital
COG,CZE,6044.5,capital
COG,DEU,6317.3,capital
COG,DJI,3550.3,capital
COG,DMA,8710.9,capital
COG,DNK,6669.9,capital
COG,DOM,9650.7,capital
COG,DZA,4731.3,capital
COG,ECU,10427.9,capital
COG,EGY,4178.5,capital
COG,ERI,3395.9,capital
COG,ESH,4425.8,centroid
COG,ESP,5332.4,capital
COG,EST,7132.5,capital
COG,ETH,2991.4,capital
COG,FIN,7214.4,capital
COG,FJI,16913.2,capital
COG,FLK,8478.8,capital
COG,FRA,6038.2,capital
COG,FRO,7606.0,capital
COG,FSM,15897.4,capital
COG,GAB,829.3,capital
COG,GBR,6372.2,capital
COG,GEO,5921.1,capital
COG,GGY,6218.4,centroid
COG,GHA,2036.7,capital
COG,GIB,4979.9,capital
COG,GIN,3557.1,capital
COG,GLP,8757.9,capital
COG,GMB,4031.0,capital
COG,GNB,3856.9,capital
COG,GNQ,1147.8,capital
COG,GRC,4778.2,capital
COG,GRD,8695.1,centroid
COG,GRL,9352.1,capital
COG,GTM,11825.2,capital
COG,GUF,7579.7,capital
COG,GUM,14380.5,capital
COG,GUY,8243.0,capital
COG,HKG,11102.6,centroid
COG,HMD,7499.7,centroid
COG,HND,11468.4,capital
COG,HRV,5569.1,capital
COG,HTI,9908.3,capital
COG,HUN,5767.7,capital
COG,IDN,10128.4,capital
COG,IMN,6749.9,capital
COG,IND,7550.0,capital
COG,IOT,6226.5,centroid
COG,IRL,6713.7,capital
COG,IRN,5822.5,capital
COG,IRQ,5183.0,capital
COG,ISL,8201.6,capital
COG,ISR,4528.3,capital
COG,ITA,5140.2,capital
COG,JAM,10373.1,capital
COG,JEY,6176.9,capital
COG,JOR,4582.2,capital
COG,JPN,13351.4,capital
COG,KAZ,8132.1,capital
COG,KEN,2414.2,capital
COG,KGZ,7915.8,capital
COG,KHM,10062.6,capital
COG,KIR,17520.4,centroid
COG,KNA,8882.2,capital
COG,KOR,12201.2,capital
COG,KWT,5112.5,capital
COG,LAO,9870.8,capital
COG,LBN,4744.5,capital
COG,LBR,3124.7,capital
COG,LBY,4137.2,capital
COG,LCA,8650.8,capital
COG,LIE,5744.2,capital
COG,LKA,7272.9,capital
COG,LSO,3067.7,capital
COG,LTU,6620.4,capital
COG,LUX,6055.4,capital
COG,LVA,6853.2,capital
COG,MAC,11036.8,centroid
COG,MAF,8931.4,capital
COG,MAR,4848.0,capital
COG,MCO,5395.5,capital
COG,MDA,5855.2,capital
COG,MDG,3860.8,capital
COG,MDV,6536.2,capital
COG,MEX,12722.8,capital
COG,MHL,17352.1,capital
COG,MKD,5181.6,capital
COG,MLI,3181.9,capital
COG,MLT,4467.0,capital
COG,MMR,9437.5,centroid
COG,MNE,5209.1,capital
COG,MNG,10478.6,capital
COG,MNP,14466.3,capital
COG,MOZ,3036.2,capital
COG,MRT,4233.5,capital
COG,MSR,8819.4,capital
COG,MTQ,8667.0,capital
COG,MUS,4896.1,capital
COG,MWI,2297.7,capital
COG,MYS,9635.3,capital
COG,MYT,3422.5,capital
COG,NAM,2043.3,capital
COG,NCL,15709.6,capital
COG,NER,2454.1,capital
COG,NFK,15299.8,capital
COG,NGA,1714.7,capital
COG,NIC,11359.2,capital
COG,NIU,17360.3,capital
COG,NLD,6374.0,capital
COG,NOR,7147.4,capital
COG,NPL,8286.6,capital
COG,NRU,16819.2,capital
COG,NZL,14538.8,capital
COG,OMN,5605.3,capital
COG,PAK,7377.6,capital
COG,PAN,10607.9,capital
COG,PCN,15054.6,capital
COG,PER,10159.3,capital
COG,PHL,11814.8,capital
COG,PLW,13300.6,capital
COG,PNG,14467.4,capital
COG,POL,6305.3,capital
COG,PRI,9253.6,capital
COG,PRK,12067.7,capital
COG,PRT,5400.1,capital
COG,PRY,8090.0,capital
COG,PSE,4540.1,capital
COG,PYF,17075.6,capital
COG,QAT,5108.3,capital
COG,REU,4714.2,capital
COG,ROU,5521.7,capital
COG,RUS,6979.3,capital
COG,RWA,1660.5,capital
COG,SAU,4681.1,capital
COG,SDN,2908.9,capital
COG,SEN,4177.5,capital
COG,SGP,9859.3,capital
COG,SGS,7282.3,centroid
COG,SHN,2635.3,capital
COG,SJM,9172.4,capital
COG,SLB,15813.9,capital
COG,SLE,3465.7,capital
COG,SLV,11681.4,capital
COG,SMR,5348.7,centroid
COG,SOM,3413.0,capital
COG,SPM,8964.9,capital
COG,SRB,5480.7,capital
COG,SSD,2075.0,capital
COG,STP,1079.4,capital
COG,SUR,7903.0,capital
COG,SVK,5830.9,capital
COG,SVN,5595.5,capital
COG,SWE,7075.8,capital
COG,SWZ,2993.3,capital
COG,SXM,8926.9,capital
COG,SYC,4453.1,capital
COG,SYR,4745.9,capital
COG,TCA,9812.2,capital
COG,TCD,1820.8,capital
COG,TGO,1942.5,capital
COG,THA,9605.5,capital
COG,TJK,7262.2,capital
COG,TKL,18333.5,centroid
COG,TKM,6460.5,capital
COG,TLS,12156.2,capital
COG,TON,17092.2,centroid
COG,TTO,8659.7,capital
COG,TUN,4599.2,capital
COG,TUR,5231.4,capital
COG,TUV,17733.5,capital
COG,TWN,11843.5,capital
COG,TZA,2274.9,capital
COG,UGA,1988.3,capital
COG,UKR,6257.3,capital
COG,UMI,16486.9,centroid
COG,UNK,5253.0,capital
COG,URY,8049.9,capital
COG,USA,12243.3,centroid
COG,UZB,7439.6,capital
COG,VAT,5141.7,capital
COG,VCT,8662.3,capital
COG,VEN,9240.1,capital
COG,VGB,9097.6,capital
COG,VIR,9128.9,capital
COG,VNM,10235.4,capital
COG,VUT,16173.5,centroid
COG,WLF,17689.7,capital
COG,WSM,17857.4,capital
COG,YEM,4192.5,centroid
COG,ZAF,2756.3,capital
COG,ZMB,1886.0,capital
COG,ZWE,2284.7,capital
COK,COL,9748.1,capital
COK,COM,15574.5,capital
COK,CPV,15353.6,capital
COK,CRI,8895.1,capital
COK,CUB,9720.7,capital
COK,CUW,10582.4,capital
COK,CXR,10053.6,capital
COK,CYM,9641.4,capital
COK,CYP,18002.6,capital
COK,CZE,16763.5,capital
COK,DEU,16484.0,capital
COK,DJI,17351.0,capital
COK,DMA,11464.1,capital
COK,DNK,16129.9,capital
COK,DOM,10727.8,capital
COK,DZA,17623.1,capital
COK,ECU,9091.7,capital
COK,EGY,18536.5,capital
COK,ERI,17936.7,capital
COK,ESH,16599.1,centroid
COK,ESP,16906.8,capital
COK,EST,15748.9,capital
COK,ETH,17613.4,capital
COK,FIN,15666.9,capital
COK,FJI,2305.9,capital
COK,FLK,8954.6,capital
COK,FRA,16556.3,capital
COK,FRO,15031.1,capital
COK,FSM,5554.1,capital
COK,GAB,17422.0,capital
COK,GBR,16213.2,capital
COK,GEO,16776.2,capital
COK,GGY,16284.9,centroid
COK,GHA,17209.6,capital
COK,GIB,17032.9,capital
COK,GIN,16166.5,capital
COK,GLP,11454.0,capital
COK,GMB,16024.4,capital
COK,GNB,16068.0,capital
COK,GNQ,17714.0,capital
COK,GRC,18119.6,capital
COK,GRD,11319.7,centroid
COK,GRL,12991.8,capital
COK,GTM,8542.3,capital
COK,GUF,12012.5,capital
COK,GUM,7179.0,capital
COK,GUY,11481.7,capital
COK,HKG,10501.4,centroid
COK,HMD,10345.9,centroid
COK,HND,8835.9,capital
COK,HRV,17251.8,capital
COK,HTI,10489.1,capital
COK,HUN,17089.7,capital
COK,IDN,10106.1,capital
COK,IMN,15802.3,capital
COK,IND,14260.9,capital
COK,IOT,13658.5,centroid
COK,IRL,15794.8,capital
COK,IRN,16587.3,capital
COK,IRQ,17281.4,capital
COK,ISL,14326.6,capital
COK,ISR,18119.9,capital
COK,ITA,17604.4,capital
COK,JAM,10029.4,capital
COK,JEY,16331.0,capital
COK,JOR,18051.3,capital
COK,JPN,8974.5,capital
COK,KAZ,14497.8,capital
COK,KEN,16931.4,capital
COK,KGZ,14467.0,capital
COK,KHM,11012.0,capital
COK,KIR,3884.6,centroid
COK,KNA,11399.9,capital
COK,KOR,10055.5,capital
COK,KWT,17089.9,capital
COK,LAO,11481.2,capital
COK,LBN,17956.4,capital
COK,LBR,16289.2,capital
COK,LBY,18542.2,capital
COK,LCA,11456.0,capital
COK,LIE,16974.6,capital
COK,LKA,13429.5,capital
COK,LSO,14343.5,capital
COK,LTU,16268.0,capital
COK,LUX,16621.4,capital
COK,LVA,16028.4,capital
COK,MAC,10558.7,centroid
COK,MAF,11391.3,capital
COK,MAR,17006.4,capital
COK,MCO,17244.7,capital
COK,MDA,17042.4,capital
COK,MDG,14654.1,capital
COK,MDV,13966.8,capital
COK,MEX,7995.2,capital
COK,MHL,4451.0,capital
COK,MKD,17700.7,capital
COK,MLI,16872.3,capital
COK,MLT,18289.8,capital
COK,MMR,12073.0,centroid
COK,MNE,17652.3,capital
COK,MNG,11981.2,capital
COK,MNP,7190.7,capital
COK,MOZ,14603.0,capital
COK,MRT,16216.0,capital
COK,MSR,11430.5,capital
COK,MTQ,11471.0,capital
COK,MUS,13884.9,capital
COK,MWI,15832.9,capital
COK,MYS,11018.6,capital
COK,MYT,15352.3,capital
COK,NAM,15136.5,capital
COK,NCL,3483.3,capital
COK,NER,17913.2,capital
COK,NFK,3350.8,capital
COK,NGA,18096.0,capital
COK,NIC,8838.6,capital
COK,NIU,1085.6,capital
COK,NLD,16307.6,capital
COK,NOR,15646.7,capital
COK,NPL,13459.9,capital
COK,NRU,4280.6,capital
COK,NZL,3268.7,capital
COK,OMN,16092.0,capital
COK,PAK,14680.4,capital
COK,PAN,9373.9,capital
COK,PCN,3058.2,capital
COK,PER,8785.9,capital
COK,PHL,9515.3,capital
COK,PLW,7833.9,capital
COK,PNG,5811.5,capital
COK,POL,16564.9,capital
COK,PRI,11103.5,capital
COK,PRK,10223.8,capital
COK,PRT,16604.7,capital
COK,PRY,10151.5,capital
COK,PSE,18112.5,capital
COK,PYF,1145.6,capital
COK,QAT,16791.9,capital
COK,REU,13969.8,capital
COK,ROU,17376.6,capital
COK,RUS,15912.1,capital
COK,RWA,17226.6,capital
COK,SAU,17278.8,capital
COK,SDN,18572.9,capital
COK,SEN,15974.9,capital
COK,SGP,10720.2,capital
COK,SGS,9998.4,centroid
COK,SHN,15009.5,capital
COK,SJM,13670.6,capital
COK,SLB,4498.0,capital
COK,SLE,16162.2,capital
COK,SLV,8624.2,capital
COK,SMR,17404.9,centroid
COK,SOM,16559.0,capital
COK,SPM,12725.0,capital
COK,SRB,17391.2,capital
COK,SSD,17822.1,capital
COK,STP,17270.8,capital
COK,SUR,11755.1,capital
COK,SVK,17006.5,capital
COK,SVN,17204.2,capital
COK,SWE,15772.7,capital
COK,SWZ,14583.6,capital
COK,SXM,11393.5,capital
COK,SYC,15220.2,capital
COK,SYR,17925.1,capital
COK,TCA,10720.4,capital
COK,TCD,18862.8,capital
COK,TGO,17370.1,capital
COK,THA,11544.7,capital
COK,TJK,15019.9,capital
COK,TKL,1885.8,centroid
COK,TKM,15920.8,capital
COK,TLS,8080.6,capital
COK,TON,1589.7,centroid
COK,TTO,11280.8,capital
COK,TUN,18025.6,capital
COK,TUR,17614.4,capital
COK,TUV,2658.6,capital
COK,TWN,9929.0,capital
COK,TZA,16531.6,capital
COK,UGA,17332.6,capital
COK,UKR,16640.3,capital
COK,UMI,5800.5,centroid
COK,UNK,17626.6,capital
COK,URY,9833.2,capital
COK,USA,9283.7,centroid
COK,UZB,14933.4,capital
COK,VAT,17601.6,capital
COK,VCT,11402.9,capital
COK,VEN,10723.7,capital
COK,VGB,11250.2,capital
COK,VIR,11216.2,capital
COK,VNM,11266.3,capital
COK,VUT,3542.2,centroid
COK,WLF,1949.8,capital
COK,WSM,1511.8,capital
COK,YEM,17004.1,centroid
COK,ZAF,14724.0,capital
COK,ZMB,15849.8,capital
COK,ZWE,15517.1,capital
COL,COM,13085.3,capital
COL,CPV,5645.5,capital
COL,CRI,1406.7,capital
COL,CUB,2244.3,capital
COL,CUW,1011.9,capital
COL,CXR,19368.3,capital
COL,CYM,1813.5,capital
COL,CYP,11276.4,capital
COL,CZE,9507.8,capital
COL,DEU,9431.4,capital
COL,DJI,12843.6,capital
COL,DMA,1827.5,capital
COL,DNK,9374.2,capital
COL,DOM,1607.2,capital
COL,DZA,8558.6,capital
COL,ECU,730.2,capital
COL,EGY,11211.4,capital
COL,ERI,12316.6,capital
COL,ESH,6876.4,centroid
COL,ESP,8020.0,capital
COL,EST,10062.6,capital
COL,ETH,12417.6,capital
COL,FIN,10058.5,capital
COL,FJI,12013.9,capital
COL,FLK,6447.3,capital
COL,FRA,8630.9,capital
COL,FRO,8388.4,capital
COL,FSM,14077.0,capital
COL,GAB,9287.5,capital
COL,GBR,8500.4,capital
COL,GEO,11991.8,capital
COL,GGY,8287.9,centroid
COL,GHA,8178.6,capital
COL,GIB,7801.3,capital
COL,GIN,6680.6,capital
COL,GLP,1849.8,capital
COL,GMB,6377.0,capital
COL,GNB,6475.4,capital
COL,GNQ,9184.5,capital
COL,GRC,10372.7,capital
COL,GRD,1599.8,centroid
COL,GRL,6862.9,capital
COL,GTM,2116.5,capital
COL,GUF,2410.0,capital
COL,GUM,15280.8,capital
COL,GUY,1778.8,capital
COL,HKG,16894.1,centroid
COL,HMD,13824.4,centroid
COL,HND,1782.6,capital
COL,HRV,9644.8,capital
COL,HTI,1560.9,capital
COL,HUN,9863.7,capital
COL,IDN,19809.2,capital
COL,IMN,8274.7,capital
COL,IND,15211.3,capital
COL,IOT,16201.8,centroid
COL,IRL,8139.3,capital
COL,IRN,12791.7,capital
COL,IRQ,12305.7,capital
COL,ISL,7804.7,capital
COL,ISR,11536.9,capital
COL,ITA,9383.7,capital
COL,JAM,1517.5,capital
COL,JEY,8316.0,capital
COL,JOR,11598.2,capital
COL,JPN,14317.4,capital
COL,KAZ,12999.2,capital
COL,KEN,12335.1,capital
COL,KGZ,13866.5,capital
COL,KHM,18213.4,capital
COL,KIR,12532.7,centroid
COL,KNA,1876.1,capital
COL,KOR,14844.2,capital
COL,KWT,12780.5,capital
COL,LAO,17478.5,capital
COL,LBN,11502.5,capital
COL,LBR,7003.7,capital
COL,LBY,9474.8,capital
COL,LCA,1772.8,capital
COL,LIE,9148.4,capital
COL,LKA,16849.8,capital
COL,LSO,11378.9,capital
COL,LTU,10186.8,capital
COL,LUX,8912.8,capital
COL,LVA,10071.7,capital
COL,MAC,16924.1,centroid
COL,MAF,1915.7,capital
COL,MAR,7630.7,capital
COL,MCO,8971.1,capital
COL,MDA,10603.6,capital
COL,MDG,13494.5,capital
COL,MDV,16284.8,capital
COL,MEX,3175.3,capital
COL,MHL,12635.4,capital
COL,MKD,10118.4,capital
COL,MLI,7305.4,capital
COL,MLT,9581.0,capital
COL,MMR,16933.2,centroid
COL,MNE,9935.4,capital
COL,MNG,14174.7,capital
COL,MNP,15105.5,capital
COL,MOZ,11896.6,capital
COL,MRT,6481.6,capital
COL,MSR,1866.6,capital
COL,MTQ,1806.3,capital
COL,MUS,14504.6,capital
COL,MWI,12057.3,capital
COL,MYS,19033.3,capital
COL,MYT,13296.8,capital
COL,NAM,10323.3,capital
COL,NCL,13228.0,capital
COL,NER,8397.1,capital
COL,NFK,12963.1,capital
COL,NGA,9004.2,capital
COL,NIC,1577.6,capital
COL,NIU,10787.2,capital
COL,NLD,8854.1,capital
COL,NOR,9275.9,capital
COL,NPL,15797.2,capital
COL,NRU,13225.5,capital
COL,NZL,12104.2,capital
COL,OMN,13987.7,capital
COL,PAK,14529.6,capital
COL,PAN,773.3,capital
COL,PCN,6886.1,capital
COL,PER,1880.2,capital
COL,PHL,17309.1,capital
COL,PLW,16557.2,capital
COL,PNG,15435.7,capital
COL,POL,9948.1,capital
COL,PRI,1767.7,capital
COL,PRK,14751.7,capital
COL,PRT,7525.8,capital
COL,PRY,3768.4,capital
COL,PSE,11532.1,capital
COL,PYF,8633.7,capital
COL,QAT,13273.6,capital
COL,REU,14279.7,capital
COL,ROU,10451.5,capital
COL,RUS,10908.7,capital
COL,RWA,11591.8,capital
COL,SAU,12840.9,capital
COL,SDN,11637.2,capital
COL,SEN,6292.6,capital
COL,SGP,19320.0,capital
COL,SGS,7411.2,centroid
COL,SHN,7855.7,capital
COL,SJM,9499.6,capital
COL,SLB,14033.5,capital
COL,SLE,6729.5,capital
COL,SLV,1939.7,capital
COL,SMR,9372.2,centroid
COL,SOM,13244.8,capital
COL,SPM,4994.8,capital
COL,SRB,10003.9,capital
COL,SSD,11692.3,capital
COL,STP,8986.1,capital
COL,SUR,2099.0,capital
COL,SVK,9713.9,capital
COL,SVN,9529.8,capital
COL,SWE,9688.6,capital
COL,SWZ,11755.9,capital
COL,SXM,1914.6,capital
COL,SYC,14423.3,capital
COL,SYR,11584.2,capital
COL,TCA,1900.4,capital
COL,TCD,9805.4,capital
COL,TGO,8331.7,capital
COL,THA,17887.4,capital
COL,TJK,13883.0,capital
COL,TKL,10955.2,centroid
COL,TKM,13206.2,capital
COL,TLS,17800.5,capital
COL,TON,11322.3,centroid
COL,TTO,1539.0,capital
COL,TUN,9188.9,capital
COL,TUR,11103.1,capital
COL,TUV,11919.2,capital
COL,TWN,16310.5,capital
COL,TZA,12249.4,capital
COL,UGA,11851.3,capital
COL,UKR,10633.3,capital
COL,UMI,12864.9,centroid
COL,UNK,10087.6,capital
COL,URY,4775.9,capital
COL,USA,4379.0,centroid
COL,UZB,13700.3,capital
COL,VAT,9379.0,capital
COL,VCT,1700.9,capital
COL,VEN,1028.1,capital
COL,VGB,1848.6,capital
COL,VIR,1822.2,capital
COL,VNM,17164.7,capital
COL,VUT,13237.1,centroid
COL,WLF,11431.8,capital
COL,WSM,10958.1,capital
COL,YEM,13274.2,centroid
COL,ZAF,11458.0,capital
COL,ZMB,11467.7,capital
COL,ZWE,11765.0,capital
COM,CPV,7925.9,capital
COM,CRI,14395.6,capital
COM,CUB,14142.1,capital
COM,CUW,12653.1,capital
COM,CXR,6799.6,capital
COM,CYM,14045.5,capital
COM,CYP,5315.5,capital
COM,CZE,7421.8,capital
COM,DEU,7690.0,capital
COM,DJI,2589.9,capital
COM,DMA,11897.3,capital
COM,DNK,8017.4,capital
COM,DOM,12834.9,capital
COM,DZA,6829.5,capital
COM,ECU,13453.5,capital
COM,EGY,4818.7,capital
COM,ERI,3044.2,capital
COM,ESH,7310.0,centroid
COM,ESP,7542.4,capital
COM,EST,8082.8,capital
COM,ETH,2358.0,capital
COM,FIN,8156.6,capital
COM,FJI,14082.0,capital
COM,FLK,9738.8,capital
COM,FRA,7836.4,capital
COM,FRO,9265.9,capital
COM,FSM,12866.4,capital
COM,GAB,3967.4,capital
COM,GBR,8171.5,capital
COM,GEO,5939.3,capital
COM,GGY,8138.3,centroid
COM,GHA,5174.7,capital
COM,GIB,7363.4,capital
COM,GIN,6720.9,capital
COM,GLP,11944.2,capital
COM,GMB,7165.9,capital
COM,GNB,7005.4,capital
COM,GNQ,4181.5,capital
COM,GRC,5887.2,capital
COM,GRD,11876.1,centroid
COM,GRL,11417.9,capital
COM,GTM,15007.1,capital
COM,GUF,10725.7,capital
COM,GUM,11532.1,capital
COM,GUY,11397.1,capital
COM,HKG,8599.7,centroid
COM,HMD,5285.9,centroid
COM,HND,14648.4,capital
COM,HRV,6953.9,capital
COM,HTI,13092.8,capital
COM,HUN,7006.4,capital
COM,IDN,6998.5,capital
COM,IMN,8586.0,capital
COM,IND,5781.1,capital
COM,IOT,3165.3,centroid
COM,IRL,8613.7,capital
COM,IRN,5339.7,capital
COM,IRQ,5010.0,capital
COM,ISL,10026.6,capital
COM,ISR,4909.1,capital
COM,ITA,6737.3,capital
COM,JAM,13558.9,capital
COM,JEY,8091.8,capital
COM,JOR,4916.5,capital
COM,JPN,11339.1,capital
COM,KAZ,7503.4,capital
COM,KEN,1358.9,capital
COM,KGZ,6854.1,capital
COM,KHM,7283.0,capital
COM,KIR,14357.1,centroid
COM,KNA,12067.2,capital
COM,KOR,10254.8,capital
COM,KWT,4594.7,capital
COM,LAO,7299.6,capital
COM,LBN,5135.9,capital
COM,LBR,6304.0,capital
COM,LBY,5895.8,capital
COM,LCA,11836.3,capital
COM,LIE,7349.4,capital
COM,LKA,4546.9,capital
COM,LSO,2549.9,capital
COM,LTU,7573.2,capital
COM,LUX,7719.6,capital
COM,LVA,7834.3,capital
COM,MAC,8533.9,centroid
COM,MAF,12114.9,capital
COM,MAR,7334.7,capital
COM,MCO,7151.9,capital
COM,MDA,6683.6,capital
COM,MDG,923.8,capital
COM,MDV,3782.9,capital
COM,MEX,15904.1,capital
COM,MHL,14308.5,capital
COM,MKD,6374.2,capital
COM,MLI,6265.9,capital
COM,MLT,6092.5,capital
COM,MMR,7047.4,centroid
COM,MNE,6498.7,capital
COM,MNG,9105.9,capital
COM,MNP,11668.3,capital
COM,MOZ,1941.0,capital
COM,MRT,7293.8,capital
COM,MSR,12005.2,capital
COM,MTQ,11853.2,capital
COM,MUS,1788.4,capital
COM,MWI,1056.8,capital
COM,MYS,6666.2,capital
COM,MYT,245.8,capital
COM,NAM,3024.9,capital
COM,NCL,12763.5,capital
COM,NER,5333.5,capital
COM,NFK,12552.6,capital
COM,NGA,4577.8,capital
COM,NIC,14529.4,capital
COM,NIU,15023.9,capital
COM,NLD,8012.3,capital
COM,NOR,8473.4,capital
COM,NPL,6302.3,capital
COM,NRU,13648.7,capital
COM,NZL,12312.3,capital
COM,OMN,4255.7,capital
COM,PAK,5953.5,capital
COM,PAN,13758.1,capital
COM,PCN,15863.7,capital
COM,PER,12914.5,capital
COM,PHL,9046.4,capital
COM,PLW,10324.1,capital
COM,PNG,11281.0,capital
COM,POL,7421.8,capital
COM,PRI,12437.0,capital
COM,PRK,10188.8,capital
COM,PRT,7802.9,capital
COM,PRY,10523.0,capital
COM,PSE,4923.5,capital
COM,PYF,16472.2,capital
COM,QAT,4209.5,capital
COM,REU,1652.6,capital
COM,ROU,6477.5,capital
COM,RUS,7518.9,capital
COM,RWA,1814.7,capital
COM,SAU,4063.8,capital
COM,SDN,3252.2,capital
COM,SEN,7301.4,capital
COM,SGP,6846.2,capital
COM,SGS,8322.8,centroid
COM,SHN,5297.6,capital
COM,SJM,10144.2,capital
COM,SLB,12634.3,capital
COM,SLE,6636.7,capital
COM,SLV,14859.4,capital
COM,SMR,6912.8,centroid
COM,SOM,1545.1,capital
COM,SPM,11668.1,capital
COM,SRB,6689.3,capital
COM,SSD,2248.3,capital
COM,STP,4249.4,capital
COM,SUR,11053.2,capital
COM,SVK,7137.6,capital
COM,SVN,7035.3,capital
COM,SWE,8215.7,capital
COM,SWZ,2070.6,capital
COM,SXM,12110.5,capital
COM,SYC,1555.9,capital
COM,SYR,5081.2,capital
COM,TCA,12985.8,capital
COM,TCD,4087.3,capital
COM,TGO,5054.1,capital
COM,THA,6916.5,capital
COM,TJK,6183.4,capital
COM,TKL,15488.6,centroid
COM,TKM,5741.6,capital
COM,TLS,8986.3,capital
COM,TON,14542.4,centroid
COM,TTO,11835.1,capital
COM,TUN,6409.5,capital
COM,TUR,5839.8,capital
COM,TUV,14649.5,capital
COM,TWN,9405.0,capital
COM,TZA,1029.1,capital
COM,UGA,1781.9,capital
COM,UKR,7021.5,capital
COM,UMI,13914.3,centroid
COM,UNK,6451.4,capital
COM,URY,10107.6,capital
COM,USA,15111.9,centroid
COM,UZB,6463.7,capital
COM,VAT,6741.0,capital
COM,VCT,11846.3,capital
COM,VEN,12410.9,capital
COM,VGB,12280.7,capital
COM,VIR,12312.3,capital
COM,VNM,7742.6,capital
COM,VUT,13103.0,centroid
COM,WLF,14854.8,capital
COM,WSM,15222.6,capital
COM,YEM,3014.8,centroid
COM,ZAF,2222.0,capital
COM,ZMB,1669.0,capital
COM,ZWE,1477.4,capital
CPV,CRI,6673.1,capital
CPV,CUB,6216.2,capital
CPV,CUW,4907.3,capital
CPV,CXR,14491.4,capital
CPV,CYM,6141.5,capital
CPV,CYP,6064.6,capital
CPV,CZE,5185.9,capital
CPV,DEU,5291.5,capital
CPV,DJI,7198.2,capital
CPV,DMA,4060.8,capital
CPV,DNK,5473.2,capital
CPV,DOM,4942.5,capital
CPV,DZA,3576.6,capital
CPV,ECU,6274.4,capital
CPV,EGY,5815.1,capital
CPV,ERI,6677.4,capital
CPV,ESH,1529.3,centroid
CPV,ESP,3422.3,capital
CPV,EST,6305.5,capital
CPV,ETH,6784.4,capital
CPV,FIN,6355.6,capital
CPV,FJI,17651.1,capital
CPV,FLK,8117.5,capital
CPV,FRA,4447.0,capital
CPV,FRO,5400.1,capital
CPV,FSM,17577.8,capital
CPV,GAB,3966.1,capital
CPV,GBR,4569.3,capital
CPV,GEO,7121.9,capital
CPV,GGY,4283.7,centroid
CPV,GHA,2752.6,capital
CPV,GIB,2968.8,capital
CPV,GIN,1225.1,capital
CPV,GLP,4092.0,capital
CPV,GMB,765.4,capital
CPV,GNB,921.5,capital
CPV,GNQ,3747.9,capital
CPV,GRC,5281.5,capital
CPV,GRD,4131.9,centroid
CPV,GRL,5885.8,capital
CPV,GTM,7172.9,capital
CPV,GUF,3341.6,capital
CPV,GUM,16602.5,capital
CPV,GUY,3883.9,capital
CPV,HKG,13823.1,centroid
CPV,HMD,11729.4,centroid
CPV,HND,6832.2,capital
CPV,HRV,5027.3,capital
CPV,HTI,5199.7,capital
CPV,HUN,5322.6,capital
CPV,IDN,14514.8,capital
CPV,IMN,4663.8,capital
CPV,IND,10227.1,capital
CPV,IOT,10715.5,centroid
CPV,IRL,4530.0,capital
CPV,IRN,7700.1,capital
CPV,IRQ,7068.5,capital
CPV,ISL,5472.6,capital
CPV,ISR,6204.7,capital
CPV,ITA,4568.1,capital
CPV,JAM,5673.2,capital
CPV,JEY,4277.4,capital
CPV,JOR,6274.5,capital
CPV,JPN,14115.0,capital
CPV,KAZ,9058.6,capital
CPV,KEN,6872.9,capital
CPV,KGZ,9526.2,capital
CPV,KHM,13617.0,capital
CPV,KIR,17445.0,centroid
CPV,KNA,4190.2,capital
CPV,KOR,13413.1,capital
CPV,KWT,7429.3,capital
CPV,LAO,13068.8,capital
CPV,LBN,6246.8,capital
CPV,LBR,1687.6,capital
CPV,LBY,4200.0,capital
CPV,LCA,4033.6,capital
CPV,LIE,4701.4,capital
CPV,LKA,11228.9,capital
CPV,LSO,7357.4,capital
CPV,LTU,6079.7,capital
CPV,LUX,4696.2,capital
CPV,LVA,6134.2,capital
CPV,MAC,13778.1,centroid
CPV,MAF,4225.5,capital
CPV,MAR,2702.8,capital
CPV,MCO,4338.5,capital
CPV,MDA,5981.3,capital
CPV,MDG,8637.9,capital
CPV,MDV,10639.6,capital
CPV,MEX,7985.5,capital
CPV,MHL,17067.0,capital
CPV,MKD,5237.8,capital
CPV,MLI,1697.3,capital
CPV,MLT,4432.1,capital
CPV,MMR,12434.1,centroid
CPV,MNE,5091.8,capital
CPV,MNG,11476.6,capital
CPV,MNP,16461.8,capital
CPV,MOZ,7580.8,capital
CPV,MRT,876.3,capital
CPV,MSR,4138.7,capital
CPV,MTQ,4034.0,capital
CPV,MUS,9670.4,capital
CPV,MWI,7073.8,capital
CPV,MYS,13656.9,capital
CPV,MYT,8168.6,capital
CPV,NAM,6075.9,capital
CPV,NCL,18686.1,capital
CPV,NER,2764.7,capital
CPV,NFK,18051.5,capital
CPV,NGA,3431.8,capital
CPV,NIC,6767.9,capital
CPV,NIU,16419.0,capital
CPV,NLD,4859.3,capital
CPV,NOR,5720.1,capital
CPV,NPL,11008.0,capital
CPV,NRU,18047.3,capital
CPV,NZL,16595.6,capital
CPV,OMN,8545.0,capital
CPV,PAK,9680.6,capital
CPV,PAN,6113.6,capital
CPV,PCN,12347.3,capital
CPV,PER,6611.8,capital
CPV,PHL,14913.7,capital
CPV,PLW,16546.6,capital
CPV,PNG,18833.4,capital
CPV,POL,5701.3,capital
CPV,PRI,4543.4,capital
CPV,PRK,13218.0,capital
CPV,PRT,2996.1,capital
CPV,PRY,5803.0,capital
CPV,PSE,6204.4,capital
CPV,PYF,14267.3,capital
CPV,QAT,7827.6,capital
CPV,REU,9491.0,capital
CPV,ROU,5686.7,capital
CPV,RUS,6850.3,capital
CPV,RWA,6184.7,capital
CPV,SAU,7354.4,capital
CPV,SDN,5994.9,capital
CPV,SEN,652.9,capital
CPV,SGP,13952.7,capital
CPV,SGS,7825.4,centroid
CPV,SHN,3948.6,capital
CPV,SJM,7349.9,capital
CPV,SLB,19297.3,capital
CPV,SLE,1328.1,capital
CPV,SLV,7050.3,capital
CPV,SMR,4669.2,centroid
CPV,SOM,7678.6,capital
CPV,SPM,4654.4,capital
CPV,SRB,5287.6,capital
CPV,SSD,6122.5,capital
CPV,STP,3697.8,capital
CPV,SUR,3600.5,capital
CPV,SVK,5232.5,capital
CPV,SVN,4943.1,capital
CPV,SWE,5984.7,capital
CPV,SWZ,7490.8,capital
CPV,SXM,4221.7,capital
CPV,SYC,8960.9,capital
CPV,SYR,6316.7,capital
CPV,TCA,5064.9,capital
CPV,TCD,4175.4,capital
CPV,TGO,2872.3,capital
CPV,THA,13079.8,capital
CPV,TJK,9175.0,capital
CPV,TKL,16527.9,centroid
CPV,TKM,8293.1,capital
CPV,TLS,16579.4,capital
CPV,TON,16942.8,centroid
CPV,TTO,4143.4,capital
CPV,TUN,4119.9,capital
CPV,TUR,6098.5,capital
CPV,TUV,17444.4,capital
CPV,TWN,14173.3,capital
CPV,TZA,6937.6,capital
CPV,UGA,6370.3,capital
CPV,UKR,6220.9,capital
CPV,UMI,16050.1,centroid
CPV,UNK,5245.4,capital
CPV,URY,6526.7,capital
CPV,USA,7558.2,centroid
CPV,UZB,9142.5,capital
CPV,VAT,4564.6,capital
CPV,VCT,4068.5,capital
CPV,VEN,4722.8,capital
CPV,VGB,4387.0,capital
CPV,VIR,4419.9,capital
CPV,VNM,13193.3,capital
CPV,VUT,18882.4,centroid
CPV,WLF,17063.0,capital
CPV,WSM,16596.4,capital
CPV,YEM,7643.3,centroid
CPV,ZAF,7193.4,capital
CPV,ZMB,6615.6,capital
CPV,ZWE,7002.3,capital
CRI,CUB,1385.6,capital
CRI,CUW,1774.8,capital
CRI,CXR,18832.0,capital
CRI,CYM,1010.7,capital
CRI,CYP,11771.6,capital
CRI,CZE,9745.3,capital
CRI,DEU,9612.3,capital
CRI,DJI,13776.4,capital
CRI,DMA,2615.1,capital
CRI,DNK,9480.0,capital
CRI,DOM,1838.8,capital
CRI,DZA,9125.4,capital
CRI,ECU,1442.2,capital
CRI,EGY,11831.8,capital
CRI,ERI,13198.1,capital
CRI,ESH,7710.1,centroid
CRI,ESP,8499.4,capital
CRI,EST,10047.3,capital
CRI,ETH,13422.8,capital
CRI,FIN,10025.3,capital
CRI,FJI,11055.7,capital
CRI,FLK,7442.6,capital
CRI,FRA,8910.0,capital
CRI,FRO,8327.2,capital
CRI,FSM,12734.4,capital
CRI,GAB,10500.2,capital
CRI,GBR,8712.6,capital
CRI,GEO,12248.9,capital
CRI,GGY,8548.0,centroid
CRI,GHA,9339.9,capital
CRI,GIB,8380.0,capital
CRI,GIN,7801.6,capital
CRI,GLP,2590.3,capital
CRI,GMB,7432.6,capital
CRI,GNB,7558.9,capital
CRI,GNQ,10354.8,capital
CRI,GRC,10859.1,capital
CRI,GRD,2559.4,centroid
CRI,GRL,6464.4,capital
CRI,GTM,712.8,capital
CRI,GUF,3671.0,capital
CRI,GUM,13878.6,capital
CRI,GUY,2998.5,capital
CRI,HKG,15762.7,centroid
CRI,HMD,14922.1,centroid
CRI,HND,414.3,capital
CRI,HRV,9979.9,capital
CRI,HTI,1613.2,capital
CRI,HUN,10150.1,capital
CRI,IDN,18596.8,capital
CRI,IMN,8414.9,capital
CRI,IND,15223.3,capital
CRI,IOT,17388.4,centroid
CRI,IRL,8296.2,capital
CRI,IRN,13110.9,capital
CRI,IRQ,12752.9,capital
CRI,ISL,7635.4,capital
CRI,ISR,12094.6,capital
CRI,ITA,9818.9,capital
CRI,JAM,1191.2,capital
CRI,JEY,8583.6,capital
CRI,JOR,12146.7,capital
CRI,JPN,13014.9,capital
CRI,KAZ,12746.2,capital
CRI,KEN,13519.2,capital
CRI,KGZ,13685.2,capital
CRI,KHM,17276.4,capital
CRI,KIR,11271.5,centroid
CRI,KNA,2515.2,capital
CRI,KOR,13666.9,capital
CRI,KWT,13281.5,capital
CRI,LAO,16689.2,capital
CRI,LBN,12011.3,capital
CRI,LBR,8171.1,capital
CRI,LBY,10110.6,capital
CRI,LCA,2640.3,capital
CRI,LIE,9465.1,capital
CRI,LKA,17423.2,capital
CRI,LSO,12784.9,capital
CRI,LTU,10281.1,capital
CRI,LUX,9173.0,capital
CRI,LVA,10117.4,capital
CRI,MAC,15806.3,centroid
CRI,MAF,2499.7,capital
CRI,MAR,8257.4,capital
CRI,MCO,9371.3,capital
CRI,MDA,10859.2,capital
CRI,MDG,14868.7,capital
CRI,MDV,17114.2,capital
CRI,MEX,1771.2,capital
CRI,MHL,11314.6,capital
CRI,MKD,10523.7,capital
CRI,MLI,8368.8,capital
CRI,MLT,10147.2,capital
CRI,MMR,16335.1,centroid
CRI,MNE,10338.7,capital
CRI,MNG,13363.3,capital
CRI,MNP,13700.8,capital
CRI,MOZ,13297.5,capital
CRI,MRT,7447.9,capital
CRI,MSR,2554.2,capital
CRI,MTQ,2639.2,capital
CRI,MUS,15893.9,capital
CRI,MWI,13392.4,capital
CRI,MYS,18275.7,capital
CRI,MYT,14617.9,capital
CRI,NAM,11714.8,capital
CRI,NCL,12347.1,capital
CRI,NER,9431.6,capital
CRI,NFK,12229.5,capital
CRI,NGA,10100.5,capital
CRI,NIC,178.9,capital
CRI,NIU,9865.1,capital
CRI,NLD,9047.0,capital
CRI,NOR,9280.0,capital
CRI,NPL,15595.7,capital
CRI,NRU,11976.9,capital
CRI,NZL,11647.6,capital
CRI,OMN,14496.2,capital
CRI,PAK,14537.5,capital
CRI,PAN,652.4,capital
CRI,PCN,6307.0,capital
CRI,PER,2709.2,capital
CRI,PHL,15970.4,capital
CRI,PLW,15160.6,capital
CRI,PNG,14297.8,capital
CRI,POL,10116.2,capital
CRI,PRI,2208.5,capital
CRI,PRK,13602.5,capital
CRI,PRT,8037.4,capital
CRI,PRY,5010.7,capital
CRI,PSE,12087.1,capital
CRI,PYF,7751.3,capital
CRI,QAT,13829.5,capital
CRI,REU,15671.0,capital
CRI,ROU,10780.3,capital
CRI,RUS,10914.6,capital
CRI,RWA,12798.3,capital
CRI,SAU,13461.0,capital
CRI,SDN,12548.0,capital
CRI,SEN,7325.3,capital
CRI,SGP,18329.8,capital
CRI,SGS,8556.4,centroid
CRI,SHN,9233.1,capital
CRI,SJM,9057.9,capital
CRI,SLB,12904.0,capital
CRI,SLE,7866.9,capital
CRI,SLV,535.1,capital
CRI,SMR,9763.9,centroid
CRI,SOM,14351.3,capital
CRI,SPM,4824.5,capital
CRI,SRB,10348.3,capital
CRI,SSD,12795.5,capital
CRI,STP,10204.1,capital
CRI,SUR,3342.8,capital
CRI,SVK,9990.9,capital
CRI,SVN,9863.1,capital
CRI,SWE,9695.2,capital
CRI,SWZ,13157.9,capital
CRI,SXM,2502.3,capital
CRI,SYC,15620.6,capital
CRI,SYR,12095.8,capital
CRI,TCA,1894.6,capital
CRI,TCD,10837.0,capital
CRI,TGO,9482.6,capital
CRI,THA,17198.4,capital
CRI,TJK,13882.4,capital
CRI,TKL,9858.9,centroid
CRI,TKM,13385.0,capital
CRI,TLS,16640.7,capital
CRI,TON,10407.9,centroid
CRI,TTO,2579.0,capital
CRI,TUN,9744.8,capital
CRI,TUR,11495.7,capital
CRI,TUV,10800.2,capital
CRI,TWN,15077.3,capital
CRI,TZA,13501.5,capital
CRI,UGA,13021.3,capital
CRI,UKR,10800.7,capital
CRI,UMI,11467.1,centroid
CRI,UNK,10478.5,capital
CRI,URY,5940.6,capital
CRI,USA,3231.5,centroid
CRI,UZB,13641.5,capital
CRI,VAT,9814.0,capital
CRI,VCT,2610.4,capital
CRI,VEN,1995.0,capital
CRI,VGB,2355.5,capital
CRI,VIR,2321.4,capital
CRI,VNM,16262.6,capital
CRI,VUT,12230.5,centroid
CRI,WLF,10396.2,capital
CRI,WSM,9940.0,capital
CRI,YEM,14101.2,centroid
CRI,ZAF,12858.1,capital
CRI,ZMB,12816.3,capital
CRI,ZWE,13129.5,capital
CUB,CUW,1880.3,capital
CUB,CXR,18362.7,capital
CUB,CYM,440.3,capital
CUB,CYP,10646.4,capital
CUB,CZE,8519.5,capital
CUB,DEU,8362.8,capital
CUB,DJI,12942.6,capital
CUB,DMA,2366.8,capital
CUB,DNK,8201.3,capital
CUB,DOM,1397.2,capital
CUB,DZA,8111.9,capital
CUB,ECU,2631.1,capital
CUB,EGY,10788.3,capital
CUB,ERI,12333.4,capital
CUB,ESH,6979.7,centroid
CUB,ESP,7440.3,capital
CUB,EST,8721.4,capital
CUB,ETH,12684.3,capital
CUB,FIN,8694.5,capital
CUB,FJI,11695.7,capital
CUB,FLK,8657.6,capital
CUB,FRA,7720.0,capital
CUB,FRO,7004.1,capital
CUB,FSM,12640.1,capital
CUB,GAB,10178.2,capital
CUB,GBR,7492.4,capital
CUB,GEO,10992.8,capital
CUB,GGY,7355.0,centroid
CUB,GHA,8967.8,capital
CUB,GIB,7397.0,capital
CUB,GIN,7424.4,capital
CUB,GLP,2301.5,capital
CUB,GMB,6977.0,capital
CUB,GNB,7136.8,capital
CUB,GNQ,9962.4,capital
CUB,GRC,9748.5,capital
CUB,GRD,2509.2,centroid
CUB,GRL,5084.0,capital
CUB,GTM,1273.3,capital
CUB,GUF,3805.3,capital
CUB,GUM,13468.0,capital
CUB,GUY,3163.4,capital
CUB,HKG,14657.8,centroid
CUB,HMD,16068.3,centroid
CUB,HND,1127.2,capital
CUB,HRV,8799.3,capital
CUB,HTI,1161.4,capital
CUB,HUN,8941.2,capital
CUB,IDN,17890.1,capital
CUB,IMN,7166.2,capital
CUB,IND,13859.2,capital
CUB,IOT,16631.4,centroid
CUB,IRL,7057.1,capital
CUB,IRN,11867.0,capital
CUB,IRQ,11578.6,capital
CUB,ISL,6288.7,capital
CUB,ISR,11001.4,capital
CUB,ITA,8699.2,capital
CUB,JAM,815.1,capital
CUB,JEY,7393.8,capital
CUB,JOR,11046.2,capital
CUB,JPN,12117.7,capital
CUB,KAZ,11363.8,capital
CUB,KEN,13033.6,capital
CUB,KGZ,12306.0,capital
CUB,KHM,16076.2,capital
CUB,KIR,11435.6,centroid
CUB,KNA,2149.1,capital
CUB,KOR,12599.9,capital
CUB,KWT,12125.2,capital
CUB,LAO,15413.1,capital
CUB,LBN,10889.1,capital
CUB,LBR,7852.5,capital
CUB,LBY,9123.2,capital
CUB,LCA,2467.6,capital
CUB,LIE,8284.3,capital
CUB,LKA,16153.7,capital
CUB,LSO,13087.6,capital
CUB,LTU,8988.2,capital
CUB,LUX,7968.2,capital
CUB,LVA,8809.6,capital
CUB,MAC,14691.0,centroid
CUB,MAF,2084.2,capital
CUB,MAR,7316.3,capital
CUB,MCO,8240.1,capital
CUB,MDA,9623.9,capital
CUB,MDG,14820.3,capital
CUB,MDV,16007.1,capital
CUB,MEX,1782.0,capital
CUB,MHL,11333.8,capital
CUB,MKD,9371.5,capital
CUB,MLI,7885.3,capital
CUB,MLT,9106.9,capital
CUB,MMR,14996.4,centroid
CUB,MNE,9189.0,capital
CUB,MNG,12061.6,capital
CUB,MNP,13263.5,capital
CUB,MOZ,13498.8,capital
CUB,MRT,6876.8,capital
CUB,MSR,2223.8,capital
CUB,MTQ,2430.6,capital
CUB,MUS,15868.3,capital
CUB,MWI,13258.5,capital
CUB,MYS,17060.4,capital
CUB,MYT,14384.7,capital
CUB,NAM,11884.7,capital
CUB,NCL,13025.6,capital
CUB,NER,8869.9,capital
CUB,NFK,13060.9,capital
CUB,NGA,9600.9,capital
CUB,NIC,1289.7,capital
CUB,NIU,10587.4,capital
CUB,NLD,7811.8,capital
CUB,NOR,7967.5,capital
CUB,NPL,14210.5,capital
CUB,NRU,12141.3,capital
CUB,NZL,12718.6,capital
CUB,OMN,13312.8,capital
CUB,PAK,13179.0,capital
CUB,PAN,1601.5,capital
CUB,PCN,7427.6,capital
CUB,PER,3954.6,capital
CUB,PHL,15108.9,capital
CUB,PLW,14743.7,capital
CUB,PNG,14543.8,capital
CUB,POL,8854.0,capital
CUB,PRI,1768.4,capital
CUB,PRK,12508.0,capital
CUB,PRT,7014.3,capital
CUB,PRY,6007.7,capital
CUB,PSE,10992.2,capital
CUB,PYF,8583.6,capital
CUB,QAT,12691.3,capital
CUB,REU,15675.7,capital
CUB,ROU,9581.7,capital
CUB,RUS,9586.9,capital
CUB,RWA,12382.6,capital
CUB,SAU,12373.7,capital
CUB,SDN,11735.4,capital
CUB,SEN,6843.7,capital
CUB,SGP,17216.8,capital
CUB,SGS,9655.5,centroid
CUB,SHN,9393.9,capital
CUB,SJM,7672.4,capital
CUB,SLB,13238.1,capital
CUB,SLE,7512.2,capital
CUB,SLV,1271.4,capital
CUB,SMR,8619.2,centroid
CUB,SOM,13705.4,capital
CUB,SPM,3518.8,capital
CUB,SRB,9165.7,capital
CUB,SSD,12210.7,capital
CUB,STP,9902.1,capital
CUB,SUR,3490.2,capital
CUB,SVK,8780.1,capital
CUB,SVN,8683.7,capital
CUB,SWE,8379.2,capital
CUB,SWZ,13376.1,capital
CUB,SXM,2089.5,capital
CUB,SYC,15047.2,capital
CUB,SYR,10973.3,capital
CUB,TCA,1171.0,capital
CUB,TCD,10223.1,capital
CUB,TGO,9088.3,capital
CUB,THA,15901.4,capital
CUB,TJK,12527.9,capital
CUB,TKL,10360.6,centroid
CUB,TKM,12083.3,capital
CUB,TLS,16624.6,capital
CUB,TON,11120.6,centroid
CUB,TTO,2611.4,capital
CUB,TUN,8707.1,capital
CUB,TUR,10317.3,capital
CUB,TUV,11234.8,capital
CUB,TWN,14069.3,capital
CUB,TZA,13147.8,capital
CUB,UGA,12532.0,capital
CUB,UKR,9528.9,capital
CUB,UMI,11166.8,centroid
CUB,UNK,9318.9,capital
CUB,URY,7020.0,capital
CUB,USA,2160.1,centroid
CUB,UZB,12278.3,capital
CUB,VAT,8694.3,capital
CUB,VCT,2491.1,capital
CUB,VEN,2164.5,capital
CUB,VGB,1917.7,capital
CUB,VIR,1889.9,capital
CUB,VNM,15024.8,capital
CUB,VUT,12765.9,centroid
CUB,WLF,10963.2,capital
CUB,WSM,10545.4,capital
CUB,YEM,13152.4,centroid
CUB,ZAF,13065.0,capital
CUB,ZMB,12750.2,capital
CUB,ZWE,13113.8,capital
CUW,CXR,19393.0,capital
CUW,CYM,1555.0,capital
CUW,CYP,10316.5,capital
CUW,CZE,8501.5,capital
CUW,DEU,8421.4,capital
CUW,DJI,12063.2,capital
CUW,DMA,883.7,capital
CUW,DNK,8362.3,capital
CUW,DOM,714.2,capital
CUW,DZA,7606.1,capital
CUW,ECU,1737.3,capital
CUW,EGY,10286.2,capital
CUW,ERI,11505.6,capital
CUW,ESH,6018.2,centroid
CUW,ESP,7044.0,capital
CUW,EST,9053.0,capital
CUW,ETH,11680.4,capital
CUW,FIN,9049.8,capital
CUW,FJI,12795.4,capital
CUW,FLK,7175.3,capital
CUW,FRA,7626.6,capital
CUW,FRO,7385.5,capital
CUW,FSM,14399.3,capital
CUW,GAB,8731.0,capital
CUW,GBR,7491.0,capital
CUW,GEO,10992.7,capital
CUW,GGY,7281.3,centroid
CUW,GHA,7565.6,capital
CUW,GIB,6848.8,capital
CUW,GIN,6026.9,capital
CUW,GLP,883.6,capital
CUW,GMB,5663.5,capital
CUW,GNB,5786.3,capital
CUW,GNQ,8580.5,capital
CUW,GRC,9407.2,capital
CUW,GRD,784.9,centroid
CUW,GRL,5940.7,capital
CUW,GTM,2355.2,capital
CUW,GUF,1986.4,capital
CUW,GUM,15340.4,capital
CUW,GUY,1316.8,capital
CUW,HKG,16176.5,centroid
CUW,HMD,14323.0,centroid
CUW,HND,1995.5,capital
CUW,HRV,8649.3,capital
CUW,HTI,804.2,capital
CUW,HUN,8862.8,capital
CUW,IDN,19208.3,capital
CUW,IMN,7262.9,capital
CUW,IND,14201.4,capital
CUW,IOT,15616.7,centroid
CUW,IRL,7127.7,capital
CUW,IRN,11803.5,capital
CUW,IRQ,11339.1,capital
CUW,ISL,6818.6,capital
CUW,ISR,10594.3,capital
CUW,ITA,8403.7,capital
CUW,JAM,1070.9,capital
CUW,JEY,7310.1,capital
CUW,JOR,10653.4,capital
CUW,JPN,13909.0,capital
CUW,KAZ,12003.4,capital
CUW,KEN,11744.4,capital
CUW,KGZ,12860.3,capital
CUW,KHM,17294.0,capital
CUW,KIR,13019.8,centroid
CUW,KNA,877.3,capital
CUW,KOR,14247.2,capital
CUW,KWT,11828.8,capital
CUW,LAO,16541.3,capital
CUW,LBN,10546.9,capital
CUW,LBR,6398.0,capital
CUW,LBY,8547.0,capital
CUW,LCA,878.6,capital
CUW,LIE,8149.2,capital
CUW,LKA,15960.6,capital
CUW,LSO,11273.5,capital
CUW,LTU,9175.0,capital
CUW,LUX,7907.3,capital
CUW,LVA,9060.0,capital
CUW,MAC,16193.1,centroid
CUW,MAF,908.2,capital
CUW,MAR,6691.8,capital
CUW,MCO,7983.4,capital
CUW,MDA,9601.1,capital
CUW,MDG,13194.6,capital
CUW,MDV,15480.6,capital
CUW,MEX,3331.0,capital
CUW,MHL,13019.0,capital
CUW,MKD,9135.3,capital
CUW,MLI,6600.1,capital
CUW,MLT,8632.5,capital
CUW,MMR,15960.2,centroid
CUW,MNE,8951.4,capital
CUW,MNG,13326.9,capital
CUW,MNP,15138.6,capital
CUW,MOZ,11727.7,capital
CUW,MRT,5700.5,capital
CUW,MSR,880.8,capital
CUW,MTQ,888.9,capital
CUW,MUS,14242.4,capital
CUW,MWI,11675.7,capital
CUW,MYS,18023.6,capital
CUW,MYT,12882.0,capital
CUW,NAM,10116.5,capital
CUW,NCL,14061.2,capital
CUW,NER,7670.7,capital
CUW,NFK,13866.3,capital
CUW,NGA,8329.2,capital
CUW,NIC,1887.4,capital
CUW,NIU,11587.2,capital
CUW,NLD,7844.1,capital
CUW,NOR,8266.3,capital
CUW,NPL,14787.0,capital
CUW,NRU,13728.3,capital
CUW,NZL,13085.2,capital
CUW,OMN,13044.9,capital
CUW,PAK,13518.5,capital
CUW,PAN,1213.1,capital
CUW,PCN,7814.4,capital
CUW,PER,2833.4,capital
CUW,PHL,16850.7,capital
CUW,PLW,16621.5,capital
CUW,PNG,16070.7,capital
CUW,POL,8938.2,capital
CUW,PRI,765.8,capital
CUW,PRK,14127.5,capital
CUW,PRT,6554.9,capital
CUW,PRY,4334.4,capital
CUW,PSE,10588.8,capital
CUW,PYF,9448.2,capital
CUW,QAT,12339.3,capital
CUW,REU,14028.9,capital
CUW,ROU,9457.3,capital
CUW,RUS,9897.5,capital
CUW,RWA,11025.4,capital
CUW,SAU,11923.7,capital
CUW,SDN,10839.2,capital
CUW,SEN,5560.1,capital
CUW,SGP,18321.7,capital
CUW,SGS,7992.0,centroid
CUW,SHN,7615.1,capital
CUW,SJM,8564.4,capital
CUW,SLB,14678.8,capital
CUW,SLE,6092.1,capital
CUW,SLV,2206.5,capital
CUW,SMR,8384.4,centroid
CUW,SOM,12584.4,capital
CUW,SPM,4033.8,capital
CUW,SRB,9010.7,capital
CUW,SSD,11026.5,capital
CUW,STP,8436.5,capital
CUW,SUR,1658.8,capital
CUW,SVK,8711.6,capital
CUW,SVN,8533.7,capital
CUW,SWE,8678.4,capital
CUW,SWZ,11596.8,capital
CUW,SXM,907.6,capital
CUW,SYC,13845.8,capital
CUW,SYR,10629.6,capital
CUW,TCA,1065.7,capital
CUW,TCD,9079.7,capital
CUW,TGO,7707.8,capital
CUW,THA,16909.1,capital
CUW,TJK,12871.3,capital
CUW,TKL,11630.2,centroid
CUW,TKM,12202.3,capital
CUW,TLS,18384.8,capital
CUW,TON,12128.6,centroid
CUW,TTO,819.2,capital
CUW,TUN,8236.0,capital
CUW,TUR,10121.1,capital
CUW,TUV,12574.3,capital
CUW,TWN,15729.9,capital
CUW,TZA,11736.3,capital
CUW,UGA,11246.4,capital
CUW,UKR,9624.0,capital
CUW,UMI,13002.6,centroid
CUW,UNK,9101.9,capital
CUW,URY,5397.7,capital
CUW,USA,4005.1,centroid
CUW,UZB,12688.7,capital
CUW,VAT,8398.9,capital
CUW,VCT,838.9,capital
CUW,VEN,284.5,capital
CUW,VGB,837.0,capital
CUW,VIR,811.3,capital
CUW,VNM,16284.6,capital
CUW,VUT,13988.4,centroid
CUW,WLF,12157.0,capital
CUW,WSM,11695.4,capital
CUW,YEM,12440.9,centroid
CUW,ZAF,11288.3,capital
CUW,ZMB,11118.5,capital
CUW,ZWE,11453.1,capital
CXR,CYM,18772.1,capital
CXR,CYP,9113.4,capital
CXR,CZE,10983.6,capital
CXR,DEU,11078.1,capital
CXR,DJI,7329.9,capital
CXR,DMA,18512.4,capital
CXR,DNK,11157.5,capital
CXR,DOM,19001.1,capital
CXR,DZA,11815.7,capital
CXR,ECU,18742.7,capital
CXR,EGY,9126.4,capital
CXR,ERI,7887.9,capital
CXR,ESH,13376.6,centroid
CXR,ESP,12393.2,capital
CXR,EST,10497.9,capital
CXR,ETH,7714.4,capital
CXR,FIN,10506.5,capital
CXR,FJI,7841.1,capital
CXR,FLK,12929.3,capital
CXR,FRA,11851.6,capital
CXR,FRO,12190.7,capital
CXR,FSM,6121.9,capital
CXR,GAB,10696.3,capital
CXR,GBR,12004.3,capital
CXR,GEO,8480.0,capital
CXR,GGY,12202.7,centroid
CXR,GHA,11850.8,capital
CXR,GIB,12571.9,capital
CXR,GIN,13383.6,capital
CXR,GLP,18518.6,capital
CXR,GMB,13737.6,capital
CXR,GNB,13618.3,capital
CXR,GNQ,10836.2,capital
CXR,GRC,10025.3,capital
CXR,GRD,18622.5,centroid
CXR,GRL,13781.0,capital
CXR,GTM,18196.6,capital
CXR,GUF,17517.9,capital
CXR,GUM,5064.0,capital
CXR,GUY,18193.3,capital
CXR,HKG,3751.3,centroid
CXR,HMD,5591.3,centroid
CXR,HND,18557.3,capital
CXR,HRV,10813.3,capital
CXR,HTI,19087.2,capital
CXR,HUN,10609.9,capital
CXR,IDN,485.1,capital
CXR,IMN,12252.8,capital
CXR,IND,5310.1,capital
CXR,IOT,3791.4,centroid
CXR,IRL,12384.0,capital
CXR,IRN,7654.2,capital
CXR,IRQ,8096.9,capital
CXR,ISL,12800.0,capital
CXR,ISR,8826.1,capital
CXR,ITA,11039.3,capital
CXR,JAM,19131.7,capital
CXR,JEY,12172.0,capital
CXR,JOR,8768.2,capital
CXR,JPN,6246.8,capital
CXR,KAZ,7601.2,capital
CXR,KEN,7670.7,capital
CXR,KGZ,6714.2,capital
CXR,KHM,2446.0,capital
CXR,KIR,7561.2,centroid
CXR,KNA,18549.2,capital
CXR,KOR,5779.1,capital
CXR,KWT,7598.1,capital
CXR,LAO,3174.7,capital
CXR,LBN,8880.6,capital
CXR,LBR,13021.8,capital
CXR,LBY,10864.7,capital
CXR,LCA,18514.9,capital
CXR,LIE,11318.7,capital
CXR,LKA,3450.1,capital
CXR,LSO,8305.4,capital
CXR,LTU,10344.1,capital
CXR,LUX,11574.4,capital
CXR,LVA,10473.1,capital
CXR,MAC,3723.9,centroid
CXR,MAF,18536.2,capital
CXR,MAR,12722.2,capital
CXR,MCO,11467.3,capital
CXR,MDA,9876.3,capital
CXR,MDG,6299.6,capital
CXR,MDV,3914.2,capital
CXR,MEX,17172.3,capital
CXR,MHL,7529.1,capital
CXR,MKD,10312.0,capital
CXR,MLI,12801.1,capital
CXR,MLT,10788.4,capital
CXR,MMR,3701.2,centroid
CXR,MNE,10496.7,capital
CXR,MNG,6487.0,capital
CXR,MNP,5254.5,capital
CXR,MOZ,7822.3,capital
CXR,MRT,13693.7,capital
CXR,MSR,18532.3,capital
CXR,MTQ,18504.3,capital
CXR,MUS,5261.3,capital
CXR,MWI,7795.3,capital
CXR,MYS,1571.6,capital
CXR,MYT,6575.3,capital
CXR,NAM,9422.8,capital
CXR,NCL,6575.7,capital
CXR,NER,11727.1,capital
CXR,NFK,6762.1,capital
CXR,NGA,11074.8,capital
CXR,NIC,18700.5,capital
CXR,NIU,9049.9,capital
CXR,NLD,11654.7,capital
CXR,NOR,11283.4,capital
CXR,NPL,4772.6,capital
CXR,NRU,6855.4,capital
CXR,NZL,7503.2,capital
CXR,OMN,6379.2,capital
CXR,PAK,5999.3,capital
CXR,PAN,19423.6,capital
CXR,PCN,12799.7,capital
CXR,PER,17499.3,capital
CXR,PHL,3254.1,capital
CXR,PLW,3773.4,capital
CXR,PNG,4540.1,capital
CXR,POL,10562.6,capital
CXR,PRI,18757.7,capital
CXR,PRK,5878.9,capital
CXR,PRT,12877.2,capital
CXR,PRY,15652.9,capital
CXR,PSE,8832.0,capital
CXR,PYF,11188.5,capital
CXR,QAT,7079.5,capital
CXR,REU,5480.0,capital
CXR,ROU,10004.6,capital
CXR,RUS,9642.5,capital
CXR,RWA,8396.0,capital
CXR,SAU,7487.9,capital
CXR,SDN,8553.8,capital
CXR,SEN,13838.6,capital
CXR,SGP,1317.9,capital
CXR,SGS,11995.0,centroid
CXR,SHN,11918.1,capital
CXR,SJM,11142.5,capital
CXR,SLB,5938.0,capital
CXR,SLE,13321.5,capital
CXR,SLV,18358.6,capital
CXR,SMR,11067.1,centroid
CXR,SOM,6817.7,capital
CXR,SPM,15625.1,capital
CXR,SRB,10449.1,capital
CXR,SSD,8376.5,capital
CXR,STP,10993.0,capital
CXR,SUR,17847.5,capital
CXR,SVK,10763.6,capital
CXR,SVN,10929.6,capital
CXR,SWE,10868.1,capital
CXR,SWZ,7957.8,capital
CXR,SXM,18535.6,capital
CXR,SYC,5568.3,capital
CXR,SYR,8797.3,capital
CXR,TCA,18741.5,capital
CXR,TCD,10317.2,capital
CXR,TGO,11706.1,capital
CXR,THA,2748.2,capital
CXR,TJK,6653.2,capital
CXR,TKL,8996.0,centroid
CXR,TKM,7283.0,capital
CXR,TLS,2191.3,capital
CXR,TON,8508.5,centroid
CXR,TTO,18615.4,capital
CXR,TUN,11186.9,capital
CXR,TUR,9326.7,capital
CXR,TUV,8047.6,capital
CXR,TWN,4302.5,capital
CXR,TZA,7696.5,capital
CXR,UGA,8166.6,capital
CXR,UKR,9874.1,capital
CXR,UMI,7449.1,centroid
CXR,UNK,10348.3,capital
CXR,URY,14625.6,capital
CXR,USA,16205.1,centroid
CXR,UZB,6852.3,capital
CXR,VAT,11044.2,capital
CXR,VCT,18558.1,capital
CXR,VEN,19201.3,capital
CXR,VGB,18643.5,capital
CXR,VIR,18674.8,capital
CXR,VNM,3496.7,capital
CXR,VUT,6645.4,centroid
CXR,WLF,8475.4,capital
CXR,WSM,8938.5,capital
CXR,YEM,6954.3,centroid
CXR,ZAF,8262.8,capital
CXR,ZMB,8364.7,capital
CXR,ZWE,8042.2,capital
CYM,CYP,10854.1,capital
CYM,CZE,8775.4,capital
CYM,DEU,8632.1,capital
CYM,DJI,13035.8,capital
CYM,DMA,2166.2,capital
CYM,DNK,8488.3,capital
CYM,DOM,1211.2,capital
CYM,DZA,8262.1,capital
CYM,ECU,2192.3,capital
CYM,EGY,10959.0,capital
CYM,ERI,12435.7,capital
CYM,ESH,7008.7,centroid
CYM,ESP,7609.5,capital
CYM,EST,9041.3,capital
CYM,ETH,12740.9,capital
CYM,FIN,9018.1,capital
CYM,FJI,11694.2,capital
CYM,FLK,8217.4,capital
CYM,FRA,7955.0,capital
CYM,FRO,7321.2,capital
CYM,FSM,12876.4,capital
CYM,GAB,10080.0,capital
CYM,GBR,7743.7,capital
CYM,GEO,11268.8,capital
CYM,GGY,7591.0,centroid
CYM,GHA,8880.0,capital
CYM,GIB,7531.5,capital
CYM,GIN,7330.2,capital
CYM,GLP,2112.0,capital
CYM,GMB,6906.5,capital
CYM,GNB,7055.9,capital
CYM,GNQ,9886.0,capital
CYM,GRC,9947.4,capital
CYM,GRD,2252.9,centroid
CYM,GRL,5461.3,capital
CYM,GTM,1100.4,capital
CYM,GUF,3527.6,capital
CYM,GUM,13788.5,capital
CYM,GUY,2866.9,capital
CYM,HKG,15094.8,centroid
CYM,HMD,15636.9,centroid
CYM,HND,848.8,capital
CYM,HRV,9031.1,capital
CYM,HTI,953.9,capital
CYM,HUN,9188.3,capital
CYM,IDN,18311.2,capital
CYM,IMN,7433.7,capital
CYM,IND,14212.6,capital
CYM,IOT,16730.0,centroid
CYM,IRL,7318.7,capital
CYM,IRN,12137.2,capital
CYM,IRQ,11811.9,capital
CYM,ISL,6625.1,capital
CYM,ISR,11194.9,capital
CYM,ITA,8900.2,capital
CYM,JAM,503.5,capital
CYM,JEY,7628.2,capital
CYM,JOR,11243.2,capital
CYM,JPN,12527.5,capital
CYM,KAZ,11742.8,capital
CYM,KEN,13004.1,capital
CYM,KGZ,12678.6,capital
CYM,KHM,16516.3,capital
CYM,KIR,11591.0,centroid
CYM,KNA,1980.4,capital
CYM,KOR,13031.7,capital
CYM,KWT,12350.9,capital
CYM,LAO,15850.0,capital
CYM,LBN,11095.9,capital
CYM,LBR,7741.5,capital
CYM,LBY,9264.9,capital
CYM,LCA,2246.5,capital
CYM,LIE,8515.4,capital
CYM,LKA,16446.9,capital
CYM,LSO,12823.4,capital
CYM,LTU,9285.0,capital
CYM,LUX,8211.6,capital
CYM,LVA,9116.3,capital
CYM,MAC,15128.7,centroid
CYM,MAF,1930.7,capital
CYM,MAR,7432.3,capital
CYM,MCO,8445.8,capital
CYM,MDA,9886.5,capital
CYM,MDG,14667.3,capital
CYM,MDV,16226.2,capital
CYM,MEX,1861.7,capital
CYM,MHL,11531.5,capital
CYM,MKD,9589.9,capital
CYM,MLI,7829.4,capital
CYM,MLT,9271.8,capital
CYM,MMR,15423.7,centroid
CYM,MNE,9405.8,capital
CYM,MNG,12498.2,capital
CYM,MNP,13588.9,capital
CYM,MOZ,13264.2,capital
CYM,MRT,6846.2,capital
CYM,MSR,2045.5,capital
CYM,MTQ,2219.5,capital
CYM,MUS,15720.3,capital
CYM,MWI,13118.8,capital
CYM,MYS,17498.9,capital
CYM,MYT,14283.8,capital
CYM,NAM,11649.7,capital
CYM,NCL,13016.2,capital
CYM,NER,8845.9,capital
CYM,NFK,12992.1,capital
CYM,NGA,9558.7,capital
CYM,NIC,951.2,capital
CYM,NIU,10550.8,capital
CYM,NLD,8072.1,capital
CYM,NOR,8277.1,capital
CYM,NPL,14597.5,capital
CYM,NRU,12300.3,capital
CYM,NZL,12544.2,capital
CYM,OMN,13554.3,capital
CYM,PAK,13526.9,capital
CYM,PAN,1161.8,capital
CYM,PCN,7217.6,capital
CYM,PER,3516.1,capital
CYM,PHL,15521.9,capital
CYM,PLW,15073.6,capital
CYM,PNG,14693.5,capital
CYM,POL,9131.4,capital
CYM,PRI,1608.6,capital
CYM,PRK,12942.2,capital
CYM,PRT,7165.6,capital
CYM,PRY,5581.1,capital
CYM,PSE,11186.5,capital
CYM,PYF,8497.4,capital
CYM,QAT,12909.7,capital
CYM,REU,15516.1,capital
CYM,ROU,9824.2,capital
CYM,RUS,9908.4,capital
CYM,RWA,12326.1,capital
CYM,SAU,12568.1,capital
CYM,SDN,11815.2,capital
CYM,SEN,6781.4,capital
CYM,SGP,17657.1,capital
CYM,SGS,9222.7,centroid
CYM,SHN,9149.7,capital
CYM,SJM,8067.7,capital
CYM,SLB,13350.2,capital
CYM,SLE,7411.0,capital
CYM,SLV,1039.5,capital
CYM,SMR,8832.4,centroid
CYM,SOM,13734.8,capital
CYM,SPM,3820.0,capital
CYM,SRB,9399.1,capital
CYM,SSD,12210.3,capital
CYM,STP,9796.2,capital
CYM,SUR,3204.2,capital
CYM,SVK,9028.0,capital
CYM,SVN,8914.7,capital
CYM,SWE,8691.5,capital
CYM,SWZ,13136.1,capital
CYM,SXM,1935.1,capital
CYM,SYC,15062.4,capital
CYM,SYR,11180.4,capital
CYM,TCA,1093.4,capital
CYM,TCD,10223.6,capital
CYM,TGO,9008.3,capital
CYM,THA,16335.4,capital
CYM,TJK,12872.0,capital
CYM,TKL,10401.8,centroid
CYM,TKM,12388.0,capital
CYM,TLS,16877.7,capital
CYM,TON,11089.8,centroid
CYM,TTO,2335.4,capital
CYM,TUN,8869.8,capital
CYM,TUR,10550.5,capital
CYM,TUV,11302.9,capital
CYM,TWN,14497.2,capital
CYM,TZA,13075.8,capital
CYM,UGA,12500.8,capital
CYM,UKR,9812.8,capital
CYM,UMI,11449.7,centroid
CYM,UNK,9540.9,capital
CYM,URY,6586.7,capital
CYM,USA,2571.4,centroid
CYM,UZB,12630.8,capital
CYM,VAT,8895.4,capital
CYM,VCT,2254.5,capital
CYM,VEN,1837.6,capital
CYM,VGB,1764.8,capital
CYM,VIR,1733.3,capital
CYM,VNM,15464.4,capital
CYM,VUT,12807.1,centroid
CYM,WLF,10984.6,capital
CYM,WSM,10551.3,capital
CYM,YEM,13291.2,centroid
CYM,ZAF,12826.3,capital
CYM,ZMB,12587.1,capital
CYM,ZWE,12938.1,capital
CYP,CZE,2256.4,capital
CYP,DEU,2488.7,capital
CYP,DJI,2802.3,capital
CYP,DMA,9453.6,capital
CYP,DNK,2774.8,capital
CYP,DOM,9976.6,capital
CYP,DZA,2718.6,capital
CYP,ECU,11995.0,capital
CYP,EGY,601.4,capital
CYP,ERI,2274.6,capital
CYP,ESH,4582.7,centroid
CYP,ESP,3283.2,capital
CYP,EST,2769.6,capital
CYP,ETH,2958.8,capital
CYP,FIN,2844.8,capital
CYP,FJI,16090.5,capital
CYP,FLK,13072.5,capital
CYP,FRA,2948.8,capital
CYP,FRO,4078.4,capital
CYP,FSM,12585.9,capital
CYP,GAB,4592.5,capital
CYP,GBR,3216.8,capital
CYP,GEO,1233.2,capital
CYP,GGY,3311.5,centroid
CYP,GHA,4758.4,capital
CYP,GIB,3475.3,capital
CYP,GIN,5542.2,capital
CYP,GLP,9439.2,capital
CYP,GMB,5535.1,capital
CYP,GNB,5551.7,capital
CYP,GNQ,4312.4,capital
CYP,GRC,914.1,capital
CYP,GRD,9682.7,centroid
CYP,GRL,6304.1,capital
CYP,GTM,11916.3,capital
CYP,GUF,9300.1,capital
CYP,GUM,11003.8,capital
CYP,GUY,9708.8,capital
CYP,HKG,7805.6,centroid
CYP,HMD,10518.5,centroid
CYP,HND,11702.9,capital
CYP,HRV,1879.4,capital
CYP,HTI,10175.9,capital
CYP,HUN,1812.4,capital
CYP,IDN,8928.5,capital
CYP,IMN,3594.7,capital
CYP,IND,4170.4,capital
CYP,IOT,6072.5,centroid
CYP,IRL,3675.5,capital
CYP,IRN,1635.6,capital
CYP,IRQ,1034.9,capital
CYP,ISL,4871.8,capital
CYP,ISR,416.0,capital
CYP,ITA,1954.5,capital
CYP,JAM,10580.4,capital
CYP,JEY,3270.0,capital
CYP,JOR,430.8,capital
CYP,JPN,9052.7,capital
CYP,KAZ,3509.3,capital
CYP,KEN,4069.7,capital
CYP,KGZ,3625.4,capital
CYP,KHM,7601.5,capital
CYP,KIR,14175.2,centroid
CYP,KNA,9442.3,capital
CYP,KOR,7997.8,capital
CYP,KWT,1516.5,capital
CYP,LAO,7010.8,capital
CYP,LBN,242.8,capital
CYP,LBR,5531.5,capital
CYP,LBY,1872.4,capital
CYP,LCA,9503.6,capital
CYP,LIE,2383.1,capital
CYP,LKA,5680.4,capital
CYP,LSO,7197.3,capital
CYP,LTU,2257.7,capital
CYP,LUX,2727.4,capital
CYP,LVA,2518.7,capital
CYP,MAC,7755.0,centroid
CYP,MAF,9423.5,capital
CYP,MAR,3655.6,capital
CYP,MCO,2408.6,capital
CYP,MDA,1368.3,capital
CYP,MDG,6197.7,capital
CYP,MDV,5372.4,capital
CYP,MEX,12143.4,capital
CYP,MHL,13581.2,capital
CYP,MKD,1282.4,capital
CYP,MLI,4842.6,capital
CYP,MLT,1703.9,capital
CYP,MMR,6370.8,centroid
CYP,MNE,1461.2,capital
CYP,MNG,6043.6,capital
CYP,MNP,10963.2,capital
CYP,MOZ,6798.8,capital
CYP,MRT,5198.3,capital
CYP,MSR,9435.7,capital
CYP,MTQ,9470.7,capital
CYP,MUS,6659.6,capital
CYP,MWI,5464.3,capital
CYP,MYS,7845.2,capital
CYP,MYT,5477.3,capital
CYP,NAM,6644.9,capital
CYP,NCL,15269.2,capital
CYP,NER,3947.3,capital
CYP,NFK,15723.6,capital
CYP,NGA,3914.7,capital
CYP,NIC,11774.0,capital
CYP,NIU,17109.8,capital
CYP,NLD,2946.5,capital
CYP,NOR,3196.8,capital
CYP,NPL,4944.2,capital
CYP,NRU,13863.2,capital
CYP,NZL,16606.5,capital
CYP,OMN,2737.0,capital
CYP,PAK,3618.7,capital
CYP,PAN,11445.4,capital
CYP,PCN,18071.5,capital
CYP,PER,12619.7,capital
CYP,PHL,8867.6,capital
CYP,PLW,10538.1,capital
CYP,PNG,12770.2,capital
CYP,POL,2133.7,capital
CYP,PRI,9656.8,capital
CYP,PRK,7823.1,capital
CYP,PRT,3763.8,capital
CYP,PRY,11676.4,capital
CYP,PSE,402.3,capital
CYP,PYF,18032.6,capital
CYP,QAT,2058.3,capital
CYP,REU,6654.8,capital
CYP,ROU,1200.3,capital
CYP,RUS,2311.3,capital
CYP,RWA,4142.1,capital
CYP,SAU,1734.2,capital
CYP,SDN,2183.3,capital
CYP,SEN,5534.1,capital
CYP,SGP,8160.9,capital
CYP,SGS,12011.5,centroid
CYP,SHN,7018.1,capital
CYP,SJM,4860.3,capital
CYP,SLB,13911.6,capital
CYP,SLE,5577.8,capital
CYP,SLV,11887.9,capital
CYP,SMR,2027.3,centroid
CYP,SOM,3887.3,capital
CYP,SPM,7215.5,capital
CYP,SRB,1530.3,capital
CYP,SSD,3376.5,capital
CYP,STP,4755.4,capital
CYP,SUR,9498.2,capital
CYP,SVK,1967.6,capital
CYP,SVN,1990.1,capital
CYP,SWE,2907.2,capital
CYP,SWZ,6857.7,capital
CYP,SXM,9423.0,capital
CYP,SYC,4991.2,capital
CYP,SYR,326.9,capital
CYP,TCA,9878.0,capital
CYP,TCD,3158.7,capital
CYP,TGO,4606.9,capital
CYP,THA,7067.2,capital
CYP,TJK,3154.5,capital
CYP,TKL,16129.4,centroid
CYP,TKM,2249.8,capital
CYP,TLS,10754.9,capital
CYP,TON,16769.1,centroid
CYP,TTO,9762.9,capital
CYP,TUN,2089.0,capital
CYP,TUR,529.7,capital
CYP,TUV,15452.2,capital
CYP,TWN,8282.0,capital
CYP,TZA,4604.1,capital
CYP,UGA,3876.7,capital
CYP,UKR,1714.5,capital
CYP,UMI,12207.6,centroid
CYP,UNK,1341.9,capital
CYP,URY,12111.4,capital
CYP,USA,10405.6,centroid
CYP,UZB,3181.6,capital
CYP,VAT,1959.3,capital
CYP,VCT,9577.0,capital
CYP,VEN,10249.3,capital
CYP,VGB,9532.5,capital
CYP,VIR,9564.6,capital
CYP,VNM,7131.4,capital
CYP,VUT,14957.5,centroid
CYP,WLF,16183.7,capital
CYP,WSM,16558.2,capital
CYP,YEM,2677.2,centroid
CYP,ZAF,6795.5,capital
CYP,ZMB,5649.5,capital
CYP,ZWE,5898.4,capital
CZE,DEU,279.9,capital
CZE,DJI,5020.3,capital
CZE,DMA,7701.3,capital
CZE,DNK,633.6,capital
CZE,DOM,8044.1,capital
CZE,DZA,1740.2,capital
CZE,ECU,10237.3,capital
CZE,EGY,2633.8,capital
CZE,ERI,4449.4,capital
CZE,ESH,3696.8,centroid
CZE,ESP,1772.4,capital
CZE,EST,1229.8,capital
CZE,ETH,5087.7,capital
CZE,FIN,1301.7,capital
CZE,FJI,16187.5,capital
CZE,FLK,13203.3,capital
CZE,FRA,882.0,capital
CZE,FRO,1851.5,capital
CZE,FSM,12776.8,capital
CZE,GAB,5546.0,capital
CZE,GBR,1032.7,capital
CZE,GEO,2510.6,capital
CZE,GGY,1220.3,centroid
CZE,GHA,5136.8,capital
CZE,GIB,2218.4,capital
CZE,GIN,5197.6,capital
CZE,GLP,7668.2,capital
CZE,GMB,4947.5,capital
CZE,GNB,5055.3,capital
CZE,GNQ,5179.1,capital
CZE,GRC,1535.1,capital
CZE,GRD,7987.2,centroid
CZE,GRL,4062.5,capital
CZE,GTM,9791.6,capital
CZE,GUF,7943.7,capital
CZE,GUM,11453.7,capital
CZE,GUY,8188.5,capital
CZE,HKG,8790.2,centroid
CZE,HMD,12697.5,centroid
CZE,HND,9617.4,capital
CZE,HRV,489.1,capital
CZE,HTI,8210.6,capital
CZE,HUN,444.2,capital
CZE,IDN,10709.9,capital
CZE,IMN,1362.5,capital
CZE,IND,5707.0,capital
CZE,IOT,8288.1,centroid
CZE,IRL,1463.4,capital
CZE,IRN,3365.6,capital
CZE,IRQ,3073.6,capital
CZE,ISL,2634.3,capital
CZE,ISR,2664.9,capital
CZE,ITA,923.1,capital
CZE,JAM,8567.9,capital
CZE,JEY,1191.8,capital
CZE,JOR,2687.0,capital
CZE,JPN,9070.4,capital
CZE,KAZ,3921.0,capital
CZE,KEN,6097.7,capital
CZE,KGZ,4548.8,capital
CZE,KHM,9059.2,capital
CZE,KIR,13935.0,centroid
CZE,KNA,7631.8,capital
CZE,KOR,8248.9,capital
CZE,KWT,3628.6,capital
CZE,LAO,8358.3,capital
CZE,LBN,2488.6,capital
CZE,LBR,5405.6,capital
CZE,LBY,1915.3,capital
CZE,LCA,7782.8,capital
CZE,LIE,486.7,capital
CZE,LKA,7678.6,capital
CZE,LSO,8923.1,capital
CZE,LTU,895.6,capital
CZE,LUX,596.3,capital
CZE,LVA,993.8,capital
CZE,MAC,8756.4,centroid
CZE,MAF,7593.7,capital
CZE,MAR,2487.7,capital
CZE,MCO,883.1,capital
CZE,MDA,1114.5,capital
CZE,MDG,8333.5,capital
CZE,MDV,7492.6,capital
CZE,MEX,9922.2,capital
CZE,MHL,13279.2,capital
CZE,MKD,1048.8,capital
CZE,MLI,4639.6,capital
CZE,MLT,1577.7,capital
CZE,MMR,7703.2,centroid
CZE,MNE,927.7,capital
CZE,MNG,6291.9,capital
CZE,MNP,11340.1,capital
CZE,MOZ,8644.8,capital
CZE,MRT,4466.3,capital
CZE,MSR,7643.9,capital
CZE,MTQ,7736.9,capital
CZE,MUS,8883.3,capital
CZE,MWI,7369.9,capital
CZE,MYS,9544.7,capital
CZE,MYT,7608.6,capital
CZE,NAM,8082.3,capital
CZE,NCL,16078.5,capital
CZE,NER,4217.9,capital
CZE,NFK,16790.7,capital
CZE,NGA,4607.0,capital
CZE,NIC,9720.4,capital
CZE,NIU,16542.7,capital
CZE,NLD,710.0,capital
CZE,NOR,1116.9,capital
CZE,NPL,6354.7,capital
CZE,NRU,13922.0,capital
CZE,NZL,18210.7,capital
CZE,OMN,4794.4,capital
CZE,PAK,5034.5,capital
CZE,PAN,9520.6,capital
CZE,PCN,15896.7,capital
CZE,PER,11134.1,capital
CZE,PHL,9902.9,capital
CZE,PLW,11420.0,capital
CZE,PNG,13761.5,capital
CZE,POL,517.4,capital
CZE,PRI,7776.2,capital
CZE,PRK,8054.7,capital
CZE,PRT,2243.5,capital
CZE,PRY,10960.5,capital
CZE,PSE,2652.3,capital
CZE,PYF,16123.3,capital
CZE,QAT,4202.0,capital
CZE,REU,8862.2,capital
CZE,ROU,1081.1,capital
CZE,RUS,1667.9,capital
CZE,RWA,5976.0,capital
CZE,SAU,3958.3,capital
CZE,SDN,4172.0,capital
CZE,SEN,4871.3,capital
CZE,SGP,9856.8,capital
CZE,SGS,12574.6,centroid
CZE,SHN,7601.0,capital
CZE,SJM,3128.9,capital
CZE,SLB,14494.8,capital
CZE,SLE,5284.4,capital
CZE,SLV,9785.4,capital
CZE,SMR,719.1,centroid
CZE,SOM,6086.5,capital
CZE,SPM,5023.5,capital
CZE,SRB,742.3,capital
CZE,SSD,5280.6,capital
CZE,STP,5580.0,capital
CZE,SUR,8059.6,capital
CZE,SVK,291.1,capital
CZE,SVN,448.9,capital
CZE,SWE,1053.6,capital
CZE,SWZ,8672.2,capital
CZE,SXM,7594.5,capital
CZE,SYC,7241.7,capital
CZE,SYR,2566.8,capital
CZE,TCA,7886.3,capital
CZE,TCD,4223.7,capital
CZE,TGO,5040.8,capital
CZE,THA,8561.9,capital
CZE,TJK,4405.3,capital
CZE,TKL,15407.9,centroid
CZE,TKM,3702.0,capital
CZE,TLS,12238.8,capital
CZE,TON,16567.5,centroid
CZE,TTO,8098.7,capital
CZE,TUN,1514.2,capital
CZE,TUR,1829.6,capital
CZE,TUV,15183.4,capital
CZE,TWN,9023.5,capital
CZE,TZA,6584.7,capital
CZE,UGA,5796.6,capital
CZE,UKR,1142.9,capital
CZE,UMI,11830.2,centroid
CZE,UNK,972.6,capital
CZE,URY,11710.9,capital
CZE,USA,8149.1,centroid
CZE,UZB,4267.6,capital
CZE,VAT,922.7,capital
CZE,VCT,7868.8,capital
CZE,VEN,8495.9,capital
CZE,VGB,7673.8,capital
CZE,VIR,7702.8,capital
CZE,VNM,8329.6,capital
CZE,VUT,15496.8,centroid
CZE,WLF,15810.5,capital
CZE,WSM,15944.8,capital
CZE,YEM,4933.6,centroid
CZE,ZAF,8541.1,capital
CZE,ZMB,7408.3,capital
CZE,ZWE,7726.6,capital
DEU,DJI,5269.8,capital
DEU,DMA,7638.6,capital
DEU,DNK,354.7,capital
DEU,DOM,7940.7,capital
DEU,DZA,1932.2,capital
DEU,ECU,10158.8,capital
DEU,EGY,2890.7,capital
DEU,ERI,4705.5,capital
DEU,ESH,3826.8,centroid
DEU,ESP,1869.7,capital
DEU,EST,1040.7,capital
DEU,ETH,5350.6,capital
DEU,FIN,1104.5,capital
DEU,FJI,15974.9,capital
DEU,FLK,13355.4,capital
DEU,FRA,878.4,capital
DEU,FRO,1595.8,capital
DEU,FSM,12612.4,capital
DEU,GAB,5808.5,capital
DEU,GBR,931.8,capital
DEU,GEO,2637.2,capital
DEU,GGY,1167.0,centroid
DEU,GHA,5369.2,capital
DEU,GIB,2340.0,capital
DEU,GIN,5366.7,capital
DEU,GLP,7601.9,capital
DEU,GMB,5092.9,capital
DEU,GNB,5209.7,capital
DEU,GNQ,5439.6,capital
DEU,GRC,1803.1,capital
DEU,GRD,7933.9,centroid
DEU,GRL,3817.0,capital
DEU,GTM,9631.8,capital
DEU,GUF,7950.3,capital
DEU,GUM,11328.6,capital
DEU,GUY,8165.8,capital
DEU,HKG,8754.4,centroid
DEU,HMD,12960.4,centroid
DEU,HND,9469.5,capital
DEU,HRV,769.0,capital
DEU,HTI,8098.8,capital
DEU,HUN,688.2,capital
DEU,IDN,10787.7,capital
DEU,IMN,1198.4,capital
DEU,IND,5780.1,capital
DEU,IOT,8483.8,centroid
DEU,IRL,1316.6,capital
DEU,IRN,3506.0,capital
DEU,IRQ,3260.0,capital
DEU,ISL,2385.4,capital
DEU,ISR,2901.3,capital
DEU,ITA,1184.2,capital
DEU,JAM,8442.8,capital
DEU,JEY,1147.8,capital
DEU,JOR,2919.4,capital
DEU,JPN,8915.5,capital
DEU,KAZ,3879.8,capital
DEU,KEN,6369.9,capital
DEU,KGZ,4557.3,capital
DEU,KHM,9090.7,capital
DEU,KIR,13721.1,centroid
DEU,KNA,7557.6,capital
DEU,KOR,8126.2,capital
DEU,KWT,3816.9,capital
DEU,LAO,8378.1,capital
DEU,LBN,2715.7,capital
DEU,LBR,5594.0,capital
DEU,LBY,2183.6,capital
DEU,LCA,7725.9,capital
DEU,LIE,660.1,capital
DEU,LKA,7815.9,capital
DEU,LSO,9202.7,capital
DEU,LTU,818.1,capital
DEU,LUX,602.6,capital
DEU,LVA,843.0,capital
DEU,MAC,8723.1,centroid
DEU,MAF,7515.7,capital
DEU,MAR,2612.3,capital
DEU,MCO,1072.5,capital
DEU,MDA,1264.1,capital
DEU,MDG,8599.4,capital
DEU,MDV,7659.4,capital
DEU,MEX,9726.8,capital
DEU,MHL,13065.3,capital
DEU,MKD,1316.0,capital
DEU,MLI,4830.1,capital
DEU,MLT,1850.6,capital
DEU,MMR,7726.2,centroid
DEU,MNE,1203.4,capital
DEU,MNG,6188.3,capital
DEU,MNP,11207.4,capital
DEU,MOZ,8924.4,capital
DEU,MRT,4601.6,capital
DEU,MSR,7573.5,capital
DEU,MTQ,7677.8,capital
DEU,MUS,9133.9,capital
DEU,MWI,7648.0,capital
DEU,MYS,9613.8,capital
DEU,MYT,7874.4,capital
DEU,NAM,8356.5,capital
DEU,NCL,15943.4,capital
DEU,NER,4452.6,capital
DEU,NFK,16674.9,capital
DEU,NGA,4862.8,capital
DEU,NIC,9580.5,capital
DEU,NIU,16282.0,capital
DEU,NLD,577.4,capital
DEU,NOR,837.7,capital
DEU,NPL,6402.1,capital
DEU,NRU,13734.4,capital
DEU,NZL,18136.9,capital
DEU,OMN,4961.1,capital
DEU,PAK,5099.4,capital
DEU,PAN,9412.0,capital
DEU,PCN,15700.5,capital
DEU,PER,11096.8,capital
DEU,PHL,9865.1,capital
DEU,PLW,11349.0,capital
DEU,PNG,13684.2,capital
DEU,POL,516.8,capital
DEU,PRI,7686.0,capital
DEU,PRK,7931.4,capital
DEU,PRT,2313.1,capital
DEU,PRY,11033.9,capital
DEU,PSE,2888.2,capital
DEU,PYF,15850.4,capital
DEU,QAT,4390.7,capital
DEU,REU,9117.2,capital
DEU,ROU,1294.7,capital
DEU,RUS,1608.3,capital
DEU,RWA,6254.7,capital
DEU,SAU,4168.7,capital
DEU,SDN,4442.5,capital
DEU,SEN,5008.9,capital
DEU,SGP,9923.5,capital
DEU,SGS,12775.6,centroid
DEU,SHN,7831.0,capital
DEU,SJM,2859.0,capital
DEU,SLB,14356.3,capital
DEU,SLE,5457.7,capital
DEU,SLV,9632.2,capital
DEU,SMR,976.6,centroid
DEU,SOM,6341.2,capital
DEU,SPM,4853.0,capital
DEU,SRB,1001.6,capital
DEU,SSD,5556.9,capital
DEU,STP,5836.2,capital
DEU,SUR,8051.8,capital
DEU,SVK,552.6,capital
DEU,SVN,724.1,capital
DEU,SWE,809.9,capital
DEU,SWZ,8952.0,capital
DEU,SXM,7516.8,capital
DEU,SYC,7479.7,capital
DEU,SYR,2791.7,capital
DEU,TCA,7769.4,capital
DEU,TCD,4496.6,capital
DEU,TGO,5277.9,capital
DEU,THA,8603.0,capital
DEU,TJK,4459.3,capital
DEU,TKL,15150.7,centroid
DEU,TKM,3798.6,capital
DEU,TLS,12252.2,capital
DEU,TON,16326.3,centroid
DEU,TTO,8050.6,capital
DEU,TUN,1764.6,capital
DEU,TUR,2037.7,capital
DEU,TUV,14955.7,capital
DEU,TWN,8953.6,capital
DEU,TZA,6859.8,capital
DEU,UGA,6073.0,capital
DEU,UKR,1204.0,capital
DEU,UMI,11619.7,centroid
DEU,UNK,1238.6,capital
DEU,URY,11816.6,capital
DEU,USA,7923.0,centroid
DEU,UZB,4303.1,capital
DEU,VAT,1183.3,capital
DEU,VCT,7813.8,capital
DEU,VEN,8428.2,capital
DEU,VGB,7589.0,capital
DEU,VIR,7617.2,capital
DEU,VNM,8327.6,capital
DEU,VUT,15339.4,centroid
DEU,WLF,15568.9,capital
DEU,WSM,15688.3,capital
DEU,YEM,5163.0,centroid
DEU,ZAF,8820.9,capital
DEU,ZMB,7688.2,capital
DEU,ZWE,8006.2,capital
DJI,DMA,11187.1,capital
DJI,DNK,5570.8,capital
DJI,DOM,11948.4,capital
DJI,DZA,4876.8,capital
DJI,ECU,13455.2,capital
DJI,EGY,2393.4,capital
DJI,ERI,617.5,capital
DJI,ESH,6066.4,centroid
DJI,ESP,5580.0,capital
DJI,EST,5535.8,capital
DJI,ETH,559.2,capital
DJI,FIN,5606.4,capital
DJI,FJI,15165.6,capital
DJI,FLK,11772.7,capital
DJI,FRA,5589.2,capital
DJI,FRO,6865.5,capital
DJI,FSM,12539.3,capital
DJI,GAB,3921.9,capital
DJI,GBR,5898.4,capital
DJI,GEO,3351.3,capital
DJI,GGY,5930.9,centroid
DJI,GHA,4807.5,capital
DJI,GIB,5560.5,capital
DJI,GIN,6205.6,capital
DJI,GLP,11202.2,capital
DJI,GMB,6470.6,capital
DJI,GNB,6382.8,capital
DJI,GNQ,3881.6,capital
DJI,GRC,3512.4,capital
DJI,GRD,11307.9,centroid
DJI,GRL,9082.7,capital
DJI,GTM,14135.6,capital
DJI,GUF,10491.6,capital
DJI,GUM,10933.3,capital
DJI,GUY,11075.2,capital
DJI,HKG,7588.6,centroid
DJI,HMD,7716.4,centroid
DJI,HND,13843.3,capital
DJI,HRV,4590.0,capital
DJI,HTI,12188.7,capital
DJI,HUN,4583.0,capital
DJI,IDN,7317.9,capital
DJI,IMN,6301.2,capital
DJI,IND,4008.2,capital
DJI,IOT,3696.4,centroid
DJI,IRL,6359.0,capital
DJI,IRN,2806.9,capital
DJI,IRQ,2422.0,capital
DJI,ISL,7653.8,capital
DJI,ISR,2386.6,capital
DJI,ITA,4491.7,capital
DJI,JAM,12649.6,capital
DJI,JEY,5885.5,capital
DJI,JOR,2381.7,capital
DJI,JPN,9838.8,capital
DJI,KAZ,5092.3,capital
DJI,KEN,1593.0,capital
DJI,KGZ,4612.3,capital
DJI,KHM,6714.2,capital
DJI,KIR,14289.4,centroid
DJI,KNA,11264.7,capital
DJI,KOR,8686.4,capital
DJI,KWT,2039.1,capital
DJI,LAO,6407.0,capital
DJI,LBN,2598.7,capital
DJI,LBR,5946.2,capital
DJI,LBY,3862.4,capital
DJI,LCA,11185.2,capital
DJI,LIE,5048.7,capital
DJI,LKA,4058.1,capital
DJI,LSO,4849.0,capital
DJI,LTU,5041.9,capital
DJI,LUX,5416.2,capital
DJI,LVA,5300.2,capital
DJI,MAC,7523.8,centroid
DJI,MAF,11277.1,capital
DJI,MAR,5627.8,capital
DJI,MCO,4945.9,capital
DJI,MDA,4160.2,capital
DJI,MDG,3425.7,capital
DJI,MDV,3441.4,capital
DJI,MEX,14632.7,capital
DJI,MHL,13924.8,capital
DJI,MKD,3983.8,capital
DJI,MLI,5550.4,capital
DJI,MLT,3945.4,capital
DJI,MMR,5922.9,centroid
DJI,MNE,4135.7,capital
DJI,MNG,7107.6,capital
DJI,MNP,10990.3,capital
DJI,MOZ,4329.4,capital
DJI,MRT,6371.4,capital
DJI,MSR,11230.3,capital
DJI,MTQ,11174.9,capital
DJI,MUS,3864.1,capital
DJI,MWI,3023.1,capital
DJI,MYS,6512.5,capital
DJI,MYT,2719.7,capital
DJI,NAM,4741.6,capital
DJI,NCL,13901.8,capital
DJI,NER,4454.0,capital
DJI,NFK,14000.8,capital
DJI,NGA,3907.6,capital
DJI,NIC,13837.7,capital
DJI,NIU,16379.8,capital
DJI,NLD,5675.7,capital
DJI,NOR,5999.1,capital
DJI,NPL,4736.3,capital
DJI,NRU,13691.7,capital
DJI,NZL,14280.8,capital
DJI,OMN,2093.4,capital
DJI,PAK,3906.0,capital
DJI,PAN,13276.0,capital
DJI,PCN,18356.6,capital
DJI,PER,13517.3,capital
DJI,PHL,8395.2,capital
DJI,PLW,10000.2,capital
DJI,PNG,11729.0,capital
DJI,POL,4936.0,capital
DJI,PRI,11569.5,capital
DJI,PRK,8565.6,capital
DJI,PRT,5962.7,capital
DJI,PRY,11628.3,capital
DJI,PSE,2400.5,capital
DJI,PYF,18496.3,capital
DJI,QAT,1759.8,capital
DJI,REU,3853.0,capital
DJI,ROU,3998.3,capital
DJI,RUS,4934.1,capital
DJI,RWA,2087.8,capital
DJI,SAU,1504.5,capital
DJI,SDN,1228.5,capital
DJI,SEN,6551.3,capital
DJI,SGP,6790.7,capital
DJI,SGS,10429.5,centroid
DJI,SHN,6185.3,capital
DJI,SJM,7565.4,capital
DJI,SLB,13115.5,capital
DJI,SLE,6173.7,capital
DJI,SLV,14055.0,capital
DJI,SMR,4632.6,centroid
DJI,SOM,1089.4,capital
DJI,SPM,9767.2,capital
DJI,SRB,4278.3,capital
DJI,SSD,1475.9,capital
DJI,STP,4210.0,capital
DJI,SUR,10776.1,capital
DJI,SVK,4729.3,capital
DJI,SVN,4687.5,capital
DJI,SWE,5703.1,capital
DJI,SWZ,4424.2,capital
DJI,SXM,11274.7,capital
DJI,SYC,2258.9,capital
DJI,SYR,2535.3,capital
DJI,TCA,11958.7,capital
DJI,TCD,3057.3,capital
DJI,TGO,4641.5,capital
DJI,THA,6212.8,capital
DJI,TJK,3926.6,capital
DJI,TKL,16161.6,centroid
DJI,TKM,3299.6,capital
DJI,TLS,9383.8,capital
DJI,TON,15838.1,centroid
DJI,TTO,11332.8,capital
DJI,TUN,4325.5,capital
DJI,TUR,3308.9,capital
DJI,TUV,15195.4,capital
DJI,TWN,8306.8,capital
DJI,TZA,2138.1,capital
DJI,UGA,1712.1,capital
DJI,UKR,4472.5,capital
DJI,UMI,12936.8,centroid
DJI,UNK,4056.3,capital
DJI,URY,11586.1,capital
DJI,USA,13117.0,centroid
DJI,UZB,4163.9,capital
DJI,VAT,4496.1,capital
DJI,VCT,11232.3,capital
DJI,VEN,11903.8,capital
DJI,VGB,11421.3,capital
DJI,VIR,11455.3,capital
DJI,VNM,6733.9,capital
DJI,VUT,13949.2,centroid
DJI,WLF,15745.6,capital
DJI,WSM,16223.2,capital
DJI,YEM,647.9,centroid
DJI,ZAF,4456.0,capital
DJI,ZMB,3418.5,capital
DJI,ZWE,3530.1,capital
DMA,DNK,7604.6,capital
DMA,DOM,970.9,capital
DMA,DZA,6738.2,capital
DMA,ECU,2554.9,capital
DMA,EGY,9409.2,capital
DMA,ERI,10625.4,capital
DMA,ESH,5135.8,centroid
DMA,ESP,6192.5,capital
DMA,EST,8330.2,capital
DMA,ETH,10813.9,capital
DMA,FIN,8333.8,capital
DMA,FJI,13664.9,capital
DMA,FLK,7457.4,capital
DMA,FRA,6821.1,capital
DMA,FRO,6707.3,capital
DMA,FSM,15005.9,capital
DMA,GAB,7943.4,capital
DMA,GBR,6707.0,capital
DMA,GEO,10171.2,capital
DMA,GGY,6484.3,centroid
DMA,GHA,6758.4,capital
DMA,GIB,5980.6,capital
DMA,GIN,5210.7,capital
DMA,GLP,85.7,capital
DMA,GMB,4822.7,capital
DMA,GNB,4955.4,capital
DMA,GNQ,7771.6,capital
DMA,GRC,8547.7,capital
DMA,GRD,355.4,centroid
DMA,GRL,5485.7,capital
DMA,GTM,3127.2,capital
DMA,GUF,1518.9,capital
DMA,GUM,15713.4,capital
DMA,GUY,1008.4,capital
DMA,HKG,15809.9,centroid
DMA,HMD,14208.6,centroid
DMA,HND,2778.8,capital
DMA,HRV,7822.5,capital
DMA,HTI,1219.1,capital
DMA,HUN,8046.8,capital
DMA,IDN,18381.3,capital
DMA,IMN,6505.9,capital
DMA,IND,13407.7,capital
DMA,IOT,14775.3,centroid
DMA,IRL,6366.4,capital
DMA,IRN,10964.9,capital
DMA,IRQ,10480.8,capital
DMA,ISL,6203.9,capital
DMA,ISR,9723.1,capital
DMA,ITA,7556.2,capital
DMA,JAM,1667.7,capital
DMA,JEY,6510.5,capital
DMA,JOR,9783.1,capital
DMA,JPN,13926.1,capital
DMA,KAZ,11326.0,capital
DMA,KEN,10925.1,capital
DMA,KGZ,12141.9,capital
DMA,KHM,16668.9,capital
DMA,KIR,13755.6,centroid
DMA,KNA,263.6,capital
DMA,KOR,14071.7,capital
DMA,KWT,10962.1,capital
DMA,LAO,15920.8,capital
DMA,LBN,9681.7,capital
DMA,LBR,5602.7,capital
DMA,LBY,7670.0,capital
DMA,LCA,150.9,capital
DMA,LIE,7329.9,capital
DMA,LKA,15080.4,capital
DMA,LSO,10726.8,capital
DMA,LTU,8412.5,capital
DMA,LUX,7105.1,capital
DMA,LVA,8315.2,capital
DMA,MAC,15812.4,centroid
DMA,MAF,356.7,capital
DMA,MAR,5817.5,capital
DMA,MCO,7144.9,capital
DMA,MDA,8788.4,capital
DMA,MDG,12501.1,capital
DMA,MDV,14598.1,capital
DMA,MEX,4023.6,capital
DMA,MHL,13691.6,capital
DMA,MKD,8291.1,capital
DMA,MLI,5757.9,capital
DMA,MLT,7763.1,capital
DMA,MMR,15298.1,centroid
DMA,MNE,8108.2,capital
DMA,MNG,12890.5,capital
DMA,MNP,15498.0,capital
DMA,MOZ,11132.1,capital
DMA,MRT,4834.7,capital
DMA,MSR,179.3,capital
DMA,MTQ,84.6,capital
DMA,MUS,13554.1,capital
DMA,MWI,10954.8,capital
DMA,MYS,17244.5,capital
DMA,MYT,12132.5,capital
DMA,NAM,9517.9,capital
DMA,NCL,14940.2,capital
DMA,NER,6816.7,capital
DMA,NFK,14748.8,capital
DMA,NGA,7491.7,capital
DMA,NIC,2707.1,capital
DMA,NIU,12462.8,capital
DMA,NLD,7062.9,capital
DMA,NOR,7546.9,capital
DMA,NPL,14037.2,capital
DMA,NRU,14465.3,capital
DMA,NZL,13931.5,capital
DMA,OMN,12175.0,capital
DMA,PAK,12734.8,capital
DMA,PAN,2090.7,capital
DMA,PCN,8689.7,capital
DMA,PER,3494.2,capital
DMA,PHL,16679.5,capital
DMA,PLW,16926.1,capital
DMA,PNG,16851.6,capital
DMA,POL,8154.7,capital
DMA,PRI,612.9,capital
DMA,PRK,13927.8,capital
DMA,PRT,5698.9,capital
DMA,PRY,4531.4,capital
DMA,PSE,9717.9,capital
DMA,PYF,10328.2,capital
DMA,QAT,11465.9,capital
DMA,REU,13350.3,capital
DMA,ROU,8627.9,capital
DMA,RUS,9156.6,capital
DMA,RWA,10219.9,capital
DMA,SAU,11045.5,capital
DMA,SDN,9961.5,capital
DMA,SEN,4712.2,capital
DMA,SGP,17557.8,capital
DMA,SGS,8097.8,centroid
DMA,SHN,7028.9,capital
DMA,SJM,8049.5,capital
DMA,SLB,15484.9,capital
DMA,SLE,5283.4,capital
DMA,SLV,2996.1,capital
DMA,SMR,7546.0,centroid
DMA,SOM,11737.0,capital
DMA,SPM,3533.3,capital
DMA,SRB,8179.9,capital
DMA,SSD,10182.7,capital
DMA,STP,7654.3,capital
DMA,SUR,1249.8,capital
DMA,SVK,7899.1,capital
DMA,SVN,7708.0,capital
DMA,SWE,7952.4,capital
DMA,SWZ,11009.4,capital
DMA,SXM,350.6,capital
DMA,SYC,13019.8,capital
DMA,SYR,9763.9,capital
DMA,TCA,1235.6,capital
DMA,TCD,8222.1,capital
DMA,TGO,6894.7,capital
DMA,THA,16219.6,capital
DMA,TJK,12097.9,capital
DMA,TKL,12467.9,centroid
DMA,TKM,11390.5,capital
DMA,TLS,18949.7,capital
DMA,TON,13004.9,centroid
DMA,TTO,515.6,capital
DMA,TUN,7368.6,capital
DMA,TUR,9275.6,capital
DMA,TUV,13399.8,capital
DMA,TWN,15516.7,capital
DMA,TZA,10949.8,capital
DMA,UGA,10424.0,capital
DMA,UKR,8835.0,capital
DMA,UMI,13503.9,centroid
DMA,UNK,8260.7,capital
DMA,URY,5609.5,capital
DMA,USA,4303.6,centroid
DMA,UZB,11934.2,capital
DMA,VAT,7551.5,capital
DMA,VCT,239.3,capital
DMA,VEN,800.3,capital
DMA,VGB,488.9,capital
DMA,VIR,506.4,capital
DMA,VNM,15742.0,capital
DMA,VUT,14845.5,centroid
DMA,WLF,13011.2,capital
DMA,WSM,12554.7,capital
DMA,YEM,11558.1,centroid
DMA,ZAF,10698.2,capital
DMA,ZMB,10420.9,capital
DMA,ZWE,10773.3,capital
DNK,DOM,7852.4,capital
DNK,DZA,2224.3,capital
DNK,ECU,10097.0,capital
DNK,EGY,3206.3,capital
DNK,ERI,5016.7,capital
DNK,ESH,4042.6,centroid
DNK,ESP,2072.5,capital
DNK,EST,836.9,capital
DNK,ETH,5671.1,capital
DNK,FIN,882.8,capital
DNK,FJI,15674.0,capital
DNK,FLK,13573.5,capital
DNK,FRA,1027.0,capital
DNK,FRO,1309.0,capital
DNK,FSM,12369.3,capital
DNK,GAB,6153.7,capital
DNK,GBR,955.2,capital
DNK,GEO,2794.6,capital
DNK,GGY,1230.7,centroid
DNK,GHA,5687.3,capital
DNK,GIB,2559.6,capital
DNK,GIN,5619.2,capital
DNK,GLP,7563.4,capital
DNK,GMB,5320.4,capital
DNK,GNB,5446.7,capital
DNK,GNQ,5783.2,capital
DNK,GRC,2136.5,capital
DNK,GRD,7911.0,centroid
DNK,GRL,3535.0,capital
DNK,GTM,9463.5,capital
DNK,GUF,8003.5,capital
DNK,GUM,11133.2,capital
DNK,GUY,8181.5,capital
DNK,HKG,8673.9,centroid
DNK,HMD,13276.6,centroid
DNK,HND,9317.5,capital
DNK,HRV,1122.2,capital
DNK,HTI,7998.6,capital
DNK,HUN,1012.4,capital
DNK,IDN,10846.0,capital
DNK,IMN,1100.0,capital
DNK,IND,5847.6,capital
DNK,IOT,8704.9,centroid
DNK,IRL,1238.2,capital
DNK,IRN,3671.8,capital
DNK,IRQ,3484.7,capital
DNK,ISL,2104.2,capital
DNK,ISR,3190.2,capital
DNK,ITA,1532.7,capital
DNK,JAM,8324.2,capital
DNK,JEY,1224.7,capital
DNK,JOR,3203.3,capital
DNK,JPN,8689.7,capital
DNK,KAZ,3813.6,capital
DNK,KEN,6704.8,capital
DNK,KGZ,4549.1,capital
DNK,KHM,9094.2,capital
DNK,KIR,13422.6,centroid
DNK,KNA,7508.8,capital
DNK,KOR,7940.5,capital
DNK,KWT,4040.7,capital
DNK,LAO,8368.6,capital
DNK,LBN,2994.0,capital
DNK,LBR,5866.7,capital
DNK,LBY,2534.4,capital
DNK,LCA,7699.0,capital
DNK,LIE,971.9,capital
DNK,LKA,7960.0,capital
DNK,LSO,9556.7,capital
DNK,LTU,813.5,capital
DNK,LUX,801.3,capital
DNK,LVA,724.7,capital
DNK,MAC,8645.9,centroid
DNK,MAF,7461.9,capital
DNK,MAR,2831.7,capital
DNK,MCO,1377.2,capital
DNK,MDA,1480.0,capital
DNK,MDG,8922.9,capital
DNK,MDV,7843.0,capital
DNK,MEX,9509.2,capital
DNK,MHL,12767.7,capital
DNK,MKD,1650.6,capital
DNK,MLI,5106.9,capital
DNK,MLT,2204.0,capital
DNK,MMR,7722.7,centroid
DNK,MNE,1548.7,capital
DNK,MNG,6031.2,capital
DNK,MNP,11003.5,capital
DNK,MOZ,9274.9,capital
DNK,MRT,4819.7,capital
DNK,MSR,7529.7,capital
DNK,MTQ,7648.2,capital
DNK,MUS,9432.9,capital
DNK,MWI,7994.3,capital
DNK,MYS,9664.0,capital
DNK,MYT,8198.1,capital
DNK,NAM,8709.9,capital
DNK,NCL,15723.3,capital
DNK,NER,4774.0,capital
DNK,NFK,16471.3,capital
DNK,NGA,5202.8,capital
DNK,NIC,9439.2,capital
DNK,NIU,15937.4,capital
DNK,NLD,620.9,capital
DNK,NOR,483.2,capital
DNK,NPL,6434.3,capital
DNK,NRU,13463.7,capital
DNK,NZL,17958.9,capital
DNK,OMN,5152.3,capital
DNK,PAK,5159.7,capital
DNK,PAN,9312.8,capital
DNK,PCN,15468.7,capital
DNK,PER,11085.6,capital
DNK,PHL,9779.1,capital
DNK,PLW,11218.5,capital
DNK,PNG,13539.4,capital
DNK,POL,671.8,capital
DNK,PRI,7615.8,capital
DNK,PRK,7745.5,capital
DNK,PRT,2477.5,capital
DNK,PRY,11161.7,capital
DNK,PSE,3176.7,capital
DNK,PYF,15513.2,capital
DNK,QAT,4612.5,capital
DNK,REU,9422.8,capital
DNK,ROU,1574.6,capital
DNK,RUS,1560.7,capital
DNK,RWA,6602.5,capital
DNK,SAU,4419.4,capital
DNK,SDN,4775.4,capital
DNK,SEN,5227.9,capital
DNK,SGP,9969.6,capital
DNK,SGS,13052.7,centroid
DNK,SHN,8144.6,capital
DNK,SJM,2509.9,capital
DNK,SLB,14138.3,capital
DNK,SLE,5714.5,capital
DNK,SLV,9472.7,capital
DNK,SMR,1324.3,centroid
DNK,SOM,6648.5,capital
DNK,SPM,4682.8,capital
DNK,SRB,1331.1,capital
DNK,SSD,5899.5,capital
DNK,STP,6176.0,capital
DNK,SUR,8086.6,capital
DNK,SVK,892.7,capital
DNK,SVN,1078.7,capital
DNK,SWE,522.3,capital
DNK,SWZ,9303.7,capital
DNK,SXM,7463.4,capital
DNK,SYC,7761.6,capital
DNK,SYR,3066.8,capital
DNK,TCA,7663.5,capital
DNK,TCD,4849.4,capital
DNK,TGO,5600.5,capital
DNK,THA,8620.0,capital
DNK,TJK,4509.4,capital
DNK,TKL,14809.5,centroid
DNK,TKM,3907.1,capital
DNK,TLS,12223.5,capital
DNK,TON,15998.0,centroid
DNK,TTO,8034.2,capital
DNK,TUN,2104.6,capital
DNK,TUR,2299.0,capital
DNK,TUV,14641.9,capital
DNK,TWN,8830.2,capital
DNK,TZA,7199.8,capital
DNK,UGA,6415.9,capital
DNK,UKR,1327.8,capital
DNK,UMI,11327.1,centroid
DNK,UNK,1572.5,capital
DNK,URY,11982.0,capital
DNK,USA,7663.7,centroid
DNK,UZB,4331.1,capital
DNK,VAT,1531.5,capital
DNK,VCT,7789.1,capital
DNK,VEN,8385.2,capital
DNK,VGB,7526.3,capital
DNK,VIR,7553.3,capital
DNK,VNM,8290.8,capital
DNK,VUT,15097.4,centroid
DNK,WLF,15241.1,capital
DNK,WSM,15347.5,capital
DNK,YEM,5436.2,centroid
DNK,ZAF,9174.3,capital
DNK,ZMB,8040.5,capital
DNK,ZWE,8356.6,capital
DOM,DZA,7302.1,capital
DOM,ECU,2283.4,capital
DOM,EGY,10007.0,capital
DOM,ERI,11364.2,capital
DOM,ESH,5885.3,centroid
DOM,ESP,6694.1,capital
DOM,EST,8504.4,capital
DOM,ETH,11615.3,capital
DOM,FIN,8495.2,capital
DOM,FJI,12851.0,capital
DOM,FLK,7889.4,capital
DOM,FRA,7183.1,capital
DOM,FRO,6810.4,capital
DOM,FSM,14037.3,capital
DOM,GAB,8870.5,capital
DOM,GBR,7018.4,capital
DOM,GEO,10553.1,capital
DOM,GGY,6828.1,centroid
DOM,GHA,7673.2,capital
DOM,GIB,6552.3,capital
DOM,GIN,6123.0,capital
DOM,GLP,909.1,capital
DOM,GMB,5707.8,capital
DOM,GNB,5853.0,capital
DOM,GNQ,8681.6,capital
DOM,GRC,9062.5,capital
DOM,GRD,1129.9,centroid
DOM,GRL,5263.7,capital
DOM,GTM,2237.3,capital
DOM,GUF,2428.8,capital
DOM,GUM,14815.3,capital
DOM,GUY,1816.1,capital
DOM,HKG,15463.5,centroid
DOM,HMD,14989.0,centroid
DOM,HND,1910.4,capital
DOM,HRV,8233.9,capital
DOM,HTI,258.1,capital
DOM,HUN,8427.1,capital
DOM,IDN,18607.0,capital
DOM,IMN,6759.8,capital
DOM,IND,13697.5,capital
DOM,IOT,15609.0,centroid
DOM,IRL,6630.4,capital
DOM,IRN,11391.2,capital
DOM,IRQ,10978.7,capital
DOM,ISL,6205.5,capital
DOM,ISR,10283.9,capital
DOM,ITA,8033.6,capital
DOM,JAM,730.7,capital
DOM,JEY,6860.3,capital
DOM,JOR,10338.6,capital
DOM,JPN,13234.1,capital
DOM,KAZ,11403.9,capital
DOM,KEN,11813.8,capital
DOM,KGZ,12287.3,capital
DOM,KHM,16627.2,capital
DOM,KIR,12798.7,centroid
DOM,KNA,769.6,capital
DOM,KOR,13538.5,capital
DOM,KWT,11492.6,capital
DOM,LAO,15881.1,capital
DOM,LBN,10213.4,capital
DOM,LBR,6531.2,capital
DOM,LBY,8278.9,capital
DOM,LCA,1071.0,capital
DOM,LIE,7724.2,capital
DOM,LKA,15656.8,capital
DOM,LSO,11691.8,capital
DOM,LTU,8665.3,capital
DOM,LUX,7456.9,capital
DOM,LVA,8532.3,capital
DOM,MAC,15480.8,centroid
DOM,MAF,720.3,capital
DOM,MAR,6422.9,capital
DOM,MCO,7596.0,capital
DOM,MDA,9155.4,capital
DOM,MDG,13461.9,capital
DOM,MDV,15280.9,capital
DOM,MEX,3072.8,capital
DOM,MHL,12722.0,capital
DOM,MKD,8752.6,capital
DOM,MLI,6635.6,capital
DOM,MLT,8327.5,capital
DOM,MMR,15326.1,centroid
DOM,MNE,8567.4,capital
DOM,MNG,12627.0,capital
DOM,MNP,14605.1,capital
DOM,MOZ,12102.5,capital
DOM,MRT,5670.2,capital
DOM,MSR,837.3,capital
DOM,MTQ,1033.4,capital
DOM,MUS,14514.6,capital
DOM,MWI,11909.7,capital
DOM,MYS,17441.0,capital
DOM,MYT,13072.8,capital
DOM,NAM,10488.0,capital
DOM,NCL,14159.7,capital
DOM,NER,7668.2,capital
DOM,NFK,14067.3,capital
DOM,NGA,8368.7,capital
DOM,NIC,1889.3,capital
DOM,NIU,11680.1,capital
DOM,NLD,7365.3,capital
DOM,NOR,7719.3,capital
DOM,NPL,14228.5,capital
DOM,NRU,13507.4,capital
DOM,NZL,13446.9,capital
DOM,OMN,12712.9,capital
DOM,PAK,13007.1,capital
DOM,PAN,1479.6,capital
DOM,PCN,8115.5,capital
DOM,PER,3482.2,capital
DOM,PHL,16149.0,capital
DOM,PLW,16068.9,capital
DOM,PNG,15903.6,capital
DOM,POL,8455.0,capital
DOM,PRI,399.4,capital
DOM,PRK,13416.6,capital
DOM,PRT,6221.8,capital
DOM,PRY,5042.9,capital
DOM,PSE,10277.1,capital
DOM,PYF,9582.8,capital
DOM,QAT,12027.6,capital
DOM,REU,14313.4,capital
DOM,ROU,9041.6,capital
DOM,RUS,9361.0,capital
DOM,RWA,11125.6,capital
DOM,SAU,11641.9,capital
DOM,SDN,10720.4,capital
DOM,SEN,5586.7,capital
DOM,SGP,17713.6,capital
DOM,SGS,8695.1,centroid
DOM,SHN,7996.8,capital
DOM,SJM,7897.1,capital
DOM,SLB,14560.4,capital
DOM,SLE,6202.3,capital
DOM,SLV,2127.6,capital
DOM,SMR,7993.9,centroid
DOM,SOM,12579.8,capital
DOM,SPM,3388.1,capital
DOM,SRB,8600.4,capital
DOM,SSD,11039.1,capital
DOM,STP,8585.8,capital
DOM,SUR,2124.7,capital
DOM,SVK,8271.5,capital
DOM,SVN,8117.2,capital
DOM,SWE,8134.8,capital
DOM,SWZ,11979.2,capital
DOM,SXM,724.7,capital
DOM,SYC,13890.7,capital
DOM,SYR,10297.5,capital
DOM,TCA,357.1,capital
DOM,TCD,9059.2,capital
DOM,TGO,7803.5,capital
DOM,THA,16280.2,capital
DOM,TJK,12352.0,capital
DOM,TKL,11591.4,centroid
DOM,TKM,11739.1,capital
DOM,TLS,18014.6,capital
DOM,TON,12222.2,centroid
DOM,TTO,1250.5,capital
DOM,TUN,7925.8,capital
DOM,TUR,9734.6,capital
DOM,TUV,12503.3,capital
DOM,TWN,15020.0,capital
DOM,TZA,11869.8,capital
DOM,UGA,11310.7,capital
DOM,UKR,9143.9,capital
DOM,UMI,12553.2,centroid
DOM,UNK,8712.6,capital
DOM,URY,6109.1,capital
DOM,USA,3407.1,centroid
DOM,UZB,12150.0,capital
DOM,VAT,8028.7,capital
DOM,VCT,1099.1,capital
DOM,VEN,945.1,capital
DOM,VGB,556.0,capital
DOM,VIR,523.7,capital
DOM,VNM,15598.8,capital
DOM,VUT,13991.3,centroid
DOM,WLF,12160.9,capital
DOM,WSM,11718.0,capital
DOM,YEM,12262.4,centroid
DOM,ZAF,11668.1,capital
DOM,ZMB,11383.3,capital
DOM,ZWE,11739.1,capital
DZA,ECU,9276.4,capital
DZA,EGY,2706.5,capital
DZA,ERI,4259.4,capital
DZA,ESH,2048.8,centroid
DZA,ESP,718.2,capital
DZA,EST,2964.0,capital
DZA,ETH,4729.1,capital
DZA,FIN,3032.2,capital
DZA,FJI,17897.6,capital
DZA,FLK,11473.3,capital
DZA,FRA,1349.1,capital
DZA,FRO,2892.5,capital
DZA,FSM,14510.3,capital
DZA,GAB,4093.6,capital
DZA,GBR,1662.5,capital
DZA,GEO,3603.0,capital
DZA,GGY,1487.9,centroid
DZA,GHA,3482.7,capital
DZA,GIB,757.6,capital
DZA,GIN,3463.1,capital
DZA,GLP,6726.0,capital
DZA,GMB,3244.2,capital
DZA,GNB,3337.0,capital
DZA,GNQ,3712.8,capital
DZA,GRC,1825.8,capital
DZA,GRD,6964.1,centroid
DZA,GRL,4704.5,capital
DZA,GTM,9353.6,capital
DZA,GUF,6637.6,capital
DZA,GUM,13138.8,capital
DZA,GUY,7007.2,capital
DZA,HKG,10264.9,centroid
DZA,HMD,12010.3,centroid
DZA,HND,9102.9,capital
DZA,HRV,1473.2,capital
DZA,HTI,7514.5,capital
DZA,HUN,1772.6,capital
DZA,IDN,11645.1,capital
DZA,IMN,2022.0,capital
DZA,IND,6825.9,capital
DZA,IOT,8524.2,centroid
DZA,IRL,1982.4,capital
DZA,IRN,4290.8,capital
DZA,IRQ,3751.3,capital
DZA,ISL,3472.8,capital
DZA,ISR,2989.7,capital
DZA,ITA,992.2,capital
DZA,JAM,7941.0,capital
DZA,JEY,1447.1,capital
DZA,JOR,3047.7,capital
DZA,JPN,10800.0,capital
DZA,KAZ,5489.0,capital
DZA,KEN,5474.6,capital
DZA,KGZ,5961.4,capital
DZA,KHM,10269.3,capital
DZA,KIR,15647.0,centroid
DZA,KNA,6735.3,capital
DZA,KOR,9941.3,capital
DZA,KWT,4223.9,capital
DZA,LAO,9634.7,capital
DZA,LBN,2944.0,capital
DZA,LBR,3666.1,capital
DZA,LBY,1015.6,capital
DZA,LCA,6785.9,capital
DZA,LIE,1272.8,capital
DZA,LKA,8368.7,capital
DZA,LSO,7773.2,capital
DZA,LTU,2614.5,capital
DZA,LUX,1452.7,capital
DZA,LVA,2734.0,capital
DZA,MAC,10223.0,centroid
DZA,MAF,6720.7,capital
DZA,MAR,948.3,capital
DZA,MCO,861.1,capital
DZA,MDA,2404.9,capital
DZA,MDG,7747.3,capital
DZA,MDV,7990.1,capital
DZA,MEX,9758.9,capital
DZA,MHL,14991.9,capital
DZA,MKD,1678.0,capital
DZA,MLI,2900.6,capital
DZA,MLT,1027.4,capital
DZA,MMR,8981.1,centroid
DZA,MNE,1521.3,capital
DZA,MNG,7961.2,capital
DZA,MNP,13038.4,capital
DZA,MOZ,7625.1,capital
DZA,MRT,2788.8,capital
DZA,MSR,6725.5,capital
DZA,MTQ,6753.8,capital
DZA,MUS,8518.0,capital
DZA,MWI,6490.7,capital
DZA,MYS,10561.7,capital
DZA,MYT,7053.7,capital
DZA,NAM,6754.5,capital
DZA,NCL,17746.6,capital
DZA,NER,2583.6,capital
DZA,NFK,18368.3,capital
DZA,NGA,3109.2,capital
DZA,NIC,9146.4,capital
DZA,NIU,17934.3,capital
DZA,NLD,1745.0,capital
DZA,NOR,2635.0,capital
DZA,NPL,7566.0,capital
DZA,NRU,15661.6,capital
DZA,NZL,19137.0,capital
DZA,OMN,5438.8,capital
DZA,PAK,6216.9,capital
DZA,PAN,8754.9,capital
DZA,PCN,15412.8,capital
DZA,PER,9945.4,capital
DZA,PHL,11368.8,capital
DZA,PLW,12972.8,capital
DZA,PNG,15301.0,capital
DZA,POL,2221.6,capital
DZA,PRI,6966.1,capital
DZA,PRK,9748.6,capital
DZA,PRT,1097.9,capital
DZA,PRY,9377.2,capital
DZA,PSE,2983.8,capital
DZA,PYF,16590.8,capital
DZA,QAT,4736.3,capital
DZA,REU,8436.7,capital
DZA,ROU,2114.7,capital
DZA,RUS,3336.9,capital
DZA,RWA,5125.2,capital
DZA,SAU,4339.8,capital
DZA,SDN,3738.5,capital
DZA,SEN,3184.1,capital
DZA,SGP,10877.7,capital
DZA,SGS,10843.6,centroid
DZA,SHN,5927.7,capital
DZA,SJM,4651.1,capital
DZA,SLB,16189.1,capital
DZA,SLE,3547.0,capital
DZA,SLV,9301.2,capital
DZA,SMR,1111.6,centroid
DZA,SOM,5795.0,capital
DZA,SPM,4920.2,capital
DZA,SRB,1711.4,capital
DZA,SSD,4581.3,capital
DZA,STP,4064.3,capital
DZA,SUR,6813.5,capital
DZA,SVK,1707.7,capital
DZA,SVN,1404.6,capital
DZA,SWE,2733.9,capital
DZA,SWZ,7618.6,capital
DZA,SXM,6719.9,capital
DZA,SYC,7107.8,capital
DZA,SYR,3025.9,capital
DZA,TCA,7235.3,capital
DZA,TCD,2987.6,capital
DZA,TGO,3408.2,capital
DZA,THA,9741.5,capital
DZA,TJK,5659.9,capital
DZA,TKL,16891.8,centroid
DZA,TKM,4816.3,capital
DZA,TLS,13451.8,capital
DZA,TON,18145.3,centroid
DZA,TTO,7044.9,capital
DZA,TUN,630.4,capital
DZA,TUR,2608.4,capital
DZA,TUV,16853.9,capital
DZA,TWN,10597.7,capital
DZA,TZA,5855.3,capital
DZA,UGA,5059.8,capital
DZA,UKR,2660.6,capital
DZA,UMI,13549.5,centroid
DZA,UNK,1677.5,capital
DZA,URY,10048.4,capital
DZA,USA,8347.7,centroid
DZA,UZB,5597.5,capital
DZA,VAT,988.9,capital
DZA,VCT,6858.7,capital
DZA,VEN,7532.2,capital
DZA,VGB,6836.3,capital
DZA,VIR,6868.9,capital
DZA,VNM,9692.5,capital
DZA,VUT,17216.7,centroid
DZA,WLF,17406.5,capital
DZA,WSM,17418.0,capital
DZA,YEM,5040.5,centroid
DZA,ZAF,7427.9,capital
DZA,ZMB,6371.7,capital
DZA,ZWE,6739.5,capital
ECU,EGY,11914.2,capital
ECU,ERI,12950.8,capital
ECU,ESH,7556.3,centroid
ECU,ESP,8746.0,capital
ECU,EST,10775.5,capital
ECU,ETH,13003.9,capital
ECU,FIN,10769.2,capital
ECU,FJI,11377.2,capital
ECU,FLK,6041.2,capital
ECU,FRA,9360.8,capital
ECU,FRO,9090.7,capital
ECU,FSM,13685.0,capital
ECU,GAB,9782.9,capital
ECU,GBR,9228.2,capital
ECU,GEO,12722.0,capital
ECU,GGY,9017.2,centroid
ECU,GHA,8718.4,capital
ECU,GIB,8519.8,capital
ECU,GIN,7256.7,capital
ECU,GLP,2579.2,capital
ECU,GMB,6987.7,capital
ECU,GNB,7072.5,capital
ECU,GNQ,9710.4,capital
ECU,GRC,11094.2,capital
ECU,GRD,2312.3,centroid
ECU,GRL,7489.1,capital
ECU,GTM,2114.9,capital
ECU,GUF,2965.0,capital
ECU,GUM,15028.1,capital
ECU,GUY,2391.3,capital
ECU,HKG,17204.4,centroid
ECU,HMD,13507.5,centroid
ECU,HND,1856.3,capital
ECU,HRV,10374.7,capital
ECU,HTI,2194.2,capital
ECU,HUN,10593.9,capital
ECU,IDN,19083.0,capital
ECU,IMN,8998.2,capital
ECU,IND,15938.8,capital
ECU,IOT,16616.6,centroid
ECU,IRL,8863.7,capital
ECU,IRN,13519.8,capital
ECU,IRQ,13026.3,capital
ECU,ISL,8487.4,capital
ECU,ISR,12247.6,capital
ECU,ITA,10110.4,capital
ECU,JAM,2035.6,capital
ECU,JEY,9045.5,capital
ECU,JOR,12309.9,capital
ECU,JPN,14436.0,capital
ECU,KAZ,13686.2,capital
ECU,KEN,12824.0,capital
ECU,KGZ,14569.5,capital
ECU,KHM,18698.9,capital
ECU,KIR,12061.9,centroid
ECU,KNA,2605.9,capital
ECU,KOR,15108.9,capital
ECU,KWT,13494.1,capital
ECU,LAO,18039.0,capital
ECU,LBN,12219.2,capital
ECU,LBR,7549.8,capital
ECU,LBY,10181.3,capital
ECU,LCA,2494.4,capital
ECU,LIE,9878.5,capital
ECU,LKA,17503.3,capital
ECU,LSO,11541.8,capital
ECU,LTU,10910.1,capital
ECU,LUX,9642.4,capital
ECU,LVA,10790.8,capital
ECU,MAC,17247.3,centroid
ECU,MAF,2643.9,capital
ECU,MAR,8344.2,capital
ECU,MCO,9699.7,capital
ECU,MDA,11333.8,capital
ECU,MDG,13760.3,capital
ECU,MDV,16877.6,capital
ECU,MEX,3134.4,capital
ECU,MHL,12227.5,capital
ECU,MKD,10845.7,capital
ECU,MLI,7904.9,capital
ECU,MLT,10296.3,capital
ECU,MMR,17565.2,centroid
ECU,MNE,10663.1,capital
ECU,MNG,14687.9,capital
ECU,MNP,14875.8,capital
ECU,MOZ,12096.3,capital
ECU,MRT,7126.2,capital
ECU,MSR,2596.7,capital
ECU,MTQ,2530.8,capital
ECU,MUS,14720.8,capital
ECU,MWI,12404.8,capital
ECU,MYS,19690.5,capital
ECU,MYT,13649.1,capital
ECU,NAM,10573.4,capital
ECU,NCL,12559.6,capital
ECU,NER,9001.3,capital
ECU,NFK,12263.5,capital
ECU,NGA,9574.6,capital
ECU,NIC,1617.6,capital
ECU,NIU,10145.8,capital
ECU,NLD,9581.4,capital
ECU,NOR,9989.0,capital
ECU,NPL,16508.0,capital
ECU,NRU,12736.9,capital
ECU,NZL,11376.8,capital
ECU,OMN,14694.9,capital
ECU,PAK,15255.2,capital
ECU,PAN,1031.5,capital
ECU,PCN,6185.0,capital
ECU,PER,1323.9,capital
ECU,PHL,17340.2,capital
ECU,PLW,16252.4,capital
ECU,PNG,14845.9,capital
ECU,POL,10675.5,capital
ECU,PRI,2482.5,capital
ECU,PRK,15042.8,capital
ECU,PRT,8250.6,capital
ECU,PRY,3576.5,capital
ECU,PSE,12243.2,capital
ECU,PYF,7993.0,capital
ECU,QAT,13977.6,capital
ECU,REU,14493.0,capital
ECU,ROU,11181.2,capital
ECU,RUS,11625.8,capital
ECU,RWA,12071.8,capital
ECU,SAU,13536.5,capital
ECU,SDN,12266.7,capital
ECU,SEN,6913.8,capital
ECU,SGP,19725.9,capital
ECU,SGS,7119.0,centroid
ECU,SHN,8164.0,capital
ECU,SJM,10127.2,capital
ECU,SLB,13455.3,capital
ECU,SLE,7296.1,capital
ECU,SLV,1942.8,capital
ECU,SMR,10100.8,centroid
ECU,SOM,13771.9,capital
ECU,SPM,5661.7,capital
ECU,SRB,10733.5,capital
ECU,SSD,12237.3,capital
ECU,STP,9480.1,capital
ECU,SUR,2680.0,capital
ECU,SVK,10444.1,capital
ECU,SVN,10259.7,capital
ECU,SWE,10402.9,capital
ECU,SWZ,11951.0,capital
ECU,SXM,2643.0,capital
ECU,SYC,14875.0,capital
ECU,SYR,12300.3,capital
ECU,TCA,2541.6,capital
ECU,TCD,10401.0,capital
ECU,TGO,8876.8,capital
ECU,THA,18507.5,capital
ECU,TJK,14606.4,capital
ECU,TKL,10385.2,centroid
ECU,TKM,13936.2,capital
ECU,TLS,17172.1,capital
ECU,TON,10675.2,centroid
ECU,TTO,2236.8,capital
ECU,TUN,9906.3,capital
ECU,TUR,11829.9,capital
ECU,TUV,11353.9,capital
ECU,TWN,16513.1,capital
ECU,TZA,12686.0,capital
ECU,UGA,12354.6,capital
ECU,UKR,11361.3,capital
ECU,UMI,12614.2,centroid
ECU,UNK,10815.6,capital
ECU,URY,4498.8,capital
ECU,USA,4653.2,centroid
ECU,UZB,14418.0,capital
ECU,VAT,10105.6,capital
ECU,VCT,2418.7,capital
ECU,VEN,1754.6,capital
ECU,VGB,2571.3,capital
ECU,VIR,2543.9,capital
ECU,VNM,17654.7,capital
ECU,VUT,12609.4,centroid
ECU,WLF,10829.3,capital
ECU,WSM,10351.4,capital
ECU,YEM,13917.7,centroid
ECU,ZAF,11665.3,capital
ECU,ZMB,11800.8,capital
ECU,ZWE,12067.8,capital
EGY,ERI,1815.6,capital
EGY,ESH,4389.8,centroid
EGY,ESP,3350.6,capital
EGY,EST,3302.8,capital
EGY,ETH,2465.7,capital
EGY,FIN,3380.8,capital
EGY,FJI,16445.4,capital
EGY,FLK,12523.6,capital
EGY,FRA,3209.4,capital
EGY,FRO,4484.4,capital
EGY,FSM,13021.3,capital
EGY,GAB,4024.6,capital
EGY,GBR,3510.5,capital
EGY,GEO,1776.1,capital
EGY,GGY,3559.4,centroid
EGY,GHA,4272.9,capital
EGY,GIB,3454.7,capital
EGY,GIN,5179.8,capital
EGY,GLP,9402.8,capital
EGY,GMB,5229.2,capital
EGY,GNB,5223.7,capital
EGY,GNQ,3759.6,capital
EGY,GRC,1120.0,capital
EGY,GRD,9611.7,centroid
EGY,GRL,6693.2,capital
EGY,GTM,12043.7,capital
EGY,GUF,9116.1,capital
EGY,GUM,11413.3,capital
EGY,GUY,9572.2,capital
EGY,HKG,8144.4,centroid
EGY,HMD,10071.3,centroid
EGY,HND,11803.1,capital
EGY,HRV,2196.7,capital
EGY,HTI,10220.8,capital
EGY,HUN,2202.6,capital
EGY,IDN,8985.0,capital
EGY,IMN,3910.1,capital
EGY,IND,4428.0,capital
EGY,IOT,5871.3,centroid
EGY,IRL,3972.1,capital
EGY,IRN,1980.7,capital
EGY,IRQ,1295.4,capital
EGY,ISL,5267.6,capital
EGY,ISR,423.3,capital
EGY,ITA,2130.3,capital
EGY,JAM,10646.8,capital
EGY,JEY,3514.9,capital
EGY,JOR,494.4,capital
EGY,JPN,9562.0,capital
EGY,KAZ,4049.4,capital
EGY,KEN,3535.2,capital
EGY,KGZ,4077.0,capital
EGY,KHM,7805.0,capital
EGY,KIR,14660.2,centroid
EGY,KNA,9422.8,capital
EGY,KOR,8483.5,capital
EGY,KWT,1615.6,capital
EGY,LAO,7261.6,capital
EGY,LBN,584.9,capital
EGY,LBR,5122.6,capital
EGY,LBY,1739.2,capital
EGY,LCA,9445.5,capital
EGY,LIE,2660.4,capital
EGY,LKA,5676.3,capital
EGY,LSO,6614.7,capital
EGY,LTU,2779.5,capital
EGY,LUX,3025.6,capital
EGY,LVA,3040.5,capital
EGY,MAC,8090.4,centroid
EGY,MAF,9412.9,capital
EGY,MAR,3595.8,capital
EGY,MCO,2592.4,capital
EGY,MDA,1895.5,capital
EGY,MDG,5718.4,capital
EGY,MDV,5284.1,capital
EGY,MEX,12368.2,capital
EGY,MHL,14086.2,capital
EGY,MKD,1591.4,capital
EGY,MLI,4471.5,capital
EGY,MLT,1687.6,capital
EGY,MMR,6639.1,centroid
EGY,MNE,1742.6,capital
EGY,MNG,6555.7,capital
EGY,MNP,11387.8,capital
EGY,MOZ,6231.7,capital
EGY,MRT,4939.5,capital
EGY,MSR,9408.2,capital
EGY,MTQ,9418.4,capital
EGY,MUS,6251.4,capital
EGY,MWI,4903.4,capital
EGY,MYS,7953.7,capital
EGY,MYT,4993.9,capital
EGY,NAM,6044.0,capital
EGY,NCL,15489.7,capital
EGY,NER,3509.6,capital
EGY,NFK,15852.4,capital
EGY,NGA,3397.6,capital
EGY,NIC,11851.6,capital
EGY,NIU,17555.3,capital
EGY,NLD,3282.3,capital
EGY,NOR,3655.7,capital
EGY,NPL,5221.7,capital
EGY,NRU,14300.2,capital
EGY,NZL,16522.8,capital
EGY,OMN,2782.0,capital
EGY,PAK,3940.0,capital
EGY,PAN,11452.2,capital
EGY,PCN,18097.4,capital
EGY,PER,12422.1,capital
EGY,PHL,9175.6,capital
EGY,PLW,10858.0,capital
EGY,PNG,13019.8,capital
EGY,POL,2603.7,capital
EGY,PRI,9666.0,capital
EGY,PRK,8314.1,capital
EGY,PRT,3797.1,capital
EGY,PRY,11283.3,capital
EGY,PSE,428.7,capital
EGY,PYF,18619.6,capital
EGY,QAT,2063.4,capital
EGY,REU,6228.4,capital
EGY,ROU,1660.5,capital
EGY,RUS,2900.4,capital
EGY,RWA,3561.9,capital
EGY,SAU,1638.6,capital
EGY,SDN,1618.8,capital
EGY,SEN,5246.4,capital
EGY,SGP,8265.6,capital
EGY,SGS,11431.1,centroid
EGY,SHN,6467.4,capital
EGY,SJM,5410.7,capital
EGY,SLB,14235.1,capital
EGY,SLE,5203.2,capital
EGY,SLV,11998.4,capital
EGY,SMR,2253.9,centroid
EGY,SOM,3452.8,capital
EGY,SPM,7443.7,capital
EGY,SRB,1891.8,capital
EGY,SSD,2803.6,capital
EGY,STP,4201.0,capital
EGY,SUR,9337.3,capital
EGY,SVK,2343.8,capital
EGY,SVN,2294.4,capital
EGY,SWE,3402.8,capital
EGY,SWZ,6285.8,capital
EGY,SXM,9411.8,capital
EGY,SYC,4638.4,capital
EGY,SYR,611.4,capital
EGY,TCA,9941.1,capital
EGY,TCD,2603.3,capital
EGY,TGO,4115.5,capital
EGY,THA,7267.7,capital
EGY,TJK,3547.1,capital
EGY,TKL,16650.6,centroid
EGY,TKM,2639.0,capital
EGY,TLS,10896.5,capital
EGY,TON,17152.5,centroid
EGY,TTO,9678.4,capital
EGY,TUN,2090.0,capital
EGY,TUR,1105.7,capital
EGY,TUV,15911.9,capital
EGY,TWN,8670.4,capital
EGY,TZA,4057.5,capital
EGY,UGA,3310.6,capital
EGY,UKR,2268.3,capital
EGY,UMI,12740.1,centroid
EGY,UNK,1664.8,capital
EGY,URY,11649.7,capital
EGY,USA,10734.2,centroid
EGY,UZB,3615.3,capital
EGY,VAT,2135.0,capital
EGY,VCT,9512.7,capital
EGY,VEN,10193.3,capital
EGY,VGB,9533.3,capital
EGY,VIR,9566.3,capital
EGY,VNM,7424.8,capital
EGY,VUT,15258.6,centroid
EGY,WLF,16637.8,capital
EGY,WSM,17044.5,capital
EGY,YEM,2395.0,centroid
EGY,ZAF,6214.1,capital
EGY,ZMB,5065.9,capital
EGY,ZWE,5325.2,capital
ERI,ESH,5492.9,centroid
ERI,ESP,4962.6,capital
ERI,EST,5038.9,capital
ERI,ETH,702.3,capital
ERI,FIN,5112.5,capital
ERI,FJI,15698.9,capital
ERI,FLK,11803.9,capital
ERI,FRA,4989.2,capital
ERI,FRO,6299.9,capital
ERI,FSM,12878.9,capital
ERI,GAB,3638.2,capital
ERI,GBR,5303.1,capital
ERI,GEO,2984.7,capital
ERI,GGY,5327.1,centroid
ERI,GHA,4406.5,capital
ERI,GIB,4945.7,capital
ERI,GIN,5736.0,capital
ERI,GLP,10637.1,capital
ERI,GMB,5966.1,capital
ERI,GNB,5891.5,capital
ERI,GNQ,3541.4,capital
ERI,GRC,2927.1,capital
ERI,GRD,10760.4,centroid
ERI,GRL,8507.2,capital
ERI,GTM,13536.1,capital
ERI,GUF,9997.8,capital
ERI,GUM,11251.3,capital
ERI,GUY,10561.3,capital
ERI,HKG,7882.8,centroid
ERI,HMD,8260.1,centroid
ERI,HND,13250.3,capital
ERI,HRV,4007.4,capital
ERI,HTI,11601.4,capital
ERI,HUN,4017.4,capital
ERI,IDN,7852.5,capital
ERI,IMN,5709.0,capital
ERI,IND,4192.2,capital
ERI,IOT,4301.2,centroid
ERI,IRL,5762.4,capital
ERI,IRN,2581.7,capital
ERI,IRQ,2076.1,capital
ERI,ISL,7083.0,capital
ERI,ISR,1865.5,capital
ERI,ITA,3887.6,capital
ERI,JAM,12058.5,capital
ERI,JEY,5281.4,capital
ERI,JOR,1872.3,capital
ERI,JPN,9956.0,capital
ERI,KAZ,4924.3,capital
ERI,KEN,1862.8,capital
ERI,KGZ,4563.6,capital
ERI,KHM,7122.3,capital
ERI,KIR,14633.8,centroid
ERI,KNA,10693.1,capital
ERI,KOR,8807.0,capital
ERI,KWT,1814.2,capital
ERI,LAO,6756.0,capital
ERI,LBN,2091.8,capital
ERI,LBR,5510.9,capital
ERI,LBY,3244.9,capital
ERI,LCA,10629.8,capital
ERI,LIE,4454.9,capital
ERI,LKA,4552.7,capital
ERI,LSO,5115.3,capital
ERI,LTU,4531.6,capital
ERI,LUX,4824.2,capital
ERI,LVA,4792.2,capital
ERI,MAC,7819.7,centroid
ERI,MAF,10702.2,capital
ERI,MAR,5017.1,capital
ERI,MCO,4339.0,capital
ERI,MDA,3642.8,capital
ERI,MDG,3923.3,capital
ERI,MDV,3979.5,capital
ERI,MEX,14016.3,capital
ERI,MHL,14213.6,capital
ERI,MKD,3405.3,capital
ERI,MLI,5061.2,capital
ERI,MLT,3330.7,capital
ERI,MMR,6230.7,centroid
ERI,MNE,3550.8,capital
ERI,MNG,7112.3,capital
ERI,MNP,11289.8,capital
ERI,MOZ,4643.8,capital
ERI,MRT,5835.0,capital
ERI,MSR,10661.7,capital
ERI,MTQ,10616.6,capital
ERI,MUS,4438.3,capital
ERI,MWI,3307.3,capital
ERI,MYS,6995.7,capital
ERI,MYT,3202.7,capital
ERI,NAM,4839.1,capital
ERI,NCL,14463.3,capital
ERI,NER,3965.9,capital
ERI,NFK,14594.7,capital
ERI,NGA,3483.5,capital
ERI,NIC,13252.9,capital
ERI,NIU,16926.2,capital
ERI,NLD,5091.0,capital
ERI,NOR,5457.4,capital
ERI,NPL,4960.3,capital
ERI,NRU,14076.8,capital
ERI,NZL,14898.1,capital
ERI,OMN,2235.1,capital
ERI,PAK,3981.9,capital
ERI,PAN,12716.1,capital
ERI,PCN,18441.9,capital
ERI,PER,13110.8,capital
ERI,PHL,8752.2,capital
ERI,PLW,10391.9,capital
ERI,PNG,12224.2,capital
ERI,POL,4397.3,capital
ERI,PRI,10989.7,capital
ERI,PRK,8671.9,capital
ERI,PRT,5346.1,capital
ERI,PRY,11374.3,capital
ERI,PSE,1879.9,capital
ERI,PYF,19076.3,capital
ERI,QAT,1715.4,capital
ERI,REU,4412.8,capital
ERI,ROU,3453.6,capital
ERI,RUS,4495.2,capital
ERI,RWA,2155.9,capital
ERI,SAU,1319.5,capital
ERI,SDN,686.3,capital
ERI,SEN,6037.0,capital
ERI,SGP,7283.5,capital
ERI,SGS,10512.8,centroid
ERI,SHN,6009.4,capital
ERI,SJM,7106.8,capital
ERI,SLB,13593.4,capital
ERI,SLE,5713.9,capital
ERI,SLV,13460.3,capital
ERI,SMR,4033.9,centroid
ERI,SOM,1637.6,capital
ERI,SPM,9151.6,capital
ERI,SRB,3707.3,capital
ERI,SSD,1416.0,capital
ERI,STP,3909.2,capital
ERI,SUR,10272.2,capital
ERI,SVK,4159.4,capital
ERI,SVN,4101.6,capital
ERI,SWE,5180.8,capital
ERI,SWZ,4723.0,capital
ERI,SXM,10699.9,capital
ERI,SYC,2869.9,capital
ERI,SYR,2038.0,capital
ERI,TCA,11363.8,capital
ERI,TCD,2603.8,capital
ERI,TGO,4237.8,capital
ERI,THA,6606.3,capital
ERI,TJK,3892.5,capital
ERI,TKL,16583.6,centroid
ERI,TKM,3156.9,capital
ERI,TLS,9902.4,capital
ERI,TON,16389.1,centroid
ERI,TTO,10792.8,capital
ERI,TUN,3709.1,capital
ERI,TUR,2796.4,capital
ERI,TUV,15632.7,capital
ERI,TWN,8564.2,capital
ERI,TZA,2417.6,capital
ERI,UGA,1810.1,capital
ERI,UKR,3977.3,capital
ERI,UMI,13119.0,centroid
ERI,UNK,3479.5,capital
ERI,URY,11433.4,capital
ERI,USA,12512.8,centroid
ERI,UZB,4095.2,capital
ERI,VAT,3891.9,capital
ERI,VCT,10680.5,capital
ERI,VEN,11356.9,capital
ERI,VGB,10843.2,capital
ERI,VIR,10877.2,capital
ERI,VNM,7048.5,capital
ERI,VUT,14469.7,centroid
ERI,WLF,16229.6,capital
ERI,WSM,16710.0,capital
ERI,YEM,973.9,centroid
ERI,ZAF,4713.9,capital
ERI,ZMB,3613.1,capital
ERI,ZWE,3787.6,capital
ESH,ESP,1970.3,centroid
ESH,EST,4859.7,centroid
ESH,ETH,5735.1,centroid
ESH,FIN,4916.3,centroid
ESH,FJI,18637.2,centroid
ESH,FLK,9532.9,centroid
ESH,FRA,3021.1,centroid
ESH,FRO,4197.2,centroid
ESH,FSM,16391.9,centroid
ESH,GAB,3609.0,centroid
ESH,GBR,3197.2,centroid
ESH,GEO,5603.0,centroid
ESH,GGY,2919.8,centroid
ESH,GHA,2511.2,centroid
ESH,GIB,1487.1,centroid
ESH,GIN,1665.3,centroid
ESH,GLP,5145.2,centroid
ESH,GMB,1284.5,centroid
ESH,GNB,1431.5,centroid
ESH,GNQ,3280.4,centroid
ESH,GRC,3769.0,centroid
ESH,GRD,5290.0,centroid
ESH,GRL,5222.0,centroid
ESH,GTM,8098.6,centroid
ESH,GUF,4729.3,centroid
ESH,GUM,15150.4,centroid
ESH,GUY,5188.5,centroid
ESH,HKG,12298.3,centroid
ESH,HMD,11874.8,centroid
ESH,HND,7789.8,centroid
ESH,HRV,3508.0,centroid
ESH,HTI,6129.3,centroid
ESH,HUN,3805.3,centroid
ESH,IDN,13307.3,centroid
ESH,IMN,3371.8,centroid
ESH,IND,8753.0,centroid
ESH,IOT,9731.0,centroid
ESH,IRL,3255.5,centroid
ESH,IRN,6212.8,centroid
ESH,IRQ,5603.7,centroid
ESH,ISL,4454.7,centroid
ESH,ISR,4758.3,centroid
ESH,ITA,3040.9,centroid
ESH,JAM,6595.6,centroid
ESH,JEY,2904.4,centroid
ESH,JOR,4826.0,centroid
ESH,JPN,12732.3,centroid
ESH,KAZ,7535.8,centroid
ESH,KEN,6083.6,centroid
ESH,KGZ,7998.3,centroid
ESH,KHM,12178.9,centroid
ESH,KIR,17061.5,centroid
ESH,KNA,5200.5,centroid
ESH,KOR,11945.6,centroid
ESH,KWT,6001.7,centroid
ESH,LAO,11591.7,centroid
ESH,LBN,4777.8,centroid
ESH,LBR,2037.3,centroid
ESH,LBY,2710.3,centroid
ESH,LCA,5147.0,centroid
ESH,LIE,3210.1,centroid
ESH,LKA,9974.5,centroid
ESH,LSO,7382.8,centroid
ESH,LTU,4592.2,centroid
ESH,LUX,3246.8,centroid
ESH,LVA,4667.7,centroid
ESH,MAC,12254.3,centroid
ESH,MAF,5211.1,centroid
ESH,MAR,1214.6,centroid
ESH,MCO,2831.7,centroid
ESH,MDA,4453.6,centroid
ESH,MDG,8139.7,centroid
ESH,MDV,9462.5,centroid
ESH,MEX,8751.4,centroid
ESH,MHL,16470.5,centroid
ESH,MKD,3709.2,centroid
ESH,MLI,1423.9,centroid
ESH,MLT,2918.5,centroid
ESH,MMR,10947.5,centroid
ESH,MNE,3562.5,centroid
ESH,MNG,9983.2,centroid
ESH,MNP,15033.7,centroid
ESH,MOZ,7448.2,centroid
ESH,MRT,777.0,centroid
ESH,MSR,5168.9,centroid
ESH,MTQ,5130.3,centroid
ESH,MUS,9098.4,centroid
ESH,MWI,6638.2,centroid
ESH,MYS,12331.6,centroid
ESH,MYT,7555.1,centroid
ESH,NAM,6158.6,centroid
ESH,NCL,19761.3,centroid
ESH,NER,2000.9,centroid
ESH,NFK,19499.6,centroid
ESH,NGA,2769.1,centroid
ESH,NIC,7773.3,centroid
ESH,NIU,17559.5,centroid
ESH,NLD,3447.7,centroid
ESH,NOR,4344.4,centroid
ESH,NPL,9521.7,centroid
ESH,NRU,17352.1,centroid
ESH,NZL,18014.5,centroid
ESH,OMN,7162.9,centroid
ESH,PAK,8183.3,centroid
ESH,PAN,7225.5,centroid
ESH,PCN,13726.9,centroid
ESH,PER,8045.0,centroid
ESH,PHL,13394.5,centroid
ESH,PLW,15017.5,centroid
ESH,PNG,17330.1,centroid
ESH,POL,4206.8,centroid
ESH,PRI,5503.6,centroid
ESH,PRK,11751.3,centroid
ESH,PRT,1622.8,centroid
ESH,PRY,7328.5,centroid
ESH,PSE,4756.5,centroid
ESH,PYF,15459.4,centroid
ESH,QAT,6441.6,centroid
ESH,REU,8955.0,centroid
ESH,ROU,4157.5,centroid
ESH,RUS,5349.5,centroid
ESH,RWA,5496.4,centroid
ESH,SAU,5986.5,centroid
ESH,SDN,4837.9,centroid
ESH,SEN,1185.3,centroid
ESH,SGP,12640.1,centroid
ESH,SGS,9079.7,centroid
ESH,SHN,4563.9,centroid
ESH,SJM,6151.6,centroid
ESH,SLB,18180.8,centroid
ESH,SLE,1780.7,centroid
ESH,SLV,8004.7,centroid
ESH,SMR,3148.0,centroid
ESH,SOM,6730.3,centroid
ESH,SPM,4540.4,centroid
ESH,SRB,3760.1,centroid
ESH,SSD,5236.0,centroid
ESH,STP,3424.7,centroid
ESH,SUR,4947.6,centroid
ESH,SVK,3722.3,centroid
ESH,SVN,3427.9,centroid
ESH,SWE,4563.3,centroid
ESH,SWZ,7391.5,centroid
ESH,SXM,5208.7,centroid
ESH,SYC,8068.5,centroid
ESH,SYR,4851.6,centroid
ESH,TCA,5918.0,centroid
ESH,TCD,3255.9,centroid
ESH,TGO,2544.4,centroid
ESH,THA,11642.8,centroid
ESH,TJK,7660.4,centroid
ESH,TKL,17199.7,centroid
ESH,TKM,6788.1,centroid
ESH,TLS,15281.1,centroid
ESH,TON,18098.0,centroid
ESH,TTO,5337.8,centroid
ESH,TUN,2594.2,centroid
ESH,TUR,4583.5,centroid
ESH,TUV,17817.1,centroid
ESH,TWN,12646.4,centroid
ESH,TZA,6281.7,centroid
ESH,UGA,5590.0,centroid
ESH,UKR,4701.3,centroid
ESH,UMI,15144.6,centroid
ESH,UNK,3716.2,centroid
ESH,URY,8020.7,centroid
ESH,USA,7863.2,centroid
ESH,UZB,7619.3,centroid
ESH,VAT,3037.5,centroid
ESH,VCT,5202.9,centroid
ESH,VEN,5884.4,centroid
ESH,VGB,5354.9,centroid
ESH,VIR,5389.0,centroid
ESH,VNM,11689.5,centroid
ESH,VUT,19069.9,centroid
ESH,WLF,17853.3,centroid
ESH,WSM,17494.3,centroid
ESH,YEM,6422.7,centroid
ESH,ZAF,7128.4,centroid
ESH,ZMB,6304.8,centroid
ESH,ZWE,6703.9,centroid
ESP,EST,2893.5,capital
ESP,ETH,5444.6,capital
ESP,FIN,2948.2,capital
ESP,FJI,17529.3,capital
ESP,FLK,11501.8,capital
ESP,FRA,1052.4,capital
ESP,FRO,2409.9,capital
ESP,FSM,14432.9,capital
ESP,GAB,4644.9,capital
ESP,GBR,1263.6,capital
ESP,GEO,4017.6,capital
ESP,GGY,1010.1,centroid
ESP,GHA,3892.1,capital
ESP,GIB,496.3,capital
ESP,GIN,3571.9,capital
ESP,GLP,6173.0,capital
ESP,GMB,3250.1,capital
ESP,GNB,3382.1,capital
ESP,GNQ,4264.5,capital
ESP,GRC,2369.5,capital
ESP,GRD,6441.6,centroid
ESP,GRL,4042.0,capital
ESP,GTM,8693.1,capital
ESP,GUF,6242.9,capital
ESP,GUM,13196.3,capital
ESP,GUY,6550.9,capital
ESP,HKG,10542.8,centroid
ESP,HMD,12696.0,centroid
ESP,HND,8455.0,capital
ESP,HRV,1701.0,capital
ESP,HTI,6896.5,capital
ESP,HUN,1974.1,capital
ESP,IDN,12189.6,capital
ESP,IMN,1528.2,capital
ESP,IND,7273.6,capital
ESP,IOT,9205.1,centroid
ESP,IRL,1449.0,capital
ESP,IRN,4776.8,capital
ESP,IRQ,4296.6,capital
ESP,ISL,2889.1,capital
ESP,ISR,3595.2,capital
ESP,ITA,1365.3,capital
ESP,JAM,7309.6,capital
ESP,JEY,983.4,capital
ESP,JOR,3647.6,capital
ESP,JPN,10762.1,capital
ESP,KAZ,5686.1,capital
ESP,KEN,6189.1,capital
ESP,KGZ,6264.3,capital
ESP,KHM,10698.2,capital
ESP,KIR,15351.4,centroid
ESP,KNA,6167.5,capital
ESP,KOR,9995.5,capital
ESP,KWT,4799.7,capital
ESP,LAO,10028.6,capital
ESP,LBN,3519.4,capital
ESP,LBR,3858.8,capital
ESP,LBY,1719.5,capital
ESP,LCA,6252.5,capital
ESP,LIE,1295.8,capital
ESP,LKA,8963.3,capital
ESP,LSO,8394.7,capital
ESP,LTU,2661.2,capital
ESP,LUX,1279.4,capital
ESP,LVA,2712.7,capital
ESP,MAC,10506.6,centroid
ESP,MAF,6145.5,capital
ESP,MAR,763.9,capital
ESP,MCO,988.6,capital
ESP,MDA,2696.2,capital
ESP,MDG,8458.3,capital
ESP,MDV,8625.2,capital
ESP,MEX,9062.6,capital
ESP,MHL,14708.7,capital
ESP,MKD,2102.4,capital
ESP,MLI,3120.1,capital
ESP,MLT,1666.5,capital
ESP,MMR,9371.4,centroid
ESP,MNE,1921.9,capital
ESP,MNG,8055.2,capital
ESP,MNP,13071.6,capital
ESP,MOZ,8279.7,capital
ESP,MRT,2747.3,capital
ESP,MSR,6164.6,capital
ESP,MTQ,6215.2,capital
ESP,MUS,9235.9,capital
ESP,MWI,7177.4,capital
ESP,MYS,11071.4,capital
ESP,MYT,7767.9,capital
ESP,NAM,7325.8,capital
ESP,NCL,17795.1,capital
ESP,NER,3044.6,capital
ESP,NFK,18541.7,capital
ESP,NGA,3658.4,capital
ESP,NIC,8510.6,capital
ESP,NIU,17300.1,capital
ESP,NLD,1481.5,capital
ESP,NOR,2387.7,capital
ESP,NPL,7980.1,capital
ESP,NRU,15482.2,capital
ESP,NZL,19854.6,capital
ESP,OMN,6020.2,capital
ESP,PAK,6634.0,capital
ESP,PAN,8162.3,capital
ESP,PCN,14805.7,capital
ESP,PER,9507.7,capital
ESP,PHL,11655.5,capital
ESP,PLW,13191.3,capital
ESP,PNG,15533.5,capital
ESP,POL,2289.8,capital
ESP,PRI,6374.1,capital
ESP,PRK,9800.6,capital
ESP,PRT,503.2,capital
ESP,PRY,9188.3,capital
ESP,PSE,3587.7,capital
ESP,PYF,15875.6,capital
ESP,QAT,5334.4,capital
ESP,REU,9153.6,capital
ESP,ROU,2472.9,capital
ESP,RUS,3440.2,capital
ESP,RWA,5823.5,capital
ESP,SAU,4964.0,capital
ESP,SDN,4453.7,capital
ESP,SEN,3155.6,capital
ESP,SGP,11387.8,capital
ESP,SGS,11020.2,centroid
ESP,SHN,6268.3,capital
ESP,SJM,4294.3,capital
ESP,SLB,16210.8,capital
ESP,SLE,3673.7,capital
ESP,SLV,8648.7,capital
ESP,SMR,1378.7,centroid
ESP,SOM,6510.4,capital
ESP,SPM,4204.4,capital
ESP,SRB,2028.8,capital
ESP,SSD,5294.7,capital
ESP,STP,4579.7,capital
ESP,SUR,6387.6,capital
ESP,SVK,1858.1,capital
ESP,SVN,1597.9,capital
ESP,SWE,2593.0,capital
ESP,SWZ,8265.7,capital
ESP,SXM,6145.2,capital
ESP,SYC,7818.7,capital
ESP,SYR,3603.4,capital
ESP,TCA,6604.9,capital
ESP,TCD,3643.2,capital
ESP,TGO,3844.1,capital
ESP,THA,10181.6,capital
ESP,TJK,6040.7,capital
ESP,TKL,16335.1,centroid
ESP,TKM,5245.6,capital
ESP,TLS,13895.7,capital
ESP,TON,17598.9,centroid
ESP,TTO,6534.6,capital
ESP,TUN,1267.9,capital
ESP,TUR,3084.3,capital
ESP,TUV,16457.2,capital
ESP,TWN,10795.2,capital
ESP,TZA,6561.9,capital
ESP,UGA,5769.0,capital
ESP,UKR,2862.6,capital
ESP,UMI,13299.9,centroid
ESP,UNK,2077.2,capital
ESP,URY,9948.6,capital
ESP,USA,7629.5,centroid
ESP,UZB,5942.0,capital
ESP,VAT,1360.6,capital
ESP,VCT,6330.6,capital
ESP,VEN,6992.1,capital
ESP,VGB,6251.2,capital
ESP,VIR,6283.1,capital
ESP,VNM,10040.3,capital
ESP,VUT,17155.5,centroid
ESP,WLF,16909.8,capital
ESP,WSM,16839.2,capital
ESP,YEM,5718.0,centroid
ESP,ZAF,8062.0,capital
ESP,ZMB,7031.7,capital
ESP,ZWE,7406.7,capital
EST,ETH,5727.8,capital
EST,FIN,82.1,capital
EST,FJI,14957.8,capital
EST,FLK,14392.1,capital
EST,FRA,1859.0,capital
EST,FRO,1720.2,capital
EST,FSM,11571.7,capital
EST,GAB,6698.5,capital
EST,GBR,1783.5,capital
EST,GEO,2409.4,capital
EST,GGY,2063.7,centroid
EST,GHA,6356.4,capital
EST,GIB,3372.8,capital
EST,GIN,6407.3,capital
EST,GLP,8283.9,capital
EST,GMB,6130.6,capital
EST,GNB,6249.5,capital
EST,GNQ,6341.4,capital
EST,GRC,2386.6,capital
EST,GRD,8648.0,centroid
EST,GRL,3804.7,capital
EST,GTM,9958.8,capital
EST,GUF,8807.0,capital
EST,GUM,10304.2,capital
EST,GUY,8955.7,capital
EST,HKG,7858.7,centroid
EST,HMD,13221.6,centroid
EST,HND,9847.9,capital
EST,HRV,1623.2,capital
EST,HTI,8631.4,capital
EST,HUN,1379.1,capital
EST,IDN,10158.3,capital
EST,IMN,1857.3,capital
EST,IND,5204.9,capital
EST,IOT,8354.8,centroid
EST,IRL,2003.6,capital
EST,IRN,3266.3,capital
EST,IRQ,3241.6,capital
EST,ISL,2447.9,capital
EST,ISR,3173.7,capital
EST,ITA,2125.3,capital
EST,JAM,8924.1,capital
EST,JEY,2059.7,capital
EST,JOR,3167.2,capital
EST,JPN,7877.0,capital
EST,KAZ,3023.1,capital
EST,KEN,6833.5,capital
EST,KGZ,3813.1,capital
EST,KHM,8347.0,capital
EST,KIR,12705.7,centroid
EST,KNA,8217.0,capital
EST,KOR,7107.6,capital
EST,KWT,3775.2,capital
EST,LAO,7610.4,capital
EST,LBN,2947.8,capital
EST,LBR,6629.6,capital
EST,LBY,3073.5,capital
EST,LCA,8432.4,capital
EST,LIE,1692.7,capital
EST,LKA,7435.7,capital
EST,LSO,9872.2,capital
EST,LTU,528.9,capital
EST,LUX,1614.1,capital
EST,LVA,279.6,capital
EST,MAC,7832.7,centroid
EST,MAF,8164.2,capital
EST,MAR,3645.4,capital
EST,MCO,2103.0,capital
EST,MDA,1408.0,capital
EST,MDG,8955.4,capital
EST,MDV,7406.4,capital
EST,MEX,9885.9,capital
EST,MHL,12050.0,capital
EST,MKD,1952.7,capital
EST,MLI,5864.6,capital
EST,MLT,2720.0,capital
EST,MMR,6973.3,centroid
EST,MNE,1927.0,capital
EST,MNG,5194.3,capital
EST,MNP,10178.2,capital
EST,MOZ,9523.6,capital
EST,MRT,5635.9,capital
EST,MSR,8244.0,capital
EST,MTQ,8378.6,capital
EST,MUS,9339.4,capital
EST,MWI,8202.8,capital
EST,MYS,8971.0,capital
EST,MYT,8239.0,capital
EST,NAM,9144.6,capital
EST,NCL,14908.7,capital
EST,NER,5436.3,capital
EST,NFK,15648.3,capital
EST,NGA,5786.7,capital
EST,NIC,9989.8,capital
EST,NIU,15372.6,capital
EST,NLD,1457.6,capital
EST,NOR,786.7,capital
EST,NPL,5734.7,capital
EST,NRU,12698.2,capital
EST,NZL,17128.8,capital
EST,OMN,4771.4,capital
EST,PAK,4512.9,capital
EST,PAN,9938.9,capital
EST,PCN,15725.3,capital
EST,PER,11823.6,capital
EST,PHL,8959.7,capital
EST,PLW,10383.3,capital
EST,PNG,12702.5,capital
EST,POL,834.4,capital
EST,PRI,8295.5,capital
EST,PRK,6912.5,capital
EST,PRT,3311.6,capital
EST,PRY,11995.5,capital
EST,PSE,3159.3,capital
EST,PYF,15333.1,capital
EST,QAT,4325.4,capital
EST,REU,9359.2,capital
EST,ROU,1670.9,capital
EST,RUS,867.2,capital
EST,RWA,6841.7,capital
EST,SAU,4224.4,capital
EST,SDN,4921.1,capital
EST,SEN,6043.7,capital
EST,SGP,9269.8,capital
EST,SGS,13804.1,centroid
EST,SHN,8820.9,capital
EST,SJM,2114.7,capital
EST,SLB,13321.6,capital
EST,SLE,6497.8,capital
EST,SLV,9986.5,capital
EST,SMR,1932.4,centroid
EST,SOM,6625.2,capital
EST,SPM,5223.0,capital
EST,SRB,1652.4,capital
EST,SSD,6097.7,capital
EST,STP,6755.3,capital
EST,SUR,8876.9,capital
EST,SVK,1349.9,capital
EST,SVN,1636.2,capital
EST,SWE,378.6,capital
EST,SWZ,9570.4,capital
EST,SXM,8166.1,capital
EST,SYC,7617.3,capital
EST,SYR,3005.3,capital
EST,TCA,8289.3,capital
EST,TCD,5324.3,capital
EST,TGO,6255.5,capital
EST,THA,7889.8,capital
EST,TJK,3855.1,capital
EST,TKL,14232.5,centroid
EST,TKM,3369.2,capital
EST,TLS,11437.3,capital
EST,TON,15355.0,centroid
EST,TTO,8777.5,capital
EST,TUN,2724.2,capital
EST,TUR,2243.2,capital
EST,TUV,13959.6,capital
EST,TWN,7997.4,capital
EST,TZA,7360.1,capital
EST,UGA,6609.0,capital
EST,UKR,1063.6,capital
EST,UMI,10600.6,centroid
EST,UNK,1880.2,capital
EST,URY,12818.6,capital
EST,USA,7937.3,centroid
EST,UZB,3645.7,capital
EST,VAT,2125.7,capital
EST,VCT,8524.6,capital
EST,VEN,9096.6,capital
EST,VGB,8216.4,capital
EST,VIR,8241.7,capital
EST,VNM,7507.2,capital
EST,VUT,14299.1,centroid
EST,WLF,14600.4,capital
EST,WSM,14764.9,capital
EST,YEM,5294.2,centroid
EST,ZAF,9477.0,capital
EST,ZMB,8328.4,capital
EST,ZWE,8610.5,capital
ETH,FIN,5802.4,capital
ETH,FJI,15551.1,capital
ETH,FLK,11248.1,capital
ETH,FRA,5573.0,capital
ETH,FRO,6938.6,capital
ETH,FSM,13071.4,capital
ETH,GAB,3382.0,capital
ETH,GBR,5897.1,capital
ETH,GEO,3681.1,capital
ETH,GGY,5898.3,centroid
ETH,GHA,4310.5,capital
ETH,GIB,5370.5,capital
ETH,GIN,5747.6,capital
ETH,GLP,10834.5,capital
ETH,GMB,6042.5,capital
ETH,GNB,5942.4,capital
ETH,GNQ,3361.0,capital
ETH,GRC,3554.3,capital
ETH,GRD,10912.8,centroid
ETH,GRL,9127.5,capital
ETH,GTM,13833.4,capital
ETH,GUF,10039.8,capital
ETH,GUM,11474.4,capital
ETH,GUY,10641.0,capital
ETH,HKG,8138.4,centroid
ETH,HMD,7610.0,centroid
ETH,HND,13523.4,capital
ETH,HRV,4631.4,capital
ETH,HTI,11861.9,capital
ETH,HUN,4663.8,capital
ETH,IDN,7734.5,capital
ETH,IMN,6308.1,capital
ETH,IND,4566.7,capital
ETH,IOT,3996.1,centroid
ETH,IRL,6351.4,capital
ETH,IRN,3231.9,capital
ETH,IRQ,2765.2,capital
ETH,ISL,7713.3,capital
ETH,ISR,2555.2,capital
ETH,ITA,4466.1,capital
ETH,JAM,12330.0,capital
ETH,JEY,5852.1,capital
ETH,JOR,2566.1,capital
ETH,JPN,10395.0,capital
ETH,KAZ,5556.2,capital
ETH,KEN,1166.0,capital
ETH,KGZ,5125.5,capital
ETH,KHM,7229.3,capital
ETH,KIR,14816.0,centroid
ETH,KNA,10908.3,capital
ETH,KOR,9242.5,capital
ETH,KWT,2458.0,capital
ETH,LAO,6945.1,capital
ETH,LBN,2785.1,capital
ETH,LBR,5464.4,capital
ETH,LBY,3731.1,capital
ETH,LCA,10802.2,capital
ETH,LIE,5056.4,capital
ETH,LKA,4529.8,capital
ETH,LSO,4431.0,capital
ETH,LTU,5216.0,capital
ETH,LUX,5427.6,capital
ETH,LVA,5477.2,capital
ETH,MAC,8073.4,centroid
ETH,MAF,10927.1,capital
ETH,MAR,5409.0,capital
ETH,MCO,4904.8,capital
ETH,MDA,4326.1,capital
ETH,MDG,3252.7,capital
ETH,MDV,3875.5,capital
ETH,MEX,14420.7,capital
ETH,MHL,14469.1,capital
ETH,MKD,4039.1,capital
ETH,MLI,5112.3,capital
ETH,MLT,3865.6,capital
ETH,MMR,6471.9,centroid
ETH,MNE,4174.0,capital
ETH,MNG,7641.2,capital
ETH,MNP,11535.9,capital
ETH,MOZ,3947.4,capital
ETH,MRT,5980.2,capital
ETH,MSR,10868.7,capital
ETH,MTQ,10796.2,capital
ETH,MUS,3839.6,capital
ETH,MWI,2614.5,capital
ETH,MYS,6982.2,capital
ETH,MYT,2528.4,capital
ETH,NAM,4231.2,capital
ETH,NCL,14254.9,capital
ETH,NER,4022.5,capital
ETH,NFK,14284.8,capital
ETH,NGA,3430.8,capital
ETH,NIC,13497.6,capital
ETH,NIU,16734.1,capital
ETH,NLD,5706.7,capital
ETH,NOR,6121.1,capital
ETH,NPL,5295.4,capital
ETH,NRU,14202.9,capital
ETH,NZL,14412.3,capital
ETH,OMN,2643.9,capital
ETH,PAK,4451.1,capital
ETH,PAN,12892.0,capital
ETH,PCN,17876.2,capital
ETH,PER,13000.8,capital
ETH,PHL,8927.8,capital
ETH,PLW,10516.4,capital
ETH,PNG,12173.0,capital
ETH,POL,5066.0,capital
ETH,PRI,11228.3,capital
ETH,PRK,9120.1,capital
ETH,PRT,5789.7,capital
ETH,PRY,11073.0,capital
ETH,PSE,2569.7,capital
ETH,PYF,18710.0,capital
ETH,QAT,2257.8,capital
ETH,REU,3793.6,capital
ETH,ROU,4121.4,capital
ETH,RUS,5196.8,capital
ETH,RWA,1554.4,capital
ETH,SAU,1935.9,capital
ETH,SDN,991.0,capital
ETH,SEN,6133.0,capital
ETH,SGP,7251.7,capital
ETH,SGS,9921.6,centroid
ETH,SHN,5626.3,capital
ETH,SJM,7804.3,capital
ETH,SLB,13569.8,capital
ETH,SLE,5708.2,capital
ETH,SLV,13739.0,capital
ETH,SMR,4626.3,centroid
ETH,SOM,1065.9,capital
ETH,SPM,9648.9,capital
ETH,SRB,4349.1,capital
ETH,SSD,916.7,capital
ETH,STP,3673.7,capital
ETH,SUR,10332.8,capital
ETH,SVK,4800.1,capital
ETH,SVN,4719.7,capital
ETH,SWE,5857.8,capital
ETH,SWZ,4029.8,capital
ETH,SXM,10924.3,capital
ETH,SYC,2394.2,capital
ETH,SYR,2734.2,capital
ETH,TCA,11652.2,capital
ETH,TCD,2612.5,capital
ETH,TGO,4146.9,capital
ETH,THA,6735.6,capital
ETH,TJK,4442.8,capital
ETH,TKL,16639.4,centroid
ETH,TKM,3770.1,capital
ETH,TLS,9811.8,capital
ETH,TON,16192.4,centroid
ETH,TTO,10927.7,capital
ETH,TUN,4222.6,capital
ETH,TUR,3484.7,capital
ETH,TUV,15670.3,capital
ETH,TWN,8861.7,capital
ETH,TZA,1722.4,capital
ETH,UGA,1184.7,capital
ETH,UKR,4668.7,capital
ETH,UMI,13495.7,centroid
ETH,UNK,4115.2,capital
ETH,URY,11027.7,capital
ETH,USA,13059.0,centroid
ETH,UZB,4668.7,capital
ETH,VAT,4470.2,capital
ETH,VCT,10843.7,capital
ETH,VEN,11505.9,capital
ETH,VGB,11076.8,capital
ETH,VIR,11110.8,capital
ETH,VNM,7280.5,capital
ETH,VUT,14358.1,centroid
ETH,WLF,16179.3,capital
ETH,WSM,16649.4,capital
ETH,YEM,1205.4,centroid
ETH,ZAF,4031.4,capital
ETH,ZMB,2951.0,capital
ETH,ZWE,3103.1,capital
FIN,FJI,14886.0,capital
FIN,FLK,14449.2,capital
FIN,FRA,1908.7,capital
FIN,FRO,1699.3,capital
FIN,FSM,11509.7,capital
FIN,GAB,6779.2,capital
FIN,GBR,1820.5,capital
FIN,GEO,2461.8,capital
FIN,GGY,2102.7,centroid
FIN,GHA,6432.0,capital
FIN,GIB,3430.0,capital
FIN,GIN,6470.8,capital
FIN,GLP,8286.5,capital
FIN,GMB,6189.3,capital
FIN,GNB,6310.0,capital
FIN,GNQ,6421.7,capital
FIN,GRC,2468.4,capital
FIN,GRD,8653.6,centroid
FIN,GRL,3759.2,capital
FIN,GTM,9928.2,capital
FIN,GUF,8829.3,capital
FIN,GUM,10251.9,capital
FIN,GUY,8969.6,capital
FIN,HKG,7833.1,centroid
FIN,HMD,13286.6,centroid
FIN,HND,9821.4,capital
FIN,HRV,1701.5,capital
FIN,HTI,8619.4,capital
FIN,HUN,1459.7,capital
FIN,IDN,10162.5,capital
FIN,IMN,1876.9,capital
FIN,IND,5220.1,capital
FIN,IOT,8401.3,centroid
FIN,IRL,2023.8,capital
FIN,IRN,3313.9,capital
FIN,IRQ,3302.8,capital
FIN,ISL,2414.1,capital
FIN,ISR,3247.8,capital
FIN,ITA,2201.7,capital
FIN,JAM,8907.2,capital
FIN,JEY,2100.3,capital
FIN,JOR,3240.4,capital
FIN,JPN,7818.3,capital
FIN,KAZ,3009.4,capital
FIN,KEN,6910.3,capital
FIN,KGZ,3812.7,capital
FIN,KHM,8340.6,capital
FIN,KIR,12633.3,centroid
FIN,KNA,8217.4,capital
FIN,KOR,7057.8,capital
FIN,KWT,3833.6,capital
FIN,LAO,7601.9,capital
FIN,LBN,3021.0,capital
FIN,LBR,6697.0,capital
FIN,LBY,3153.1,capital
FIN,LCA,8437.4,capital
FIN,LIE,1759.9,capital
FIN,LKA,7464.8,capital
FIN,LSO,9953.1,capital
FIN,LTU,609.7,capital
FIN,LUX,1669.5,capital
FIN,LVA,361.6,capital
FIN,MAC,7807.8,centroid
FIN,MAF,8163.6,capital
FIN,MAR,3702.6,capital
FIN,MCO,2171.1,capital
FIN,MDA,1485.5,capital
FIN,MDG,9027.4,capital
FIN,MDV,7445.3,capital
FIN,MEX,9843.1,capital
FIN,MHL,11977.5,capital
FIN,MKD,2034.8,capital
FIN,MLI,5932.4,capital
FIN,MLT,2799.9,capital
FIN,MMR,6967.1,centroid
FIN,MNE,2008.6,capital
FIN,MNG,5152.1,capital
FIN,MNP,10124.1,capital
FIN,MOZ,9603.2,capital
FIN,MRT,5692.8,capital
FIN,MSR,8245.4,capital
FIN,MTQ,8383.1,capital
FIN,MUS,9404.3,capital
FIN,MWI,8281.6,capital
FIN,MYS,8975.0,capital
FIN,MYT,8311.6,capital
FIN,NAM,9226.7,capital
FIN,NCL,14851.3,capital
FIN,NER,5512.1,capital
FIN,NFK,15593.8,capital
FIN,NGA,5866.1,capital
FIN,NIC,9965.7,capital
FIN,NIU,15292.9,capital
FIN,NLD,1501.4,capital
FIN,NOR,786.9,capital
FIN,NPL,5739.6,capital
FIN,NRU,12631.1,capital
FIN,NZL,17077.7,capital
FIN,OMN,4818.6,capital
FIN,PAK,4528.3,capital
FIN,PAN,9924.9,capital
FIN,PCN,15667.1,capital
FIN,PER,11827.9,capital
FIN,PHL,8932.0,capital
FIN,PLW,10344.8,capital
FIN,PNG,12660.0,capital
FIN,POL,915.2,capital
FIN,PRI,8290.9,capital
FIN,PRK,6862.8,capital
FIN,PRT,3360.3,capital
FIN,PRY,12032.3,capital
FIN,PSE,3233.3,capital
FIN,PYF,15253.8,capital
FIN,QAT,4381.2,capital
FIN,REU,9425.9,capital
FIN,ROU,1751.6,capital
FIN,RUS,892.7,capital
FIN,RWA,6921.7,capital
FIN,SAU,4287.0,capital
FIN,SDN,4999.3,capital
FIN,SEN,6100.9,capital
FIN,SGP,9272.3,capital
FIN,SGS,13874.3,centroid
FIN,SHN,8896.7,capital
FIN,SJM,2034.7,capital
FIN,SLB,13264.6,capital
FIN,SLE,6562.1,capital
FIN,SLV,9958.0,capital
FIN,SMR,2007.6,centroid
FIN,SOM,6695.5,capital
FIN,SPM,5201.8,capital
FIN,SRB,1734.2,capital
FIN,SSD,6176.8,capital
FIN,STP,6835.0,capital
FIN,SUR,8895.1,capital
FIN,SVK,1428.3,capital
FIN,SVN,1712.6,capital
FIN,SWE,395.6,capital
FIN,SWZ,9650.5,capital
FIN,SXM,8165.6,capital
FIN,SYC,7680.1,capital
FIN,SYR,3077.7,capital
FIN,TCA,8276.5,capital
FIN,TCD,5406.0,capital
FIN,TGO,6332.0,capital
FIN,THA,7887.3,capital
FIN,TJK,3870.2,capital
FIN,TKL,14152.9,centroid
FIN,TKM,3402.1,capital
FIN,TLS,11420.1,capital
FIN,TON,15278.5,centroid
FIN,TTO,8784.4,capital
FIN,TUN,2800.4,capital
FIN,TUR,2317.7,capital
FIN,TUV,13884.9,capital
FIN,TWN,7961.7,capital
FIN,TZA,7437.7,capital
FIN,UGA,6687.9,capital
FIN,UKR,1135.7,capital
FIN,UMI,10528.7,centroid
FIN,UNK,1962.2,capital
FIN,URY,12863.6,capital
FIN,USA,7886.9,centroid
FIN,UZB,3655.7,capital
FIN,VAT,2202.1,capital
FIN,VCT,8530.0,capital
FIN,VEN,9097.1,capital
FIN,VGB,8213.6,capital
FIN,VIR,8238.7,capital
FIN,VNM,7492.3,capital
FIN,VUT,14237.7,centroid
FIN,WLF,14523.4,capital
FIN,WSM,14685.6,capital
FIN,YEM,5359.0,centroid
FIN,ZAF,9557.9,capital
FIN,ZMB,8409.1,capital
FIN,ZWE,8690.5,capital
FJI,FLK,10535.2,capital
FJI,FRA,16581.3,capital
FJI,FRO,15119.8,capital
FJI,FSM,3565.3,capital
FJI,GAB,17703.1,capital
FJI,GBR,16302.1,capital
FJI,GEO,14915.1,capital
FJI,GGY,16530.2,centroid
FJI,GHA,18608.2,capital
FJI,GIB,17978.6,capital
FJI,GIN,18397.2,capital
FJI,GLP,13644.6,capital
FJI,GMB,18328.3,capital
FJI,GNB,18356.3,capital
FJI,GNQ,18058.6,capital
FJI,GRC,16714.0,capital
FJI,GRD,13556.0,centroid
FJI,GRL,13683.0,capital
FJI,GTM,10618.3,capital
FJI,GUF,14314.6,capital
FJI,GUM,5098.4,capital
FJI,GUY,13768.2,capital
FJI,HKG,8303.5,centroid
FJI,HMD,9417.2,centroid
FJI,HND,10940.7,capital
FJI,HRV,16538.1,capital
FJI,HTI,12600.4,capital
FJI,HUN,16250.4,capital
FJI,IDN,7850.0,capital
FJI,IMN,16002.8,capital
FJI,IND,12024.3,capital
FJI,IOT,11568.8,centroid
FJI,IRL,16080.6,capital
FJI,IRN,14483.3,capital
FJI,IRQ,15154.6,capital
FJI,ISL,14675.5,capital
FJI,ISR,16032.6,capital
FJI,ITA,17055.2,capital
FJI,JAM,12128.3,capital
FJI,JEY,16562.0,capital
FJI,JOR,15960.9,capital
FJI,JPN,7242.7,capital
FJI,KAZ,12744.5,capital
FJI,KEN,15293.2,capital
FJI,KGZ,12479.5,capital
FJI,KHM,8712.4,capital
FJI,KIR,2253.9,centroid
FJI,KNA,13569.0,capital
FJI,KOR,8201.6,capital
FJI,KWT,14858.9,capital
FJI,LAO,9206.9,capital
FJI,LBN,15946.8,capital
FJI,LBR,18362.1,capital
FJI,LBY,17810.1,capital
FJI,LCA,13673.9,capital
FJI,LIE,16634.5,capital
FJI,LKA,11149.4,capital
FJI,LSO,13886.3,capital
FJI,LTU,15353.8,capital
FJI,LUX,16448.1,capital
FJI,LVA,15202.8,capital
FJI,MAC,8356.7,centroid
FJI,MAF,13547.8,capital
FJI,MAR,18174.1,capital
FJI,MCO,17046.4,capital
FJI,MDA,15773.2,capital
FJI,MDG,13252.4,capital
FJI,MDV,11727.0,capital
FJI,MEX,9916.7,capital
FJI,MHL,2909.7,capital
FJI,MKD,16582.9,capital
FJI,MLI,19094.1,capital
FJI,MLT,17485.0,capital
FJI,MMR,9816.7,centroid
FJI,MNE,16672.6,capital
FJI,MNG,10194.3,capital
FJI,MNP,5153.9,capital
FJI,MOZ,13877.1,capital
FJI,MRT,18493.2,capital
FJI,MSR,13609.9,capital
FJI,MTQ,13681.5,capital
FJI,MUS,12293.7,capital
FJI,MWI,14745.1,capital
FJI,MYS,8720.7,capital
FJI,MYT,13836.8,capital
FJI,NAM,15056.1,capital
FJI,NCL,1331.1,capital
FJI,NER,19367.4,capital
FJI,NFK,1613.6,capital
FJI,NGA,18608.8,capital
FJI,NIC,10977.4,capital
FJI,NIU,1232.3,capital
FJI,NLD,16166.5,capital
FJI,NOR,15265.8,capital
FJI,NPL,11227.2,capital
FJI,NRU,2324.3,capital
FJI,NZL,2597.5,capital
FJI,OMN,13796.3,capital
FJI,PAK,12508.0,capital
FJI,PAN,11582.5,capital
FJI,PCN,5346.5,capital
FJI,PER,11086.1,capital
FJI,PHL,7271.4,capital
FJI,PLW,5588.0,capital
FJI,PNG,3505.6,capital
FJI,POL,15743.1,capital
FJI,PRI,13242.4,capital
FJI,PRK,8387.3,capital
FJI,PRT,17611.3,capital
FJI,PRY,12262.7,capital
FJI,PSE,16030.3,capital
FJI,PYF,3384.3,capital
FJI,QAT,14505.6,capital
FJI,REU,12438.0,capital
FJI,ROU,16120.0,capital
FJI,RUS,14700.7,capital
FJI,RWA,15894.8,capital
FJI,SAU,14987.4,capital
FJI,SDN,16378.9,capital
FJI,SEN,18280.4,capital
FJI,SGP,8426.1,capital
FJI,SGS,11266.1,centroid
FJI,SHN,16200.5,capital
FJI,SJM,13270.0,capital
FJI,SLB,2215.0,capital
FJI,SLE,18360.2,capital
FJI,SLV,10723.4,capital
FJI,SMR,16878.6,centroid
FJI,SOM,14597.8,capital
FJI,SPM,14137.7,capital
FJI,SRB,16412.7,capital
FJI,SSD,16122.2,capital
FJI,STP,17837.8,capital
FJI,SUR,14051.0,capital
FJI,SVK,16274.3,capital
FJI,SVN,16576.4,capital
FJI,SWE,15168.1,capital
FJI,SWZ,13922.6,capital
FJI,SXM,13550.8,capital
FJI,SYC,13273.1,capital
FJI,SYR,15887.7,capital
FJI,TCA,12787.7,capital
FJI,TCD,18110.6,capital
FJI,TGO,18645.8,capital
FJI,THA,9246.9,capital
FJI,TJK,12937.6,capital
FJI,TKL,1449.3,centroid
FJI,TKM,13845.2,capital
FJI,TLS,5797.1,capital
FJI,TON,721.3,centroid
FJI,TTO,13531.5,capital
FJI,TUN,17641.4,capital
FJI,TUR,15925.2,capital
FJI,TUV,1072.1,capital
FJI,TWN,7808.6,capital
FJI,TZA,15109.9,capital
FJI,UGA,15790.6,capital
FJI,UKR,15435.7,capital
FJI,UMI,4357.3,centroid
FJI,UNK,16546.0,capital
FJI,URY,11770.6,capital
FJI,USA,10779.3,centroid
FJI,UZB,12912.5,capital
FJI,VAT,17056.6,capital
FJI,VCT,13629.6,capital
FJI,VEN,12960.4,capital
FJI,VGB,13395.5,capital
FJI,VIR,13361.6,capital
FJI,VNM,9023.7,capital
FJI,VUT,1237.2,centroid
FJI,WLF,790.8,capital
FJI,WSM,1152.1,capital
FJI,YEM,14735.2,centroid
FJI,ZAF,14170.1,capital
FJI,ZMB,15054.0,capital
FJI,ZWE,14656.2,capital
FLK,FRA,12547.8,capital
FLK,FRO,13418.5,capital
FLK,FSM,14046.3,capital
FLK,GAB,8504.6,capital
FLK,GBR,12686.5,capital
FLK,GEO,14297.5,capital
FLK,GGY,12401.1,centroid
FLK,GHA,8371.0,capital
FLK,GIB,11019.4,capital
FLK,GIN,8010.4,capital
FLK,GLP,7536.3,capital
FLK,GMB,8262.5,capital
FLK,GNB,8148.7,capital
FLK,GNQ,8764.6,capital
FLK,GRC,12709.1,capital
FLK,GRD,7104.9,centroid
FLK,GRL,12895.9,capital
FLK,GTM,8022.3,capital
FLK,GUF,6319.0,capital
FLK,GUM,15308.9,capital
FLK,GUY,6504.8,capital
FLK,HKG,16672.1,centroid
FLK,HMD,7479.8,centroid
FLK,HND,7843.8,capital
FLK,HRV,12927.4,capital
FLK,HTI,7936.0,capital
FLK,HUN,13223.4,capital
FLK,IDN,13413.1,capital
FLK,IMN,12765.3,capital
FLK,IND,15518.7,capital
FLK,IOT,12008.3,centroid
FLK,IRL,12626.2,capital
FLK,IRN,14301.1,capital
FLK,IRQ,13651.1,capital
FLK,ISL,13249.8,capital
FLK,ISR,12920.1,capital
FLK,ITA,12415.0,capital
FLK,JAM,7964.7,capital
FLK,JEY,12394.2,capital
FLK,JOR,12982.6,capital
FLK,JPN,17756.4,capital
FLK,KAZ,16572.4,capital
FLK,KEN,10217.3,capital
FLK,KGZ,16366.8,capital
FLK,KHM,15289.8,capital
FLK,KIR,12703.0,centroid
FLK,KNA,7685.8,capital
FLK,KOR,18399.1,capital
FLK,KWT,13582.9,capital
FLK,LAO,15891.2,capital
FLK,LBN,13108.5,capital
FLK,LBR,7840.6,capital
FLK,LBY,11663.5,capital
FLK,LCA,7310.7,capital
FLK,LIE,12720.3,capital
FLK,LKA,13717.1,capital
FLK,LSO,7188.9,capital
FLK,LTU,14087.6,capital
FLK,LUX,12779.8,capital
FLK,LVA,14190.8,capital
FLK,MAC,16649.5,centroid
FLK,MAF,7773.8,capital
FLK,MAR,10746.8,capital
FLK,MCO,12321.1,capital
FLK,MDA,13716.1,capital
FLK,MDG,9377.7,capital
FLK,MDV,13093.8,capital
FLK,MEX,8865.2,capital
FLK,MHL,13332.2,capital
FLK,MKD,12906.0,capital
FLK,MLI,8604.3,capital
FLK,MLT,12002.7,capital
FLK,MMR,16115.1,centroid
FLK,MNE,12822.3,capital
FLK,MNG,18844.5,capital
FLK,MNP,15449.0,capital
FLK,MOZ,7802.2,capital
FLK,MRT,8756.4,capital
FLK,MSR,7617.4,capital
FLK,MTQ,7378.5,capital
FLK,MUS,9871.9,capital
FLK,MWI,8905.4,capital
FLK,MYS,14291.7,capital
FLK,MYT,9773.4,capital
FLK,NAM,7035.4,capital
FLK,NCL,10729.4,capital
FLK,NER,9252.2,capital
FLK,NFK,9985.4,capital
FLK,NGA,9165.7,capital
FLK,NIC,7605.3,capital
FLK,NIU,9777.6,capital
FLK,NLD,12968.5,capital
FLK,NOR,13837.6,capital
FLK,NPL,15959.2,capital
FLK,NRU,12856.4,capital
FLK,NZL,8495.7,capital
FLK,OMN,13835.6,capital
FLK,PAK,15638.7,capital
FLK,PAN,7059.9,capital
FLK,PCN,6644.6,capital
FLK,PER,4734.7,capital
FLK,PHL,15889.6,capital
FLK,PLW,14969.7,capital
FLK,PNG,12803.3,capital
FLK,POL,13694.9,capital
FLK,PRI,7842.6,capital
FLK,PRK,18579.8,capital
FLK,PRT,11107.4,capital
FLK,PRY,2936.4,capital
FLK,PSE,12929.8,capital
FLK,PYF,8602.4,capital
FLK,QAT,13500.7,capital
FLK,REU,9685.3,capital
FLK,ROU,13364.0,capital
FLK,RUS,14788.3,capital
FLK,RWA,9693.8,capital
FLK,SAU,13121.3,capital
FLK,SDN,11384.5,capital
FLK,SEN,8348.4,capital
FLK,SGP,14155.6,capital
FLK,SGS,1421.4,centroid
FLK,SHN,6056.6,capital
FLK,SJM,15242.3,capital
FLK,SLB,12316.3,capital
FLK,SLE,7928.6,capital
FLK,SLV,7873.5,capital
FLK,SMR,12571.8,centroid
FLK,SOM,11091.8,capital
FLK,SPM,10950.9,capital
FLK,SRB,13081.2,capital
FLK,SSD,10392.1,capital
FLK,STP,8322.7,capital
FLK,SUR,6405.5,capital
FLK,SVK,13177.0,capital
FLK,SVN,12872.0,capital
FLK,SWE,14091.8,capital
FLK,SWZ,7669.1,capital
FLK,SXM,7768.9,capital
FLK,SYC,11169.0,capital
FLK,SYR,13129.2,capital
FLK,TCA,8237.0,capital
FLK,TCD,9920.8,capital
FLK,TGO,8509.8,capital
FLK,THA,15374.2,capital
FLK,TJK,15689.3,capital
FLK,TKL,10823.1,centroid
FLK,TKM,14935.9,capital
FLK,TLS,13307.3,capital
FLK,TON,9990.7,centroid
FLK,TTO,6943.1,capital
FLK,TUN,11845.9,capital
FLK,TUR,13413.2,capital
FLK,TUV,11401.8,capital
FLK,TWN,17052.3,capital
FLK,TZA,9716.2,capital
FLK,UGA,10065.4,capital
FLK,UKR,14059.3,capital
FLK,UMI,14742.9,centroid
FLK,UNK,12946.5,capital
FLK,URY,1871.8,capital
FLK,USA,10673.1,centroid
FLK,UZB,15898.7,capital
FLK,VAT,12412.9,capital
FLK,VCT,7218.2,capital
FLK,VEN,6968.5,capital
FLK,VGB,7824.8,capital
FLK,VIR,7817.9,capital
FLK,VNM,16324.6,capital
FLK,VUT,11330.0,centroid
FLK,WLF,10683.5,capital
FLK,WSM,10366.5,capital
FLK,YEM,12399.6,centroid
FLK,ZAF,7528.5,capital
FLK,ZMB,8406.5,capital
FLK,ZWE,8388.1,capital
FRA,FRO,1568.5,capital
FRA,FSM,13380.6,capital
FRA,GAB,5431.5,capital
FRA,GBR,343.8,capital
FRA,GEO,3371.7,capital
FRA,GGY,365.0,centroid
FRA,GHA,4820.5,capital
FRA,GIB,1545.8,capital
FRA,GIN,4619.4,capital
FRA,GLP,6788.8,capital
FRA,GMB,4302.3,capital
FRA,GNB,4434.2,capital
FRA,GNQ,5051.7,capital
FRA,GRC,2095.9,capital
FRA,GRD,7105.5,centroid
FRA,GRL,3582.6,capital
FRA,GTM,8993.2,capital
FRA,GUF,7078.0,capital
FRA,GUM,12160.2,capital
FRA,GUY,7309.8,capital
FRA,HKG,9632.6,centroid
FRA,HMD,13111.5,centroid
FRA,HND,8801.5,capital
FRA,HRV,1079.5,capital
FRA,HTI,7356.4,capital
FRA,HUN,1244.3,capital
FRA,IDN,11586.2,capital
FRA,IMN,754.6,capital
FRA,IND,6586.7,capital
FRA,IOT,9021.3,centroid
FRA,IRL,779.2,capital
FRA,IRN,4210.6,capital
FRA,IRQ,3859.6,capital
FRA,ISL,2230.8,capital
FRA,ISR,3332.0,capital
FRA,ITA,1107.0,capital
FRA,JAM,7725.8,capital
FRA,JEY,326.8,capital
FRA,JOR,3367.0,capital
FRA,JPN,9712.5,capital
FRA,KAZ,4757.9,capital
FRA,KEN,6482.7,capital
FRA,KGZ,5420.3,capital
FRA,KHM,9939.6,capital
FRA,KIR,14353.3,centroid
FRA,KNA,6754.9,capital
FRA,KOR,8966.2,capital
FRA,KWT,4405.3,capital
FRA,LAO,9235.4,capital
FRA,LBN,3190.6,capital
FRA,LBR,4891.0,capital
FRA,LBY,1990.9,capital
FRA,LCA,6901.5,capital
FRA,LIE,566.4,capital
FRA,LKA,8513.9,capital
FRA,LSO,9043.9,capital
FRA,LTU,1696.3,capital
FRA,LUX,287.3,capital
FRA,LVA,1703.2,capital
FRA,MAC,9601.1,centroid
FRA,MAF,6718.4,capital
FRA,MAR,1815.9,capital
FRA,MCO,689.2,capital
FRA,MDA,1975.6,capital
FRA,MDG,8759.7,capital
FRA,MDV,8287.3,capital
FRA,MEX,9196.1,capital
FRA,MHL,13703.2,capital
FRA,MKD,1666.7,capital
FRA,MLI,4140.9,capital
FRA,MLT,1748.4,capital
FRA,MMR,8581.2,centroid
FRA,MNE,1491.0,capital
FRA,MNG,7047.3,capital
FRA,MNP,12030.3,capital
FRA,MOZ,8845.4,capital
FRA,MRT,3797.9,capital
FRA,MSR,6765.7,capital
FRA,MTQ,6856.0,capital
FRA,MUS,9411.6,capital
FRA,MWI,7640.5,capital
FRA,MYS,10424.1,capital
FRA,MYT,8042.3,capital
FRA,NAM,8074.6,capital
FRA,NCL,16743.4,capital
FRA,NER,3929.7,capital
FRA,NFK,17496.3,capital
FRA,NGA,4451.1,capital
FRA,NIC,8893.3,capital
FRA,NIU,16629.6,capital
FRA,NLD,430.5,capital
FRA,NOR,1342.1,capital
FRA,NPL,7236.6,capital
FRA,NRU,14444.6,capital
FRA,NZL,18985.9,capital
FRA,OMN,5599.6,capital
FRA,PAK,5915.9,capital
FRA,PAN,8661.9,capital
FRA,PCN,15140.6,capital
FRA,PER,10252.8,capital
FRA,PHL,10743.5,capital
FRA,PLW,12221.4,capital
FRA,PNG,14552.0,capital
FRA,POL,1366.9,capital
FRA,PRI,6906.7,capital
FRA,PRK,8771.2,capital
FRA,PRT,1452.8,capital
FRA,PRY,10161.4,capital
FRA,PSE,3321.0,capital
FRA,PYF,15711.8,capital
FRA,QAT,4972.8,capital
FRA,REU,9365.0,capital
FRA,ROU,1870.5,capital
FRA,RUS,2486.7,capital
FRA,RWA,6247.1,capital
FRA,SAU,4682.4,capital
FRA,SDN,4606.0,capital
FRA,SEN,4206.1,capital
FRA,SGP,10736.8,capital
FRA,SGS,12066.5,centroid
FRA,SHN,7247.0,capital
FRA,SJM,3312.3,capital
FRA,SLB,15161.2,capital
FRA,SLE,4719.0,capital
FRA,SLV,8976.9,capital
FRA,SMR,956.8,centroid
FRA,SOM,6614.7,capital
FRA,SPM,4266.7,capital
FRA,SRB,1445.8,capital
FRA,SSD,5617.5,capital
FRA,STP,5411.0,capital
FRA,SUR,7186.3,capital
FRA,SVK,1088.5,capital
FRA,SVN,964.4,capital
FRA,SWE,1544.0,capital
FRA,SWZ,8852.5,capital
FRA,SXM,6719.1,capital
FRA,SYC,7844.2,capital
FRA,SYR,3273.6,capital
FRA,TCA,7037.1,capital
FRA,TCD,4250.7,capital
FRA,TGO,4752.0,capital
FRA,THA,9443.6,capital
FRA,TJK,5287.3,capital
FRA,TKL,15552.3,centroid
FRA,TKM,4575.8,capital
FRA,TLS,13114.6,capital
FRA,TON,16798.0,centroid
FRA,TTO,7216.7,capital
FRA,TUN,1480.3,capital
FRA,TUR,2597.7,capital
FRA,TUV,15521.0,capital
FRA,TWN,9827.4,capital
FRA,TZA,6924.6,capital
FRA,UGA,6123.0,capital
FRA,UKR,2023.8,capital
FRA,UMI,12278.2,centroid
FRA,UNK,1607.7,capital
FRA,URY,10961.8,capital
FRA,USA,7528.4,centroid
FRA,UZB,5147.7,capital
FRA,VAT,1102.9,capital
FRA,VCT,6987.3,capital
FRA,VEN,7616.7,capital
FRA,VGB,6801.5,capital
FRA,VIR,6831.0,capital
FRA,VNM,9197.1,capital
FRA,VUT,16105.0,centroid
FRA,WLF,16057.4,capital
FRA,WSM,16083.8,capital
FRA,YEM,5589.7,centroid
FRA,ZAF,8683.5,capital
FRA,ZMB,7590.2,capital
FRA,ZWE,7939.9,capital
FRO,FSM,12240.9,capital
FRO,GAB,6986.1,capital
FRO,GBR,1234.4,capital
FRO,GEO,4046.6,capital
FRO,GGY,1418.4,centroid
FRO,GHA,6300.8,capital
FRO,GIB,2877.8,capital
FRO,GIN,5861.5,capital
FRO,GLP,6654.2,capital
FRO,GMB,5455.8,capital
FRO,GNB,5621.0,capital
FRO,GNQ,6605.2,capital
FRO,GRC,3384.6,capital
FRO,GRD,7039.3,centroid
FRO,GRL,2226.7,capital
FRO,GTM,8247.9,capital
FRO,GUF,7362.3,capital
FRO,GUM,11260.5,capital
FRO,GUY,7417.3,capital
FRO,HKG,9297.8,centroid
FRO,HMD,14547.2,centroid
FRO,HND,8129.8,capital
FRO,HRV,2312.1,capital
FRO,HTI,6927.2,capital
FRO,HUN,2283.3,capital
FRO,IDN,11832.2,capital
FRO,IMN,884.1,capital
FRO,IND,6918.1,capital
FRO,IOT,9991.1,centroid
FRO,IRL,965.3,capital
FRO,IRN,4922.2,capital
FRO,IRQ,4783.3,capital
FRO,ISL,795.2,capital
FRO,ISR,4492.8,capital
FRO,ITA,2575.6,capital
FRO,JAM,7208.6,capital
FRO,JEY,1454.6,capital
FRO,JOR,4508.2,capital
FRO,JPN,8741.4,capital
FRO,KAZ,4623.2,capital
FRO,KEN,7931.8,capital
FRO,KGZ,5479.2,capital
FRO,KHM,9962.5,capital
FRO,KIR,12962.4,centroid
FRO,KNA,6572.7,capital
FRO,KOR,8192.1,capital
FRO,KWT,5337.4,capital
FRO,LAO,9213.6,capital
FRO,LBN,4300.7,capital
FRO,LBR,6203.4,capital
FRO,LBY,3535.8,capital
FRO,LCA,6819.9,capital
FRO,LIE,1946.3,capital
FRO,LKA,9150.7,capital
FRO,LSO,10608.1,capital
FRO,LTU,2013.0,capital
FRO,LUX,1590.7,capital
FRO,LVA,1812.2,capital
FRO,MAC,9281.3,centroid
FRO,MAF,6513.4,capital
FRO,MAR,3113.1,capital
FRO,MCO,2232.6,capital
FRO,MDA,2784.4,capital
FRO,MDG,10180.8,capital
FRO,MDV,9091.4,capital
FRO,MEX,8229.2,capital
FRO,MHL,12329.9,capital
FRO,MKD,2899.6,capital
FRO,MLI,5493.9,capital
FRO,MLT,3258.7,capital
FRO,MMR,8595.4,centroid
FRO,MNE,2767.9,capital
FRO,MNG,6455.9,capital
FRO,MNP,11096.5,capital
FRO,MOZ,10392.3,capital
FRO,MRT,4936.7,capital
FRO,MSR,6606.6,capital
FRO,MTQ,6762.2,capital
FRO,MUS,10729.6,capital
FRO,MWI,9158.4,capital
FRO,MYS,10645.6,capital
FRO,MYT,9456.3,capital
FRO,NAM,9640.2,capital
FRO,NCL,15566.5,capital
FRO,NER,5438.9,capital
FRO,NFK,16330.4,capital
FRO,NGA,6001.3,capital
FRO,NIC,8269.9,capital
FRO,NIU,15063.0,capital
FRO,NLD,1277.0,capital
FRO,NOR,970.5,capital
FRO,NPL,7418.3,capital
FRO,NRU,13160.6,capital
FRO,NZL,17708.5,capital
FRO,OMN,6419.7,capital
FRO,PAK,6226.5,capital
FRO,PAN,8229.2,capital
FRO,PCN,14168.8,capital
FRO,PER,10193.5,capital
FRO,PHL,10360.8,capital
FRO,PLW,11606.5,capital
FRO,PNG,13803.5,capital
FRO,POL,1975.1,capital
FRO,PRI,6622.0,capital
FRO,PRK,8001.5,capital
FRO,PRT,2594.2,capital
FRO,PRY,10706.0,capital
FRO,PSE,4479.5,capital
FRO,PYF,14288.3,capital
FRO,QAT,5906.7,capital
FRO,REU,10712.3,capital
FRO,ROU,2878.9,capital
FRO,RUS,2587.4,capital
FRO,RWA,7760.8,capital
FRO,SAU,5726.6,capital
FRO,SDN,6013.8,capital
FRO,SEN,5329.0,capital
FRO,SGP,10937.0,capital
FRO,SGS,13222.0,centroid
FRO,SHN,8666.4,capital
FRO,SJM,1961.3,capital
FRO,SLB,14070.1,capital
FRO,SLE,5974.8,capital
FRO,SLV,8271.3,capital
FRO,SMR,2382.2,centroid
FRO,SOM,7936.3,capital
FRO,SPM,3503.0,capital
FRO,SRB,2592.8,capital
FRO,SSD,7095.0,capital
FRO,STP,6951.1,capital
FRO,SUR,7384.1,capital
FRO,SVK,2140.8,capital
FRO,SVN,2232.0,capital
FRO,SWE,1376.3,capital
FRO,SWZ,10405.0,capital
FRO,SXM,6515.8,capital
FRO,SYC,9068.5,capital
FRO,SYR,4374.4,capital
FRO,TCA,6583.0,capital
FRO,TCD,5818.0,capital
FRO,TGO,6248.5,capital
FRO,THA,9531.9,capital
FRO,TJK,5568.5,capital
FRO,TKL,13999.3,centroid
FRO,TKM,5080.5,capital
FRO,TLS,12938.8,capital
FRO,TON,15256.2,centroid
FRO,TTO,7178.2,capital
FRO,TUN,3035.9,capital
FRO,TUR,3607.9,capital
FRO,TUV,14047.9,capital
FRO,TWN,9302.6,capital
FRO,TZA,8404.2,capital
FRO,UGA,7608.2,capital
FRO,UKR,2587.8,capital
FRO,UMI,10955.0,centroid
FRO,UNK,2823.8,capital
FRO,URY,11649.4,capital
FRO,USA,6356.8,centroid
FRO,UZB,5348.7,capital
FRO,VAT,2572.7,capital
FRO,VCT,6914.5,capital
FRO,VEN,7450.1,capital
FRO,VGB,6552.9,capital
FRO,VIR,6576.4,capital
FRO,VNM,9058.8,capital
FRO,VUT,14875.5,centroid
FRO,WLF,14531.0,capital
FRO,WSM,14526.5,capital
FRO,YEM,6744.7,centroid
FRO,ZAF,10244.0,capital
FRO,ZMB,9139.9,capital
FRO,ZWE,9480.9,capital
FSM,GAB,16449.6,capital
FSM,GBR,13194.7,capital
FSM,GEO,11377.3,capital
FSM,GGY,13472.3,centroid
FSM,GHA,17241.4,capital
FSM,GIB,14925.9,capital
FSM,GIN,17973.4,capital
FSM,GLP,14938.0,capital
FSM,GMB,17675.9,capital
FSM,GNB,17814.9,capital
FSM,GNQ,16415.0,capital
FSM,GRC,13150.6,capital
FSM,GRD,15129.3,centroid
FSM,GRL,11724.9,capital
FSM,GTM,12074.8,capital
FSM,GUF,16382.8,capital
FSM,GUM,1637.7,capital
FSM,GUY,15707.1,capital
FSM,HKG,5006.3,centroid
FSM,HMD,10333.5,centroid
FSM,HND,12435.8,capital
FSM,HRV,13053.8,capital
FSM,HTI,13796.8,capital
FSM,HUN,12756.4,capital
FSM,IDN,5877.7,capital
FSM,IMN,13032.8,capital
FSM,IND,8758.0,capital
FSM,IOT,9721.4,centroid
FSM,IRL,13155.8,capital
FSM,IRN,11043.3,capital
FSM,IRQ,11735.3,capital
FSM,ISL,12113.5,capital
FSM,ISR,12598.1,capital
FSM,ITA,13563.4,capital
FSM,JAM,13379.5,capital
FSM,JEY,13487.5,capital
FSM,JOR,12526.9,capital
FSM,JPN,3711.3,capital
FSM,KAZ,9179.6,capital
FSM,KEN,13483.8,capital
FSM,KGZ,8961.3,capital
FSM,KHM,5858.8,capital
FSM,KIR,1755.3,centroid
FSM,KNA,14777.8,capital
FSM,KOR,4636.3,capital
FSM,KWT,11547.8,capital
FSM,LAO,6134.1,capital
FSM,LBN,12473.4,capital
FSM,LBR,18101.1,capital
FSM,LBY,14245.2,capital
FSM,LCA,15107.0,capital
FSM,LIE,13257.0,capital
FSM,LKA,8632.3,capital
FSM,LSO,14294.2,capital
FSM,LTU,11895.9,capital
FSM,LUX,13170.3,capital
FSM,LVA,11785.4,capital
FSM,MAC,5067.9,centroid
FSM,MAF,14704.3,capital
FSM,MAR,15196.5,capital
FSM,MCO,13659.8,capital
FSM,MDA,12221.6,capital
FSM,MDG,12421.4,capital
FSM,MDV,9362.6,capital
FSM,MEX,11069.3,capital
FSM,MHL,1459.0,capital
FSM,MKD,13027.9,capital
FSM,MLI,17357.0,capital
FSM,MLT,13925.5,capital
FSM,MMR,6648.6,centroid
FSM,MNE,13129.7,capital
FSM,MNG,6629.5,capital
FSM,MNP,1636.6,capital
FSM,MOZ,13887.5,capital
FSM,MRT,17160.6,capital
FSM,MSR,14856.3,capital
FSM,MTQ,15070.7,capital
FSM,MUS,11381.4,capital
FSM,MWI,13894.9,capital
FSM,MYS,6266.3,capital
FSM,MYT,12656.4,capital
FSM,NAM,15502.6,capital
FSM,NCL,3369.9,capital
FSM,NER,16528.5,capital
FSM,NFK,4136.2,capital
FSM,NGA,16310.4,capital
FSM,NIC,12586.5,capital
FSM,NIU,4535.9,capital
FSM,NLD,12951.4,capital
FSM,NOR,12049.2,capital
FSM,NPL,7963.5,capital
FSM,NRU,1279.2,capital
FSM,NZL,5622.2,capital
FSM,OMN,10683.4,capital
FSM,PAK,9130.6,capital
FSM,PAN,13382.9,capital
FSM,PCN,8524.3,capital
FSM,PER,13944.7,capital
FSM,PHL,4144.3,capital
FSM,PLW,2597.0,capital
FSM,PNG,2194.1,capital
FSM,POL,12288.7,capital
FSM,PRI,14399.8,capital
FSM,PRK,4822.4,capital
FSM,PRT,14772.6,capital
FSM,PRY,15701.6,capital
FSM,PSE,12593.0,capital
FSM,PYF,6351.2,capital
FSM,QAT,11325.4,capital
FSM,REU,11598.0,capital
FSM,ROU,12562.9,capital
FSM,RUS,11188.1,capital
FSM,RWA,14238.2,capital
FSM,SAU,11811.1,capital
FSM,SDN,13527.3,capital
FSM,SEN,17562.9,capital
FSM,SGP,6052.3,capital
FSM,SGS,14553.9,centroid
FSM,SHN,17995.0,capital
FSM,SJM,10279.9,capital
FSM,SLB,1829.7,capital
FSM,SLE,18053.9,capital
FSM,SLV,12237.6,capital
FSM,SMR,13410.8,centroid
FSM,SOM,12493.9,capital
FSM,SPM,13150.0,capital
FSM,SRB,12881.5,capital
FSM,SSD,13943.7,capital
FSM,STP,16744.6,capital
FSM,SUR,16053.0,capital
FSM,SVK,12806.4,capital
FSM,SVN,13111.3,capital
FSM,SWE,11847.0,capital
FSM,SWZ,14012.7,capital
FSM,SXM,14710.0,capital
FSM,SYC,11468.7,capital
FSM,SYR,12425.4,capital
FSM,TCA,13781.4,capital
FSM,TCD,15420.9,capital
FSM,TGO,17073.5,capital
FSM,THA,6339.3,capital
FSM,TJK,9475.0,capital
FSM,TKL,3750.9,centroid
FSM,TKM,10382.3,capital
FSM,TLS,4001.4,capital
FSM,TON,4193.2,centroid
FSM,TTO,15207.0,capital
FSM,TUN,14120.4,capital
FSM,TUR,12371.9,capital
FSM,TUV,2895.9,capital
FSM,TWN,4381.3,capital
FSM,TZA,13657.8,capital
FSM,UGA,13925.3,capital
FSM,UKR,11902.0,capital
FSM,UMI,1652.7,centroid
FSM,UNK,12995.8,capital
FSM,URY,15325.9,capital
FSM,USA,10813.1,centroid
FSM,UZB,9412.5,capital
FSM,VAT,13565.6,capital
FSM,VCT,15125.3,capital
FSM,VEN,14666.2,capital
FSM,VGB,14541.8,capital
FSM,VIR,14516.9,capital
FSM,VNM,5830.6,capital
FSM,VUT,2728.5,centroid
FSM,WLF,3616.8,capital
FSM,WSM,4042.7,capital
FSM,YEM,11944.0,centroid
FSM,ZAF,14323.6,capital
FSM,ZMB,14478.6,capital
FSM,ZWE,14163.8,capital
GAB,GBR,5754.6,capital
GAB,GEO,5800.6,capital
GAB,GGY,5576.3,centroid
GAB,GHA,1215.4,capital
GAB,GIB,4259.2,capital
GAB,GIN,2754.1,capital
GAB,GLP,7986.8,capital
GAB,GMB,3213.5,capital
GAB,GNB,3044.7,capital
GAB,GNQ,381.4,capital
GAB,GRC,4427.9,capital
GAB,GRD,7947.1,centroid
GAB,GRL,8619.7,capital
GAB,GTM,11068.3,capital
GAB,GUF,6879.0,capital
GAB,GUM,14855.1,capital
GAB,GUY,7530.7,capital
GAB,HKG,11504.3,centroid
GAB,HMD,8288.8,centroid
GAB,HND,10715.1,capital
GAB,HRV,5090.9,capital
GAB,HTI,9128.6,capital
GAB,HUN,5319.5,capital
GAB,IDN,10829.3,capital
GAB,IMN,6112.7,capital
GAB,IND,7827.8,capital
GAB,IOT,6923.0,centroid
GAB,IRL,6062.8,capital
GAB,IRN,5845.3,capital
GAB,IRQ,5169.1,capital
GAB,ISL,7533.0,capital
GAB,ISR,4415.8,capital
GAB,ITA,4624.7,capital
GAB,JAM,9597.2,capital
GAB,JEY,5537.2,capital
GAB,JOR,4478.1,capital
GAB,JPN,13496.3,capital
GAB,KAZ,8068.3,capital
GAB,KEN,3048.1,capital
GAB,KGZ,7980.6,capital
GAB,KHM,10593.8,capital
GAB,KIR,18174.7,centroid
GAB,KNA,8104.8,capital
GAB,KOR,12368.3,capital
GAB,KWT,5198.3,capital
GAB,LAO,10326.8,capital
GAB,LBN,4608.7,capital
GAB,LBR,2340.9,capital
GAB,LBY,3634.4,capital
GAB,LCA,7890.7,capital
GAB,LIE,5198.3,capital
GAB,LKA,7838.6,capital
GAB,LSO,3818.0,capital
GAB,LTU,6207.8,capital
GAB,LUX,5481.9,capital
GAB,LVA,6423.0,capital
GAB,MAC,11440.1,centroid
GAB,MAF,8150.2,capital
GAB,MAR,4105.5,capital
GAB,MCO,4823.9,capital
GAB,MDA,5515.1,capital
GAB,MDG,4677.4,capital
GAB,MDV,7127.4,capital
GAB,MEX,11936.8,capital
GAB,MHL,17844.6,capital
GAB,MKD,4779.4,capital
GAB,MLI,2353.3,capital
GAB,MLT,3982.7,capital
GAB,MMR,9841.3,centroid
GAB,MNE,4777.4,capital
GAB,MNG,10528.0,capital
GAB,MNP,14910.5,capital
GAB,MOZ,3840.2,capital
GAB,MRT,3404.6,capital
GAB,MSR,8044.7,capital
GAB,MTQ,7903.4,capital
GAB,MUS,5704.6,capital
GAB,MWI,3118.9,capital
GAB,MYS,10253.1,capital
GAB,MYT,4208.1,capital
GAB,NAM,2682.6,capital
GAB,NCL,16533.5,capital
GAB,NER,1668.2,capital
GAB,NFK,16096.2,capital
GAB,NGA,987.6,capital
GAB,NIC,10618.4,capital
GAB,NIU,17939.0,capital
GAB,NLD,5795.7,capital
GAB,NOR,6619.3,capital
GAB,NPL,8598.5,capital
GAB,NRU,17510.1,capital
GAB,NZL,15234.1,capital
GAB,OMN,5871.6,capital
GAB,PAK,7567.1,capital
GAB,PAN,9888.0,capital
GAB,PCN,14878.7,capital
GAB,PER,9634.1,capital
GAB,PHL,12308.6,capital
GAB,PLW,13872.9,capital
GAB,PNG,15226.8,capital
GAB,POL,5864.1,capital
GAB,PRI,8472.0,capital
GAB,PRK,12216.8,capital
GAB,PRT,4665.3,capital
GAB,PRY,7737.0,capital
GAB,PSE,4425.7,capital
GAB,PYF,17032.1,capital
GAB,QAT,5295.2,capital
GAB,REU,5527.9,capital
GAB,ROU,5165.7,capital
GAB,RUS,6658.5,capital
GAB,RWA,2305.6,capital
GAB,SAU,4832.0,capital
GAB,SDN,3042.8,capital
GAB,SEN,3356.9,capital
GAB,SGP,10495.3,capital
GAB,SGS,7424.1,centroid
GAB,SHN,2462.9,capital
GAB,SJM,8662.2,capital
GAB,SLB,16599.0,capital
GAB,SLE,2669.4,capital
GAB,SLV,10930.4,capital
GAB,SMR,4831.9,centroid
GAB,SOM,3993.9,capital
GAB,SPM,8149.3,capital
GAB,SRB,5056.2,capital
GAB,SSD,2506.9,capital
GAB,STP,302.9,capital
GAB,SUR,7196.4,capital
GAB,SVK,5361.2,capital
GAB,SVN,5101.0,capital
GAB,SWE,6596.2,capital
GAB,SWZ,3787.7,capital
GAB,SXM,8145.9,capital
GAB,SYC,5140.1,capital
GAB,SYR,4626.2,capital
GAB,TCA,9018.8,capital
GAB,TCD,1441.3,capital
GAB,TGO,1114.1,capital
GAB,THA,10110.3,capital
GAB,TJK,7362.7,capital
GAB,TKL,19044.5,centroid
GAB,TKM,6506.7,capital
GAB,TLS,12884.4,capital
GAB,TON,17781.6,centroid
GAB,TTO,7921.2,capital
GAB,TUN,4051.1,capital
GAB,TUR,4993.6,capital
GAB,TUV,18562.9,capital
GAB,TWN,12201.0,capital
GAB,TZA,3007.4,capital
GAB,UGA,2571.8,capital
GAB,UKR,5912.7,capital
GAB,UMI,16699.9,centroid
GAB,UNK,4844.6,capital
GAB,URY,7835.7,capital
GAB,USA,11414.0,centroid
GAB,UZB,7503.2,capital
GAB,VAT,4625.5,capital
GAB,VCT,7907.4,capital
GAB,VEN,8505.6,capital
GAB,VGB,8315.5,capital
GAB,VIR,8347.3,capital
GAB,VNM,10654.6,capital
GAB,VUT,17002.3,centroid
GAB,WLF,18453.5,capital
GAB,WSM,18514.5,capital
GAB,YEM,4534.7,centroid
GAB,ZAF,3534.5,capital
GAB,ZMB,2714.3,capital
GAB,ZWE,3112.6,capital
GBR,GEO,3541.2,capital
GBR,GGY,285.9,centroid
GBR,GHA,5109.7,capital
GBR,GIB,1757.9,capital
GBR,GIN,4827.5,capital
GBR,GLP,6670.2,capital
GBR,GMB,4481.6,capital
GBR,GNB,4624.4,capital
GBR,GNQ,5374.0,capital
GBR,GRC,2391.6,capital
GBR,GRD,7003.2,centroid
GBR,GRL,3246.4,capital
GBR,GTM,8765.2,capital
GBR,GUF,7052.6,capital
GBR,GUM,12033.4,capital
GBR,GUY,7246.3,capital
GBR,HKG,9628.7,centroid
GBR,HMD,13450.0,centroid
GBR,HND,8586.7,capital
GBR,HRV,1337.5,capital
GBR,HTI,7181.5,capital
GBR,HUN,1449.1,capital
GBR,IDN,11718.5,capital
GBR,IMN,414.6,capital
GBR,IND,6710.9,capital
GBR,IOT,9284.1,centroid
GBR,IRL,461.9,capital
GBR,IRN,4398.3,capital
GBR,IRQ,4090.4,capital
GBR,ISL,1887.1,capital
GBR,ISR,3609.9,capital
GBR,ITA,1435.5,capital
GBR,JAM,7535.7,capital
GBR,JEY,293.7,capital
GBR,JOR,3641.0,capital
GBR,JPN,9558.5,capital
GBR,KAZ,4764.5,capital
GBR,KEN,6819.4,capital
GBR,KGZ,5476.5,capital
GBR,KHM,10016.3,capital
GBR,KIR,14094.4,centroid
GBR,KNA,6626.1,capital
GBR,KOR,8857.2,capital
GBR,KWT,4642.2,capital
GBR,LAO,9298.8,capital
GBR,LBN,3456.4,capital
GBR,LBR,5122.2,capital
GBR,LBY,2334.7,capital
GBR,LCA,6794.7,capital
GBR,LIE,850.2,capital
GBR,LKA,8711.2,capital
GBR,LSO,9384.4,capital
GBR,LTU,1722.6,capital
GBR,LUX,489.7,capital
GBR,LVA,1676.2,capital
GBR,MAC,9600.4,centroid
GBR,MAF,6584.7,capital
GBR,MAR,2018.9,capital
GBR,MCO,1031.6,capital
GBR,MDA,2146.9,capital
GBR,MDG,9094.3,capital
GBR,MDV,8516.6,capital
GBR,MEX,8928.8,capital
GBR,MHL,13448.8,capital
GBR,MKD,1942.1,capital
GBR,MLI,4382.8,capital
GBR,MLT,2088.5,capital
GBR,MMR,8648.9,centroid
GBR,MNE,1774.6,capital
GBR,MNG,6971.0,capital
GBR,MNP,11894.2,capital
GBR,MOZ,9188.9,capital
GBR,MRT,3969.2,capital
GBR,MSR,6641.8,capital
GBR,MTQ,6746.4,capital
GBR,MUS,9733.0,capital
GBR,MWI,7983.8,capital
GBR,MYS,10545.4,capital
GBR,MYT,8375.6,capital
GBR,NAM,8405.8,capital
GBR,NCL,16564.6,capital
GBR,NER,4229.6,capital
GBR,NFK,17329.7,capital
GBR,NGA,4771.3,capital
GBR,NIC,8688.0,capital
GBR,NIU,16297.1,capital
GBR,NLD,356.9,capital
GBR,NOR,1153.3,capital
GBR,NPL,7332.8,capital
GBR,NRU,14220.1,capital
GBR,NZL,18813.8,capital
GBR,OMN,5820.5,capital
GBR,PAK,6031.0,capital
GBR,PAN,8492.9,capital
GBR,PCN,14892.6,capital
GBR,PER,10169.2,capital
GBR,PHL,10734.3,capital
GBR,PLW,12165.3,capital
GBR,PNG,14476.7,capital
GBR,POL,1448.3,capital
GBR,PRI,6758.0,capital
GBR,PRK,8662.4,capital
GBR,PRT,1585.2,capital
GBR,PRY,10212.3,capital
GBR,PSE,3598.4,capital
GBR,PYF,15380.5,capital
GBR,QAT,5213.6,capital
GBR,REU,9690.5,capital
GBR,ROU,2091.2,capital
GBR,RUS,2500.4,capital
GBR,RWA,6590.0,capital
GBR,SAU,4944.2,capital
GBR,SDN,4935.3,capital
GBR,SEN,4375.6,capital
GBR,SGP,10855.2,capital
GBR,SGS,12272.6,centroid
GBR,SHN,7517.9,capital
GBR,SJM,3037.6,capital
GBR,SLB,14997.0,capital
GBR,SLE,4931.7,capital
GBR,SLV,8756.3,capital
GBR,SMR,1271.2,centroid
GBR,SOM,6933.3,capital
GBR,SPM,4009.8,capital
GBR,SRB,1691.8,capital
GBR,SSD,5957.1,capital
GBR,STP,5726.3,capital
GBR,SUR,7142.1,capital
GBR,SVK,1287.8,capital
GBR,SVN,1228.7,capital
GBR,SWE,1432.6,capital
GBR,SWZ,9195.5,capital
GBR,SXM,6585.8,capital
GBR,SYC,8148.9,capital
GBR,SYR,3538.0,capital
GBR,TCA,6855.6,capital
GBR,TCD,4590.0,capital
GBR,TGO,5047.5,capital
GBR,THA,9531.8,capital
GBR,TJK,5391.0,capital
GBR,TKL,15230.4,centroid
GBR,TKM,4721.7,capital
GBR,TLS,13165.5,capital
GBR,TON,16483.1,centroid
GBR,TTO,7121.0,capital
GBR,TUN,1824.0,capital
GBR,TUR,2833.8,capital
GBR,TUV,15235.0,capital
GBR,TWN,9780.9,capital
GBR,TZA,7264.9,capital
GBR,UGA,6463.6,capital
GBR,UKR,2133.1,capital
GBR,UMI,12036.5,centroid
GBR,UNK,1877.4,capital
GBR,URY,11049.9,capital
GBR,USA,7223.8,centroid
GBR,UZB,5232.5,capital
GBR,VAT,1431.6,capital
GBR,VCT,6882.9,capital
GBR,VEN,7496.4,capital
GBR,VGB,6659.4,capital
GBR,VIR,6687.9,capital
GBR,VNM,9234.8,capital
GBR,VUT,15904.6,centroid
GBR,WLF,15749.6,capital
GBR,WSM,15759.3,capital
GBR,YEM,5876.9,centroid
GBR,ZAF,9025.3,capital
GBR,ZMB,7933.6,capital
GBR,ZWE,8283.6,capital
GEO,GGY,3725.0,centroid
GEO,GHA,5989.8,capital
GEO,GIB,4323.8,capital
GEO,GIN,6709.4,capital
GEO,GLP,10143.7,capital
GEO,GMB,6655.1,capital
GEO,GNB,6691.2,capital
GEO,GNQ,5533.0,capital
GEO,GRC,1843.6,capital
GEO,GRD,10439.6,centroid
GEO,GRL,6208.3,capital
GEO,GTM,12257.4,capital
GEO,GUF,10234.3,capital
GEO,GUM,9816.6,capital
GEO,GUY,10568.0,capital
GEO,HKG,6703.4,centroid
GEO,HMD,10869.3,centroid
GEO,HND,12104.3,capital
GEO,HRV,2349.1,capital
GEO,HTI,10721.2,capital
GEO,HUN,2130.5,capital
GEO,IDN,8223.5,capital
GEO,IMN,3835.4,capital
GEO,IND,3256.7,capital
GEO,IOT,5954.4,centroid
GEO,IRL,3952.7,capital
GEO,IRN,877.8,capital
GEO,IRQ,929.4,capital
GEO,ISL,4820.1,capital
GEO,ISR,1395.1,capital
GEO,ITA,2663.7,capital
GEO,JAM,11076.0,capital
GEO,JEY,3693.2,capital
GEO,JOR,1339.2,capital
GEO,JPN,7819.9,capital
GEO,KAZ,2278.5,capital
GEO,KEN,4846.4,capital
GEO,KGZ,2438.7,capital
GEO,KHM,6684.9,capital
GEO,KIR,12944.6,centroid
GEO,KNA,10118.1,capital
GEO,KOR,6771.2,capital
GEO,KWT,1399.3,capital
GEO,LAO,6034.0,capital
GEO,LBN,1192.0,capital
GEO,LBR,6730.4,capital
GEO,LBY,2946.1,capital
GEO,LCA,10242.8,capital
GEO,LIE,2843.7,capital
GEO,LKA,5178.8,capital
GEO,LSO,8094.3,capital
GEO,LTU,2033.7,capital
GEO,LUX,3096.2,capital
GEO,LVA,2247.8,capital
GEO,MAC,6657.1,centroid
GEO,MAF,10084.7,capital
GEO,MAR,4546.8,capital
GEO,MCO,3039.0,capital
GEO,MDA,1397.7,capital
GEO,MDG,6744.7,capital
GEO,MDV,5051.0,capital
GEO,MEX,12273.4,capital
GEO,MHL,12348.1,capital
GEO,MKD,1932.8,capital
GEO,MLI,6021.0,capital
GEO,MLT,2690.3,capital
GEO,MMR,5379.2,centroid
GEO,MNE,2104.5,capital
GEO,MNG,4810.9,capital
GEO,MNP,9765.3,capital
GEO,MOZ,7628.1,capital
GEO,MRT,6277.1,capital
GEO,MSR,10125.3,capital
GEO,MTQ,10201.1,capital
GEO,MUS,7000.4,capital
GEO,MWI,6292.0,capital
GEO,MYS,7075.5,capital
GEO,MYT,6057.3,capital
GEO,NAM,7694.6,capital
GEO,NCL,14222.3,capital
GEO,NER,5166.6,capital
GEO,NFK,14769.7,capital
GEO,NGA,5147.2,capital
GEO,NIC,12217.6,capital
GEO,NIU,15884.0,capital
GEO,NLD,3202.6,capital
GEO,NOR,3078.2,capital
GEO,NPL,3970.2,capital
GEO,NRU,12650.8,capital
GEO,NZL,15905.8,capital
GEO,OMN,2374.2,capital
GEO,PAK,2620.9,capital
GEO,PAN,12030.6,capital
GEO,PCN,18108.5,capital
GEO,PER,13523.6,capital
GEO,PHL,7792.6,capital
GEO,PLW,9436.3,capital
GEO,PNG,11727.1,capital
GEO,POL,2139.0,capital
GEO,PRI,10278.1,capital
GEO,PRK,6594.8,capital
GEO,PRT,4520.6,capital
GEO,PRY,12839.6,capital
GEO,PSE,1383.9,capital
GEO,PYF,16999.4,capital
GEO,QAT,1925.5,capital
GEO,REU,7043.3,capital
GEO,ROU,1548.1,capital
GEO,RUS,1648.5,capital
GEO,RWA,5076.4,capital
GEO,SAU,1898.7,capital
GEO,SDN,3137.0,capital
GEO,SEN,6637.0,capital
GEO,SGP,7390.7,capital
GEO,SGS,13196.4,centroid
GEO,SHN,8240.9,capital
GEO,SJM,4264.9,capital
GEO,SLB,12780.8,capital
GEO,SLE,6753.9,capital
GEO,SLV,12263.7,capital
GEO,SMR,2640.9,centroid
GEO,SOM,4409.7,capital
GEO,SPM,7475.8,capital
GEO,SRB,1996.0,capital
GEO,SSD,4302.5,capital
GEO,STP,5975.2,capital
GEO,SUR,10396.6,capital
GEO,SVK,2283.6,capital
GEO,SVN,2463.3,capital
GEO,SWE,2690.0,capital
GEO,SWZ,7707.6,capital
GEO,SXM,10085.2,capital
GEO,SYC,5261.0,capital
GEO,SYR,1179.4,capital
GEO,TCA,10396.7,capital
GEO,TCD,4377.0,capital
GEO,TGO,5839.2,capital
GEO,THA,6165.1,capital
GEO,TJK,2059.3,capital
GEO,TKL,14897.5,centroid
GEO,TKM,1228.0,capital
GEO,TLS,9881.1,capital
GEO,TON,15570.1,centroid
GEO,TTO,10540.2,capital
GEO,TUN,3012.8,capital
GEO,TUR,1026.5,capital
GEO,TUV,14226.9,capital
GEO,TWN,7123.6,capital
GEO,TZA,5401.9,capital
GEO,UGA,4762.3,capital
GEO,UKR,1467.9,capital
GEO,UMI,10976.8,centroid
GEO,UNK,1946.8,capital
GEO,URY,13326.2,capital
GEO,USA,10346.4,centroid
GEO,UZB,2025.0,capital
GEO,VAT,2668.2,capital
GEO,VCT,10325.0,capital
GEO,VEN,10970.5,capital
GEO,VGB,10171.4,capital
GEO,VIR,10201.1,capital
GEO,VNM,6093.2,capital
GEO,VUT,13836.6,centroid
GEO,WLF,14958.6,capital
GEO,WSM,15325.7,capital
GEO,YEM,2983.5,centroid
GEO,ZAF,7691.9,capital
GEO,ZMB,6572.8,capital
GEO,ZWE,6768.5,capital
GGY,GHA,4887.8,centroid
GGY,GIB,1498.2,centroid
GGY,GIN,4557.5,centroid
GGY,GLP,6450.0,centroid
GGY,GMB,4203.6,centroid
GGY,GNB,4349.0,centroid
GGY,GNQ,5195.0,centroid
GGY,GRC,2450.8,centroid
GGY,GRD,6774.2,centroid
GGY,GRL,3293.4,centroid
GGY,GTM,8628.2,centroid
GGY,GUF,6790.5,centroid
GGY,GUM,12319.1,centroid
GGY,GUY,6998.8,centroid
GGY,HKG,9898.7,centroid
GGY,HMD,13398.3,centroid
GGY,HND,8437.3,centroid
GGY,HRV,1444.5,centroid
GGY,HTI,6998.7,centroid
GGY,HUN,1603.1,centroid
GGY,IDN,11929.9,centroid
GGY,IMN,536.8,centroid
GGY,IND,6925.5,centroid
GGY,IOT,9383.4,centroid
GGY,IRL,499.3,centroid
GGY,IRN,4569.3,centroid
GGY,IRQ,4224.4,centroid
GGY,ISL,1993.3,centroid
GGY,ISR,3692.0,centroid
GGY,ITA,1439.5,centroid
GGY,JAM,7364.8,centroid
GGY,JEY,46.5,centroid
GGY,JOR,3728.1,centroid
GGY,JPN,9842.5,centroid
GGY,KAZ,5029.5,centroid
GGY,KEN,6781.2,centroid
GGY,KGZ,5724.1,centroid
GGY,KHM,10256.8,centroid
GGY,KIR,14341.3,centroid
GGY,KNA,6412.0,centroid
GGY,KOR,9143.1,centroid
GGY,KWT,4770.3,centroid
GGY,LAO,9545.1,centroid
GGY,LBN,3553.6,centroid
GGY,LBR,4861.2,centroid
GGY,LBY,2257.4,centroid
GGY,LCA,6568.0,centroid
GGY,LIE,930.7,centroid
GGY,LKA,8875.6,centroid
GGY,LSO,9252.3,centroid
GGY,LTU,1975.7,centroid
GGY,LUX,628.8,centroid
GGY,LVA,1945.7,centroid
GGY,MAC,9869.5,centroid
GGY,MAF,6373.6,centroid
GGY,MAR,1753.4,centroid
GGY,MCO,993.6,centroid
GGY,MDA,2327.5,centroid
GGY,MDG,9062.2,centroid
GGY,MDV,8652.3,centroid
GGY,MEX,8835.3,centroid
GGY,MHL,13699.0,centroid
GGY,MKD,2029.2,centroid
GGY,MLI,4128.1,centroid
GGY,MLT,2046.9,centroid
GGY,MMR,8893.1,centroid
GGY,MNE,1851.9,centroid
GGY,MNG,7254.4,centroid
GGY,MNP,12179.5,centroid
GGY,MOZ,9081.2,centroid
GGY,MRT,3689.9,centroid
GGY,MSR,6424.8,centroid
GGY,MTQ,6521.3,centroid
GGY,MUS,9737.9,centroid
GGY,MWI,7902.9,centroid
GGY,MYS,10763.0,centroid
GGY,MYT,8348.5,centroid
GGY,NAM,8242.1,centroid
GGY,NCL,16841.7,centroid
GGY,NER,4020.7,centroid
GGY,NFK,17608.5,centroid
GGY,NGA,4589.7,centroid
GGY,NIC,8530.1,centroid
GGY,NIU,16449.7,centroid
GGY,NLD,615.1,centroid
GGY,NOR,1437.6,centroid
GGY,NPL,7563.0,centroid
GGY,NRU,14484.6,centroid
GGY,NZL,19082.6,centroid
GGY,OMN,5964.0,centroid
GGY,PAK,6250.5,centroid
GGY,PAN,8306.1,centroid
GGY,PCN,14776.0,centroid
GGY,PER,9932.0,centroid
GGY,PHL,11006.0,centroid
GGY,PLW,12446.9,centroid
GGY,PNG,14761.0,centroid
GGY,POL,1676.9,centroid
GGY,PRI,6556.5,centroid
GGY,PRK,8948.2,centroid
GGY,PRT,1303.2,centroid
GGY,PRY,9931.9,centroid
GGY,PSE,3681.3,centroid
GGY,PYF,15397.2,centroid
GGY,QAT,5337.8,centroid
GGY,REU,9685.3,centroid
GGY,ROU,2233.6,centroid
GGY,RUS,2760.4,centroid
GGY,RWA,6515.6,centroid
GGY,SAU,5045.5,centroid
GGY,SDN,4923.9,centroid
GGY,SEN,4095.6,centroid
GGY,SGP,11074.6,centroid
GGY,SGS,11998.4,centroid
GGY,SHN,7277.8,centroid
GGY,SJM,3284.7,centroid
GGY,SLB,15278.3,centroid
GGY,SLE,4663.3,centroid
GGY,SLV,8612.2,centroid
GGY,SMR,1306.0,centroid
GGY,SOM,6946.3,centroid
GGY,SPM,3904.7,centroid
GGY,SRB,1810.7,centroid
GGY,SSD,5907.1,centroid
GGY,STP,5534.7,centroid
GGY,SUR,6886.7,centroid
GGY,SVK,1445.2,centroid
GGY,SVN,1329.3,centroid
GGY,SWE,1716.7,centroid
GGY,SWZ,9081.7,centroid
GGY,SXM,6374.4,centroid
GGY,SYC,8188.3,centroid
GGY,SYR,3636.7,centroid
GGY,TCA,6677.8,centroid
GGY,TCD,4458.1,centroid
GGY,TGO,4832.2,centroid
GGY,THA,9766.7,centroid
GGY,TJK,5616.3,centroid
GGY,TKL,15409.2,centroid
GGY,TKM,4922.1,centroid
GGY,TLS,13418.3,centroid
GGY,TON,16670.0,centroid
GGY,TTO,6888.6,centroid
GGY,TUN,1740.7,centroid
GGY,TUR,2962.6,centroid
GGY,TUV,15459.5,centroid
GGY,TWN,10060.5,centroid
GGY,TZA,7209.6,centroid
GGY,UGA,6407.5,centroid
GGY,UKR,2351.1,centroid
GGY,UMI,12294.7,centroid
GGY,UNK,1971.3,centroid
GGY,URY,10765.1,centroid
GGY,USA,7186.4,centroid
GGY,UZB,5467.2,centroid
GGY,VAT,1435.2,centroid
GGY,VCT,6655.0,centroid
GGY,VEN,7277.5,centroid
GGY,VGB,6453.6,centroid
GGY,VIR,6482.7,centroid
GGY,VNM,9491.3,centroid
GGY,VUT,16176.4,centroid
GGY,WLF,15949.0,centroid
GGY,WSM,15931.8,centroid
GGY,YEM,5945.1,centroid
GGY,ZAF,8900.8,centroid
GGY,ZMB,7825.4,centroid
GGY,ZWE,8183.5,centroid
GHA,GIB,3441.8,capital
GHA,GIN,1550.2,capital
GHA,GLP,6798.3,capital
GHA,GMB,1998.1,capital
GHA,GNB,1831.3,capital
GHA,GNQ,1015.0,capital
GHA,GRC,4341.5,capital
GHA,GRD,6780.7,centroid
GHA,GRL,7682.9,capital
GHA,GTM,9885.5,capital
GHA,GUF,5771.7,capital
GHA,GUM,15604.3,capital
GHA,GUY,6405.1,capital
GHA,HKG,12242.1,centroid
GHA,HMD,9368.4,centroid
GHA,HND,9536.2,capital
GHA,HRV,4740.9,capital
GHA,HTI,7931.2,capital
GHA,HUN,5011.3,capital
GHA,IDN,11951.8,capital
GHA,IMN,5417.2,capital
GHA,IND,8484.5,capital
GHA,IOT,8061.4,centroid
GHA,IRL,5341.0,capital
GHA,IRN,6233.2,capital
GHA,IRQ,5539.0,capital
GHA,ISL,6741.0,capital
GHA,ISR,4694.3,capital
GHA,ITA,4231.7,capital
GHA,JAM,8402.1,capital
GHA,JEY,4855.0,capital
GHA,JOR,4764.1,capital
GHA,JPN,13807.9,capital
GHA,KAZ,8253.0,capital
GHA,KEN,4180.0,capital
GHA,KGZ,8349.7,capital
GHA,KHM,11517.7,capital
GHA,KIR,18932.5,centroid
GHA,KNA,6910.7,capital
GHA,KOR,12752.8,capital
GHA,KWT,5698.5,capital
GHA,LAO,11159.6,capital
GHA,LBN,4841.1,capital
GHA,LBR,1175.3,capital
GHA,LBY,3340.4,capital
GHA,LCA,6712.6,capital
GHA,LIE,4716.6,capital
GHA,LKA,8838.4,capital
GHA,LSO,4876.4,capital
GHA,LTU,5920.8,capital
GHA,LUX,4934.5,capital
GHA,LVA,6097.6,capital
GHA,MAC,12181.6,centroid
GHA,MAF,6953.1,capital
GHA,MAR,3237.4,capital
GHA,MCO,4310.6,capital
GHA,MDA,5380.5,capital
GHA,MDG,5892.7,capital
GHA,MDV,8162.6,capital
GHA,MEX,10732.3,capital
GHA,MHL,18326.7,capital
GHA,MKD,4581.4,capital
GHA,MLI,1159.1,capital
GHA,MLT,3693.8,capital
GHA,MMR,10615.6,centroid
GHA,MNE,4528.1,capital
GHA,MNG,10800.3,capital
GHA,MNP,15610.3,capital
GHA,MOZ,4978.1,capital
GHA,MRT,2208.4,capital
GHA,MSR,6853.1,capital
GHA,MTQ,6721.9,capital
GHA,MUS,6919.5,capital
GHA,MWI,4332.7,capital
GHA,MYS,11286.1,capital
GHA,MYT,5416.9,capital
GHA,NAM,3647.8,capital
GHA,NCL,17666.6,capital
GHA,NER,920.2,capital
GHA,NFK,17120.8,capital
GHA,NGA,933.3,capital
GHA,NIC,9450.5,capital
GHA,NIU,18146.3,capital
GHA,NLD,5226.8,capital
GHA,NOR,6115.0,capital
GHA,NPL,9280.4,capital
GHA,NRU,18481.1,capital
GHA,NZL,16010.7,capital
GHA,OMN,6568.8,capital
GHA,PAK,8116.6,capital
GHA,PAN,8742.4,capital
GHA,PCN,14263.1,capital
GHA,PER,8714.6,capital
GHA,PHL,13155.3,capital
GHA,PLW,14797.1,capital
GHA,PNG,16390.8,capital
GHA,POL,5542.5,capital
GHA,PRI,7274.0,capital
GHA,PRK,12580.2,capital
GHA,PRT,3797.0,capital
GHA,PRY,7084.8,capital
GHA,PSE,4700.8,capital
GHA,PYF,16430.2,capital
GHA,QAT,5917.5,capital
GHA,REU,6743.3,capital
GHA,ROU,5023.5,capital
GHA,RUS,6504.6,capital
GHA,RWA,3462.3,capital
GHA,SAU,5431.1,capital
GHA,SDN,3740.0,capital
GHA,SEN,2141.9,capital
GHA,SGP,11547.3,capital
GHA,SGS,7496.8,centroid
GHA,SHN,2464.7,capital
GHA,SJM,8131.7,capital
GHA,SLB,17784.9,capital
GHA,SLE,1475.2,capital
GHA,SLV,9752.9,capital
GHA,SMR,4424.5,centroid
GHA,SOM,5066.5,capital
GHA,SPM,7020.3,capital
GHA,SRB,4803.4,capital
GHA,SSD,3519.6,capital
GHA,STP,963.3,capital
GHA,SUR,6079.6,capital
GHA,SVK,5012.5,capital
GHA,SVN,4720.4,capital
GHA,SWE,6179.1,capital
GHA,SWZ,4910.5,capital
GHA,SXM,6948.9,capital
GHA,SYC,6282.4,capital
GHA,SYR,4880.5,capital
GHA,TCA,7812.0,capital
GHA,TCD,1825.2,capital
GHA,TGO,169.3,capital
GHA,THA,11008.4,capital
GHA,TJK,7799.8,capital
GHA,TKL,19033.4,centroid
GHA,TKM,6899.8,capital
GHA,TLS,14025.8,capital
GHA,TON,18313.6,centroid
GHA,TTO,6764.7,capital
GHA,TUN,3632.7,capital
GHA,TUR,5050.1,capital
GHA,TUV,19678.3,capital
GHA,TWN,12861.4,capital
GHA,TZA,4196.6,capital
GHA,UGA,3685.0,capital
GHA,UKR,5751.6,capital
GHA,UMI,16897.7,centroid
GHA,UNK,4632.2,capital
GHA,URY,7377.7,capital
GHA,USA,10219.7,centroid
GHA,UZB,7885.7,capital
GHA,VAT,4231.1,capital
GHA,VCT,6734.4,capital
GHA,VEN,7350.9,capital
GHA,VGB,7117.3,capital
GHA,VIR,7149.5,capital
GHA,VNM,11433.4,capital
GHA,VUT,18199.0,centroid
GHA,WLF,19049.5,capital
GHA,WSM,18711.5,capital
GHA,YEM,5365.1,centroid
GHA,ZAF,4636.5,capital
GHA,ZMB,3908.3,capital
GHA,ZWE,4303.6,capital
GIB,GIN,3075.8,capital
GIB,GLP,5968.5,capital
GIB,GMB,2760.8,capital
GIB,GNB,2889.0,capital
GIB,GNQ,3882.0,capital
GIB,GRC,2577.9,capital
GIB,GRD,6207.5,centroid
GIB,GRL,4372.2,capital
GIB,GTM,8627.0,capital
GIB,GUF,5910.6,capital
GIB,GUM,13667.1,capital
GIB,GUY,6261.8,capital
GIB,HKG,10934.3,centroid
GIB,HMD,12420.7,centroid
GIB,HND,8368.1,capital
GIB,HRV,2078.8,capital
GIB,HTI,6767.7,capital
GIB,HUN,2367.8,capital
GIB,IDN,12402.6,capital
GIB,IMN,2003.2,capital
GIB,IND,7563.8,capital
GIB,IOT,9234.6,centroid
GIB,IRL,1912.5,capital
GIB,IRN,5036.2,capital
GIB,IRQ,4507.0,capital
GIB,ISL,3304.9,capital
GIB,ISR,3746.1,capital
GIB,ITA,1666.3,capital
GIB,JAM,7199.1,capital
GIB,JEY,1474.1,capital
GIB,JOR,3804.6,capital
GIB,JPN,11247.8,capital
GIB,KAZ,6103.4,capital
GIB,KEN,6025.2,capital
GIB,KGZ,6637.5,capital
GIB,KHM,11004.5,capital
GIB,KIR,15835.0,centroid
GIB,KNA,5978.6,capital
GIB,KOR,10463.1,capital
GIB,KWT,4981.5,capital
GIB,LAO,10357.0,capital
GIB,LBN,3701.4,capital
GIB,LBR,3364.6,capital
GIB,LBY,1733.9,capital
GIB,LCA,6028.6,capital
GIB,LIE,1733.0,capital
GIB,LKA,9123.7,capital
GIB,LSO,8047.6,capital
GIB,LTU,3113.5,capital
GIB,LUX,1761.2,capital
GIB,LVA,3181.6,capital
GIB,MAC,10895.4,centroid
GIB,MAF,5964.8,capital
GIB,MAR,272.6,capital
GIB,MCO,1375.3,capital
GIB,MDA,3060.8,capital
GIB,MDG,8267.5,capital
GIB,MDV,8734.3,capital
GIB,MEX,9073.7,capital
GIB,MHL,15195.5,capital
GIB,MKD,2391.0,capital
GIB,MLI,2630.2,capital
GIB,MLT,1783.8,capital
GIB,MMR,9701.4,centroid
GIB,MNE,2221.7,capital
GIB,MNG,8510.3,capital
GIB,MNP,13547.4,capital
GIB,MOZ,7970.2,capital
GIB,MRT,2263.0,capital
GIB,MSR,5968.3,capital
GIB,MTQ,5996.3,capital
GIB,MUS,9096.0,capital
GIB,MWI,6923.1,capital
GIB,MYS,11316.1,capital
GIB,MYT,7595.9,capital
GIB,NAM,6940.6,capital
GIB,NCL,18281.4,capital
GIB,NER,2624.4,capital
GIB,NFK,19009.1,capital
GIB,NGA,3280.3,capital
GIB,NIC,8405.2,capital
GIB,NIU,17588.1,capital
GIB,NLD,1975.8,capital
GIB,NOR,2883.6,capital
GIB,NPL,8293.6,capital
GIB,NRU,15977.8,capital
GIB,NZL,19443.2,capital
GIB,OMN,6196.1,capital
GIB,PAK,6943.9,capital
GIB,PAN,8000.7,capital
GIB,PCN,14657.9,capital
GIB,PER,9207.6,capital
GIB,PHL,12044.4,capital
GIB,PLW,13612.3,capital
GIB,PNG,15954.3,capital
GIB,POL,2732.8,capital
GIB,PRI,6212.6,capital
GIB,PRK,10268.5,capital
GIB,PRT,441.2,capital
GIB,PRY,8759.6,capital
GIB,PSE,3740.4,capital
GIB,PYF,15940.4,capital
GIB,QAT,5492.4,capital
GIB,REU,8997.9,capital
GIB,ROU,2802.5,capital
GIB,RUS,3881.4,capital
GIB,RWA,5602.0,capital
GIB,SAU,5091.3,capital
GIB,SDN,4387.0,capital
GIB,SEN,2670.9,capital
GIB,SGP,11632.3,capital
GIB,SGS,10524.1,centroid
GIB,SHN,5790.0,capital
GIB,SJM,4782.1,capital
GIB,SLB,16694.4,capital
GIB,SLE,3177.4,capital
GIB,SLV,8569.2,capital
GIB,SMR,1730.3,centroid
GIB,SOM,6432.5,capital
GIB,SPM,4316.3,capital
GIB,SRB,2373.4,capital
GIB,SSD,5129.2,capital
GIB,STP,4172.4,capital
GIB,SUR,6076.3,capital
GIB,SVK,2268.6,capital
GIB,SVN,1986.8,capital
GIB,SWE,3081.4,capital
GIB,SWZ,7946.9,capital
GIB,SXM,5964.0,capital
GIB,SYC,7762.9,capital
GIB,SYR,3783.4,capital
GIB,TCA,6493.7,capital
GIB,TCD,3364.5,capital
GIB,TGO,3404.3,capital
GIB,THA,10479.7,capital
GIB,TJK,6371.9,capital
GIB,TKL,16708.3,centroid
GIB,TKM,5545.4,capital
GIB,TLS,14194.5,capital
GIB,TON,17955.7,centroid
GIB,TTO,6289.5,capital
GIB,TUN,1387.9,capital
GIB,TUR,3346.9,capital
GIB,TUV,16909.5,capital
GIB,TWN,11220.6,capital
GIB,TZA,6360.8,capital
GIB,UGA,5581.6,capital
GIB,UKR,3266.3,capital
GIB,UMI,13792.5,centroid
GIB,UNK,2379.7,capital
GIB,URY,9492.5,capital
GIB,USA,7764.5,centroid
GIB,UZB,6293.3,capital
GIB,VAT,1662.1,capital
GIB,VCT,6101.7,capital
GIB,VEN,6774.8,capital
GIB,VGB,6081.7,capital
GIB,VIR,6114.5,capital
GIB,VNM,10395.7,capital
GIB,VUT,17650.7,centroid
GIB,WLF,17312.6,capital
GIB,WSM,17188.6,capital
GIB,YEM,5761.3,centroid
GIB,ZAF,7729.0,capital
GIB,ZMB,6734.5,capital
GIB,ZWE,7118.1,capital
GIN,GLP,5249.5,capital
GIN,GMB,537.9,capital
GIN,GNB,333.0,capital
GIN,GNQ,2561.2,capital
GIN,GRC,4891.8,capital
GIN,GRD,5242.7,centroid
GIN,GRL,6764.1,capital
GIN,GTM,8337.2,capital
GIN,GUF,4292.3,capital
GIN,GUM,16519.6,capital
GIN,GUY,4901.8,capital
GIN,HKG,13324.2,centroid
GIN,HMD,10602.2,centroid
GIN,HND,7989.3,capital
GIN,HRV,4921.8,capital
GIN,HTI,6381.1,capital
GIN,HUN,5219.8,capital
GIN,IDN,13460.6,capital
GIN,IMN,5027.6,capital
GIN,IND,9587.4,capital
GIN,IOT,9592.3,centroid
GIN,IRL,4915.1,capital
GIN,IRN,7148.1,capital
GIN,IRQ,6473.4,capital
GIN,ISL,6105.4,capital
GIN,ISR,5595.6,capital
GIN,ITA,4414.5,capital
GIN,JAM,6851.9,capital
GIN,JEY,4538.1,capital
GIN,JOR,5667.4,capital
GIN,JPN,14262.6,capital
GIN,KAZ,8843.8,capital
GIN,KEN,5718.5,capital
GIN,KGZ,9147.5,capital
GIN,KHM,12833.6,capital
GIN,KIR,18590.1,centroid
GIN,KNA,5360.7,capital
GIN,KOR,13369.2,capital
GIN,KWT,6749.7,capital
GIN,LAO,12382.4,capital
GIN,LBN,5685.7,capital
GIN,LBR,479.8,capital
GIN,LBY,3784.1,capital
GIN,LCA,5168.0,capital
GIN,LIE,4718.8,capital
GIN,LKA,10263.7,capital
GIN,LSO,6172.6,capital
GIN,LTU,6077.5,capital
GIN,LUX,4818.0,capital
GIN,LVA,6189.9,capital
GIN,MAC,13270.1,centroid
GIN,MAF,5402.9,capital
GIN,MAR,2809.8,capital
GIN,MCO,4314.5,capital
GIN,MDA,5773.7,capital
GIN,MDG,7416.7,capital
GIN,MDV,9622.9,capital
GIN,MEX,9184.1,capital
GIN,MHL,18083.2,capital
GIN,MKD,4973.7,capital
GIN,MLI,709.7,capital
GIN,MLT,4086.6,capital
GIN,MMR,11786.9,centroid
GIN,MNE,4862.7,capital
GIN,MNG,11376.0,capital
GIN,MNP,16450.0,capital
GIN,MOZ,6369.9,capital
GIN,MRT,982.4,capital
GIN,MSR,5303.5,capital
GIN,MTQ,5175.7,capital
GIN,MUS,8453.0,capital
GIN,MWI,5851.9,capital
GIN,MYS,12718.1,capital
GIN,MYT,6962.1,capital
GIN,NAM,4895.5,capital
GIN,NCL,18598.8,capital
GIN,NER,1775.4,capital
GIN,NFK,17838.2,capital
GIN,NGA,2323.6,capital
GIN,NIC,7908.2,capital
GIN,NIU,17249.4,capital
GIN,NLD,5049.9,capital
GIN,NOR,5959.2,capital
GIN,NPL,10387.0,capital
GIN,NRU,19013.5,capital
GIN,NZL,16388.5,capital
GIN,OMN,7768.1,capital
GIN,PAK,9119.7,capital
GIN,PAN,7214.2,capital
GIN,PCN,13108.4,capital
GIN,PER,7399.6,capital
GIN,PHL,14341.5,capital
GIN,PLW,16025.4,capital
GIN,PNG,17912.8,capital
GIN,POL,5684.6,capital
GIN,PRI,5723.8,capital
GIN,PRK,13179.4,capital
GIN,PRT,3276.7,capital
GIN,PRY,6135.9,capital
GIN,PSE,5598.3,capital
GIN,PYF,15175.7,capital
GIN,QAT,7071.7,capital
GIN,REU,8270.9,capital
GIN,ROU,5439.2,capital
GIN,RUS,6788.7,capital
GIN,RWA,5009.3,capital
GIN,SAU,6584.5,capital
GIN,SDN,5050.6,capital
GIN,SEN,704.4,capital
GIN,SGP,12995.1,capital
GIN,SGS,7448.3,centroid
GIN,SHN,2963.8,capital
GIN,SJM,7812.9,capital
GIN,SLB,19316.1,capital
GIN,SLE,126.5,capital
GIN,SLV,8206.4,capital
GIN,SMR,4563.8,centroid
GIN,SOM,6574.3,capital
GIN,SPM,5757.8,capital
GIN,SRB,5104.1,capital
GIN,SSD,5016.5,capital
GIN,STP,2479.1,capital
GIN,SUR,4587.3,capital
GIN,SVK,5167.5,capital
GIN,SVN,4862.8,capital
GIN,SWE,6141.1,capital
GIN,SWZ,6284.1,capital
GIN,SXM,5398.7,capital
GIN,SYC,7819.0,capital
GIN,SYR,5744.0,capital
GIN,TCA,6264.9,capital
GIN,TCD,3148.4,capital
GIN,TGO,1684.1,capital
GIN,THA,12305.7,capital
GIN,TJK,8695.4,capital
GIN,TKL,17635.8,centroid
GIN,TKM,7787.7,capital
GIN,TLS,15541.6,capital
GIN,TON,17697.7,centroid
GIN,TTO,5233.7,capital
GIN,TUN,3866.9,capital
GIN,TUR,5692.7,capital
GIN,TUV,18597.2,capital
GIN,TWN,13823.6,capital
GIN,TZA,5746.8,capital
GIN,UGA,5219.7,capital
GIN,UKR,6082.0,capital
GIN,UMI,16808.3,centroid
GIN,UNK,5001.2,capital
GIN,URY,6661.5,capital
GIN,USA,8774.2,centroid
GIN,UZB,8718.2,capital
GIN,VAT,4412.1,capital
GIN,VCT,5192.5,capital
GIN,VEN,5819.7,capital
GIN,VGB,5567.2,capital
GIN,VIR,5599.4,capital
GIN,VNM,12588.3,capital
GIN,VUT,19292.8,centroid
GIN,WLF,18063.1,capital
GIN,WSM,17583.1,capital
GIN,YEM,6709.7,centroid
GIN,ZAF,5990.6,capital
GIN,ZMB,5390.5,capital
GIN,ZWE,5777.5,capital
GLP,GMB,4855.2,capital
GLP,GNB,4990.7,capital
GLP,GNQ,7810.7,capital
GLP,GRC,8531.7,capital
GLP,GRD,431.5,centroid
GLP,GRL,5412.3,capital
GLP,GTM,3087.9,capital
GLP,GUF,1601.4,capital
GLP,GUM,15631.8,capital
GLP,GUY,1093.8,capital
GLP,HKG,15737.2,centroid
GLP,HMD,14293.5,centroid
GLP,HND,2742.2,capital
GLP,HRV,7795.7,capital
GLP,HTI,1161.0,capital
GLP,HUN,8017.4,capital
GLP,IDN,18362.1,capital
GLP,IMN,6464.1,capital
GLP,IND,13375.1,capital
GLP,IOT,14803.2,centroid
GLP,IRL,6325.2,capital
GLP,IRN,10942.1,capital
GLP,IRQ,10464.6,capital
GLP,ISL,6143.6,capital
GLP,ISR,9712.9,capital
GLP,ITA,7535.6,capital
GLP,JAM,1616.5,capital
GLP,JEY,6476.8,capital
GLP,JOR,9772.4,capital
GLP,JPN,13840.8,capital
GLP,KAZ,11274.9,capital
GLP,KEN,10960.6,capital
GLP,KGZ,12096.5,capital
GLP,KHM,16616.7,capital
GLP,KIR,13703.0,centroid
GLP,KNA,179.0,capital
GLP,KOR,13989.8,capital
GLP,KWT,10949.7,capital
GLP,LAO,15866.9,capital
GLP,LBN,9668.4,capital
GLP,LBR,5645.8,capital
GLP,LBY,7663.6,capital
GLP,LCA,235.8,capital
GLP,LIE,7301.1,capital
GLP,LKA,15077.0,capital
GLP,LSO,10796.1,capital
GLP,LTU,8372.4,capital
GLP,LUX,7072.2,capital
GLP,LVA,8272.1,capital
GLP,MAC,15740.5,centroid
GLP,MAF,271.4,capital
GLP,MAR,5809.0,capital
GLP,MCO,7121.3,capital
GLP,MDA,8758.4,capital
GLP,MDG,12555.9,capital
GLP,MDV,14605.9,capital
GLP,MEX,3971.9,capital
GLP,MHL,13631.0,capital
GLP,MKD,8269.5,capital
GLP,MLI,5789.3,capital
GLP,MLT,7751.8,capital
GLP,MMR,15247.8,centroid
GLP,MNE,8086.3,capital
GLP,MNG,12819.6,capital
GLP,MNP,15416.0,capital
GLP,MOZ,11197.5,capital
GLP,MRT,4857.6,capital
GLP,MSR,94.0,capital
GLP,MTQ,170.3,capital
GLP,MUS,13608.9,capital
GLP,MWI,11007.1,capital
GLP,MYS,17212.8,capital
GLP,MYT,12180.2,capital
GLP,NAM,9583.8,capital
GLP,NCL,14926.1,capital
GLP,NER,6843.7,capital
GLP,NFK,14748.6,capital
GLP,NGA,7523.7,capital
GLP,NIC,2677.5,capital
GLP,NIU,12446.7,capital
GLP,NLD,7025.7,capital
GLP,NOR,7499.7,capital
GLP,NPL,13997.3,capital
GLP,NRU,14412.3,capital
GLP,NZL,13952.9,capital
GLP,OMN,12164.3,capital
GLP,PAK,12700.0,capital
GLP,PAN,2080.5,capital
GLP,PCN,8697.2,capital
GLP,PER,3543.0,capital
GLP,PHL,16599.3,capital
GLP,PLW,16841.9,capital
GLP,PNG,16803.2,capital
GLP,POL,8118.3,capital
GLP,PRI,539.5,capital
GLP,PRK,13846.6,capital
GLP,PRT,5681.0,capital
GLP,PRY,4611.8,capital
GLP,PSE,9707.5,capital
GLP,PYF,10316.2,capital
GLP,QAT,11457.1,capital
GLP,REU,13406.3,capital
GLP,ROU,8602.1,capital
GLP,RUS,9113.2,capital
GLP,RWA,10258.6,capital
GLP,SAU,11040.1,capital
GLP,SDN,9975.5,capital
GLP,SEN,4742.4,capital
GLP,SGP,17524.6,capital
GLP,SGS,8181.9,centroid
GLP,SHN,7097.1,capital
GLP,SJM,7981.6,capital
GLP,SLB,15443.2,capital
GLP,SLE,5323.9,capital
GLP,SLV,2960.0,capital
GLP,SMR,7522.5,centroid
GLP,SOM,11764.5,capital
GLP,SPM,3461.1,capital
GLP,SRB,8154.3,capital
GLP,SSD,10211.9,capital
GLP,STP,7698.7,capital
GLP,SUR,1334.6,capital
GLP,SVK,7868.8,capital
GLP,SVN,7680.9,capital
GLP,SWE,7906.3,capital
GLP,SWZ,11075.5,capital
GLP,SXM,265.3,capital
GLP,SYC,13052.7,capital
GLP,SYR,9750.9,capital
GLP,TCA,1161.8,capital
GLP,TCD,8247.2,capital
GLP,TGO,6933.3,capital
GLP,THA,16173.6,capital
GLP,TJK,12061.0,capital
GLP,TKL,12436.0,centroid
GLP,TKM,11361.0,capital
GLP,TLS,18869.1,capital
GLP,TON,12989.1,centroid
GLP,TTO,593.2,capital
GLP,TUN,7356.1,capital
GLP,TUR,9254.7,capital
GLP,TUV,13364.1,capital
GLP,TWN,15436.9,capital
GLP,TZA,10992.0,capital
GLP,UGA,10458.9,capital
GLP,UKR,8799.9,capital
GLP,UMI,13429.6,centroid
GLP,UNK,8238.2,capital
GLP,URY,5690.1,capital
GLP,USA,4224.1,centroid
GLP,UZB,11894.0,capital
GLP,VAT,7530.9,capital
GLP,VCT,320.6,capital
GLP,VEN,827.9,capital
GLP,VGB,408.8,capital
GLP,VIR,428.3,capital
GLP,VNM,15680.9,capital
GLP,VUT,14819.0,centroid
GLP,WLF,12984.4,capital
GLP,WSM,12530.0,capital
GLP,YEM,11565.9,centroid
GLP,ZAF,10764.3,capital
GLP,ZMB,10476.4,capital
GLP,ZWE,10830.7,capital
GMB,GNB,206.2,capital
GMB,GNQ,2985.5,capital
GMB,GRC,4814.9,capital
GMB,GRD,4884.9,centroid
GMB,GRL,6253.3,capital
GMB,GTM,7937.7,capital
GMB,GUF,4032.0,capital
GMB,GUM,16382.3,capital
GMB,GUY,4604.8,capital
GMB,HKG,13340.0,centroid
GMB,HMD,11140.0,centroid
GMB,HND,7596.3,capital
GMB,HRV,4717.4,capital
GMB,HTI,5965.0,capital
GMB,HUN,5016.8,capital
GMB,IDN,13777.0,capital
GMB,IMN,4647.5,capital
GMB,IND,9657.2,capital
GMB,IOT,9955.8,centroid
GMB,IRL,4527.2,capital
GMB,IRN,7164.2,capital
GMB,IRQ,6508.4,capital
GMB,ISL,5650.7,capital
GMB,ISR,5633.5,capital
GMB,ITA,4225.5,capital
GMB,JAM,6438.5,capital
GMB,JEY,4188.6,capital
GMB,JOR,5704.6,capital
GMB,JPN,14007.5,capital
GMB,KAZ,8709.9,capital
GMB,KEN,6107.9,capital
GMB,KGZ,9088.6,capital
GMB,KHM,12989.4,capital
GMB,KIR,18053.2,centroid
GMB,KNA,4955.0,capital
GMB,KOR,13184.9,capital
GMB,KWT,6830.3,capital
GMB,LAO,12485.9,capital
GMB,LBN,5699.1,capital
GMB,LBR,1016.4,capital
GMB,LBY,3709.0,capital
GMB,LCA,4792.3,capital
GMB,LIE,4462.0,capital
GMB,LKA,10517.6,capital
GMB,LSO,6705.0,capital
GMB,LTU,5839.5,capital
GMB,LUX,4521.7,capital
GMB,LVA,5929.7,capital
GMB,MAC,13289.9,centroid
GMB,MAF,4990.8,capital
GMB,MAR,2488.7,capital
GMB,MCO,4070.1,capital
GMB,MDA,5620.0,capital
GMB,MDG,7890.1,capital
GMB,MDV,9909.0,capital
GMB,MEX,8748.7,capital
GMB,MHL,17567.7,capital
GMB,MKD,4839.0,capital
GMB,MLI,936.6,capital
GMB,MLT,3980.9,capital
GMB,MMR,11868.2,centroid
GMB,MNE,4711.3,capital
GMB,MNG,11204.8,capital
GMB,MNP,16281.9,capital
GMB,MOZ,6890.8,capital
GMB,MRT,519.2,capital
GMB,MSR,4902.9,capital
GMB,MTQ,4794.3,capital
GMB,MUS,8917.4,capital
GMB,MWI,6328.6,capital
GMB,MYS,12960.7,capital
GMB,MYT,7409.2,capital
GMB,NAM,5429.6,capital
GMB,NCL,18983.3,capital
GMB,NER,2020.2,capital
GMB,NFK,18218.0,capital
GMB,NGA,2669.0,capital
GMB,NIC,7529.6,capital
GMB,NIU,17105.3,capital
GMB,NLD,4730.1,capital
GMB,NOR,5628.7,capital
GMB,NPL,10450.0,capital
GMB,NRU,18529.5,capital
GMB,NZL,16730.3,capital
GMB,OMN,7905.5,capital
GMB,PAK,9148.0,capital
GMB,PAN,6866.1,capital
GMB,PCN,12982.6,capital
GMB,PER,7242.2,capital
GMB,PHL,14398.2,capital
GMB,PLW,16073.2,capital
GMB,PNG,18188.3,capital
GMB,POL,5449.7,capital
GMB,PRI,5308.8,capital
GMB,PRK,12991.9,capital
GMB,PRT,2903.7,capital
GMB,PRY,6192.9,capital
GMB,PSE,5634.6,capital
GMB,PYF,14969.4,capital
GMB,QAT,7195.1,capital
GMB,REU,8741.3,capital
GMB,ROU,5300.8,capital
GMB,RUS,6579.3,capital
GMB,RWA,5419.6,capital
GMB,SAU,6714.1,capital
GMB,SDN,5280.7,capital
GMB,SEN,166.6,capital
GMB,SGP,13249.6,capital
GMB,SGS,7798.2,centroid
GMB,SHN,3478.0,capital
GMB,SJM,7415.9,capital
GMB,SLB,19429.5,capital
GMB,SLE,661.7,capital
GMB,SLV,7814.4,capital
GMB,SMR,4355.8,centroid
GMB,SOM,6921.0,capital
GMB,SPM,5219.9,capital
GMB,SRB,4934.7,capital
GMB,SSD,5363.3,capital
GMB,STP,2952.2,capital
GMB,SUR,4307.7,capital
GMB,SVK,4948.3,capital
GMB,SVN,4647.2,capital
GMB,SWE,5842.0,capital
GMB,SWZ,6807.8,capital
GMB,SXM,4986.9,capital
GMB,SYC,8197.6,capital
GMB,SYR,5763.8,capital
GMB,TCA,5828.5,capital
GMB,TCD,3430.1,capital
GMB,TGO,2112.0,capital
GMB,THA,12454.7,capital
GMB,TJK,8682.3,capital
GMB,TKL,17290.6,centroid
GMB,TKM,7783.4,capital
GMB,TLS,15852.5,capital
GMB,TON,17607.3,centroid
GMB,TTO,4890.4,capital
GMB,TUN,3715.6,capital
GMB,TUR,5629.3,capital
GMB,TUV,18209.1,capital
GMB,TWN,13773.7,capital
GMB,TZA,6174.0,capital
GMB,UGA,5605.4,capital
GMB,UKR,5900.7,capital
GMB,UMI,16356.2,centroid
GMB,UNK,4857.8,capital
GMB,URY,6807.9,capital
GMB,USA,8260.8,centroid
GMB,UZB,8678.8,capital
GMB,VAT,4222.6,capital
GMB,VCT,4824.8,capital
GMB,VEN,5472.7,capital
GMB,VGB,5152.3,capital
GMB,VIR,5185.2,capital
GMB,VNM,12651.7,capital
GMB,VUT,19537.3,centroid
GMB,WLF,17808.3,capital
GMB,WSM,17334.9,capital
GMB,YEM,6937.2,centroid
GMB,ZAF,6516.7,capital
GMB,ZMB,5885.9,capital
GMB,ZWE,6276.6,capital
GNB,GNQ,2830.4,capital
GNB,GRC,4857.0,capital
GNB,GRD,5004.7,centroid
GNB,GRL,6453.8,capital
GNB,GTM,8077.2,capital
GNB,GUF,4109.7,capital
GNB,GUM,16460.5,capital
GNB,GUY,4698.7,capital
GNB,HKG,13355.5,centroid
GNB,HMD,10935.0,centroid
GNB,HND,7732.9,capital
GNB,HRV,4807.7,capital
GNB,HTI,6110.7,capital
GNB,HUN,5107.0,capital
GNB,IDN,13673.4,capital
GNB,IMN,4803.0,capital
GNB,IND,9648.5,capital
GNB,IOT,9830.5,centroid
GNB,IRL,4685.4,capital
GNB,IRN,7173.9,capital
GNB,IRQ,6510.2,capital
GNB,ISL,5833.1,capital
GNB,ISR,5633.0,capital
GNB,ITA,4309.1,capital
GNB,JAM,6583.3,capital
GNB,JEY,4332.4,capital
GNB,JOR,5704.5,capital
GNB,JPN,14124.2,capital
GNB,KAZ,8777.9,capital
GNB,KEN,5970.0,capital
GNB,KGZ,9128.6,capital
GNB,KHM,12950.0,capital
GNB,KIR,18259.3,centroid
GNB,KNA,5095.5,capital
GNB,KOR,13275.2,capital
GNB,KWT,6814.9,capital
GNB,LAO,12466.6,capital
GNB,LBN,5708.1,capital
GNB,LBR,812.6,capital
GNB,LBY,3748.1,capital
GNB,LCA,4919.7,capital
GNB,LIE,4571.6,capital
GNB,LKA,10437.2,capital
GNB,LSO,6504.3,capital
GNB,LTU,5943.8,capital
GNB,LUX,4646.1,capital
GNB,LVA,6042.3,capital
GNB,MAC,13303.8,centroid
GNB,MAF,5134.1,capital
GNB,MAR,2618.4,capital
GNB,MCO,4174.4,capital
GNB,MDA,5692.5,capital
GNB,MDG,7717.6,capital
GNB,MDV,9815.2,capital
GNB,MEX,8903.8,capital
GNB,MHL,17770.7,capital
GNB,MKD,4903.1,capital
GNB,MLI,832.4,capital
GNB,MLT,4032.3,capital
GNB,MMR,11856.9,centroid
GNB,MNE,4781.6,capital
GNB,MNG,11288.7,capital
GNB,MNP,16371.0,capital
GNB,MOZ,6696.2,capital
GNB,MRT,693.1,capital
GNB,MSR,5041.2,capital
GNB,MTQ,4924.2,capital
GNB,MUS,8749.0,capital
GNB,MWI,6154.2,capital
GNB,MYS,12886.6,capital
GNB,MYT,7247.9,capital
GNB,NAM,5227.8,capital
GNB,NCL,18837.3,capital
GNB,NER,1929.2,capital
GNB,NFK,18068.2,capital
GNB,NGA,2543.5,capital
GNB,NIC,7660.1,capital
GNB,NIU,17153.1,capital
GNB,NLD,4863.5,capital
GNB,NOR,5766.9,capital
GNB,NPL,10444.6,capital
GNB,NRU,18726.7,capital
GNB,NZL,16590.7,capital
GNB,OMN,7869.1,capital
GNB,PAK,9154.9,capital
GNB,PAN,6983.4,capital
GNB,PCN,13015.3,capital
GNB,PER,7282.4,capital
GNB,PHL,14399.2,capital
GNB,PLW,16080.8,capital
GNB,PNG,18111.8,capital
GNB,POL,5552.4,capital
GNB,PRI,5453.6,capital
GNB,PRK,13083.2,capital
GNB,PRT,3054.3,capital
GNB,PRY,6149.2,capital
GNB,PSE,5634.7,capital
GNB,PYF,15035.9,capital
GNB,QAT,7163.5,capital
GNB,REU,8570.3,capital
GNB,ROU,5367.1,capital
GNB,RUS,6673.7,capital
GNB,RWA,5272.7,capital
GNB,SAU,6679.6,capital
GNB,SDN,5205.3,capital
GNB,SEN,372.8,capital
GNB,SGP,13170.9,capital
GNB,SGS,7649.4,centroid
GNB,SHN,3275.5,capital
GNB,SJM,7579.0,capital
GNB,SLB,19458.6,capital
GNB,SLE,455.8,capital
GNB,SLV,7950.6,capital
GNB,SMR,4446.9,centroid
GNB,SOM,6800.9,capital
GNB,SPM,5425.2,capital
GNB,SRB,5012.1,capital
GNB,SSD,5242.0,capital
GNB,STP,2777.5,capital
GNB,SUR,4393.9,capital
GNB,SVK,5044.5,capital
GNB,SVN,4741.6,capital
GNB,SWE,5968.9,capital
GNB,SWZ,6611.8,capital
GNB,SXM,5130.1,capital
GNB,SYC,8065.2,capital
GNB,SYR,5770.4,capital
GNB,TCA,5983.0,capital
GNB,TCD,3331.3,capital
GNB,TGO,1953.2,capital
GNB,THA,12417.4,capital
GNB,TJK,8704.6,capital
GNB,TKL,17415.8,centroid
GNB,TKM,7801.5,capital
GNB,TLS,15753.4,capital
GNB,TON,17637.1,centroid
GNB,TTO,5004.0,capital
GNB,TUN,3783.8,capital
GNB,TUR,5667.6,capital
GNB,TUV,18354.6,capital
GNB,TWN,13814.7,capital
GNB,TZA,6020.6,capital
GNB,UGA,5468.6,capital
GNB,UKR,5983.8,capital
GNB,UMI,16541.2,centroid
GNB,UNK,4925.3,capital
GNB,URY,6731.5,capital
GNB,USA,8451.2,centroid
GNB,UZB,8711.2,capital
GNB,VAT,4306.5,capital
GNB,VCT,4948.8,capital
GNB,VEN,5588.5,capital
GNB,VGB,5297.0,capital
GNB,VIR,5329.6,capital
GNB,VNM,12648.2,capital
GNB,VUT,19476.5,centroid
GNB,WLF,17901.8,capital
GNB,WSM,17423.4,capital
GNB,YEM,6864.6,centroid
GNB,ZAF,6319.5,capital
GNB,ZMB,5703.2,capital
GNB,ZWE,6092.3,capital
GNQ,GRC,4097.6,capital
GNQ,GRD,7795.7,centroid
GNQ,GRL,8246.4,capital
GNQ,GTM,10898.4,capital
GNQ,GUF,6775.3,capital
GNQ,GUM,14792.3,capital
GNQ,GUY,7414.2,capital
GNQ,HKG,11424.0,centroid
GNQ,HMD,8641.7,centroid
GNQ,HND,10550.0,capital
GNQ,HRV,4728.6,capital
GNQ,HTI,8939.5,capital
GNQ,HUN,4962.5,capital
GNQ,IDN,10942.6,capital
GNQ,IMN,5731.5,capital
GNQ,IND,7706.6,capital
GNQ,IOT,7047.8,centroid
GNQ,IRL,5681.5,capital
GNQ,IRN,5629.5,capital
GNQ,IRQ,4944.5,capital
GNQ,ISL,7152.2,capital
GNQ,ISR,4161.6,capital
GNQ,ITA,4256.8,capital
GNQ,JAM,9411.3,capital
GNQ,JEY,5156.0,capital
GNQ,JOR,4226.2,capital
GNQ,JPN,13288.5,capital
GNQ,KAZ,7809.0,capital
GNQ,KEN,3165.6,capital
GNQ,KGZ,7768.5,capital
GNQ,KHM,10590.3,capital
GNQ,KIR,18169.3,centroid
GNQ,KNA,7921.0,capital
GNQ,KOR,12175.7,capital
GNQ,KWT,5012.8,capital
GNQ,LAO,10281.6,capital
GNQ,LBN,4344.4,capital
GNQ,LBR,2186.8,capital
GNQ,LBY,3271.5,capital
GNQ,LCA,7727.0,capital
GNQ,LIE,4824.8,capital
GNQ,LKA,7869.6,capital
GNQ,LSO,4183.5,capital
GNQ,LTU,5856.1,capital
GNQ,LUX,5104.9,capital
GNQ,LVA,6067.1,capital
GNQ,MAC,11361.0,centroid
GNQ,MAF,7961.9,capital
GNQ,MAR,3732.4,capital
GNQ,MCO,4447.7,capital
GNQ,MDA,5182.6,capital
GNQ,MDG,4933.0,capital
GNQ,MDV,7178.2,capital
GNQ,MEX,11733.4,capital
GNQ,MHL,17738.3,capital
GNQ,MKD,4434.2,capital
GNQ,MLI,2088.8,capital
GNQ,MLT,3622.4,capital
GNQ,MMR,9770.7,centroid
GNQ,MNE,4425.4,capital
GNQ,MNG,10298.5,capital
GNQ,MNP,14830.1,capital
GNQ,MOZ,4182.4,capital
GNQ,MRT,3130.6,capital
GNQ,MSR,7864.5,capital
GNQ,MTQ,7735.9,capital
GNQ,MUS,5944.0,capital
GNQ,MWI,3389.6,capital
GNQ,MYS,10306.5,capital
GNQ,MYT,4425.5,capital
GNQ,NAM,3062.0,capital
GNQ,NCL,16847.9,capital
GNQ,NER,1309.1,capital
GNQ,NFK,16446.2,capital
GNQ,NGA,606.4,capital
GNQ,NIC,10465.4,capital
GNQ,NIU,18308.3,capital
GNQ,NLD,5418.0,capital
GNQ,NOR,6246.6,capital
GNQ,NPL,8488.9,capital
GNQ,NRU,17560.8,capital
GNQ,NZL,15614.0,capital
GNQ,OMN,5758.3,capital
GNQ,PAK,7408.1,capital
GNQ,PAN,9756.1,capital
GNQ,PCN,15025.7,capital
GNQ,PER,9640.1,capital
GNQ,PHL,12274.3,capital
GNQ,PLW,13877.4,capital
GNQ,PNG,15376.4,capital
GNQ,POL,5507.2,capital
GNQ,PRI,8282.2,capital
GNQ,PRK,12017.7,capital
GNQ,PRT,4290.9,capital
GNQ,PRY,7845.9,capital
GNQ,PSE,4170.7,capital
GNQ,PYF,17202.1,capital
GNQ,QAT,5151.4,capital
GNQ,REU,5776.0,capital
GNQ,ROU,4830.5,capital
GNQ,RUS,6327.2,capital
GNQ,RWA,2448.3,capital
GNQ,SAU,4677.4,capital
GNQ,SDN,2910.3,capital
GNQ,SEN,3119.9,capital
GNQ,SGP,10560.3,capital
GNQ,SGS,7724.1,centroid
GNQ,SHN,2708.0,capital
GNQ,SJM,8290.1,capital
GNQ,SLB,16770.2,capital
GNQ,SLE,2489.6,capital
GNQ,SLV,10766.9,capital
GNQ,SMR,4463.4,centroid
GNQ,SOM,4064.5,capital
GNQ,SPM,7817.9,capital
GNQ,SRB,4704.9,capital
GNQ,SSD,2531.0,capital
GNQ,STP,443.2,capital
GNQ,SUR,7086.2,capital
GNQ,SVK,4999.8,capital
GNQ,SVN,4735.6,capital
GNQ,SWE,6230.9,capital
GNQ,SWZ,4136.1,capital
GNQ,SXM,7957.8,capital
GNQ,SYC,5268.0,capital
GNQ,SYR,4367.5,capital
GNQ,TCA,8812.7,capital
GNQ,TCD,1156.3,capital
GNQ,TGO,878.0,capital
GNQ,THA,10093.6,capital
GNQ,TJK,7167.8,capital
GNQ,TKL,19425.6,centroid
GNQ,TKM,6295.5,capital
GNQ,TLS,13013.6,capital
GNQ,TON,18162.9,centroid
GNQ,TTO,7779.2,capital
GNQ,TUN,3679.2,capital
GNQ,TUR,4692.7,capital
GNQ,TUV,18830.2,capital
GNQ,TWN,12094.6,capital
GNQ,TZA,3190.2,capital
GNQ,UGA,2671.9,capital
GNQ,UKR,5577.6,capital
GNQ,UMI,16488.0,centroid
GNQ,UNK,4497.7,capital
GNQ,URY,8007.7,capital
GNQ,USA,11118.7,centroid
GNQ,UZB,7293.1,capital
GNQ,VAT,4257.4,capital
GNQ,VCT,7749.2,capital
GNQ,VEN,8365.3,capital
GNQ,VGB,8125.5,capital
GNQ,VIR,8158.0,capital
GNQ,VNM,10587.9,capital
GNQ,VUT,17272.6,centroid
GNQ,WLF,18824.2,capital
GNQ,WSM,18892.9,capital
GNQ,YEM,4471.1,centroid
GNQ,ZAF,3890.3,capital
GNQ,ZMB,3025.0,capital
GNQ,ZWE,3424.1,capital
GRC,GRD,8782.8,centroid
GRC,GRL,5580.8,capital
GRC,GTM,11015.5,capital
GRC,GUF,8449.5,capital
GRC,GUM,11627.9,capital
GRC,GUY,8832.3,capital
GRC,HKG,8546.3,centroid
GRC,HMD,11163.0,centroid
GRC,HND,10795.8,capital
GRC,HRV,1080.3,capital
GRC,HTI,9262.0,capital
GRC,HUN,1124.5,capital
GRC,IDN,9833.7,capital
GRC,IMN,2790.2,capital
GRC,IND,5009.5,capital
GRC,IOT,6944.3,centroid
GRC,IRL,2853.4,capital
GRC,IRN,2468.5,capital
GRC,IRQ,1933.1,capital
GRC,ISL,4160.3,capital
GRC,ISR,1253.8,capital
GRC,ITA,1049.3,capital
GRC,JAM,9668.0,capital
GRC,JEY,2407.2,capital
GRC,JOR,1297.8,capital
GRC,JPN,9505.1,capital
GRC,KAZ,3971.5,capital
GRC,KEN,4568.5,capital
GRC,KGZ,4273.7,capital
GRC,KHM,8452.6,capital
GRC,KIR,14617.8,centroid
GRC,KNA,8532.1,capital
GRC,KOR,8515.8,capital
GRC,KWT,2430.3,capital
GRC,LAO,7834.3,capital
GRC,LBN,1152.3,capital
GRC,LBR,4950.5,capital
GRC,LBY,1109.4,capital
GRC,LCA,8600.7,capital
GRC,LIE,1541.8,capital
GRC,LKA,6594.4,capital
GRC,LSO,7493.7,capital
GRC,LTU,1861.3,capital
GRC,LUX,1905.8,capital
GRC,LVA,2108.7,capital
GRC,MAC,8499.7,centroid
GRC,MAF,8512.2,capital
GRC,MAR,2771.7,capital
GRC,MCO,1509.7,capital
GRC,MDA,1087.6,capital
GRC,MDG,6798.3,capital
GRC,MDV,6279.0,capital
GRC,MEX,11280.9,capital
GRC,MHL,13987.3,capital
GRC,MKD,487.1,capital
GRC,MLI,4217.7,capital
GRC,MLT,850.5,capital
GRC,MMR,7185.3,centroid
GRC,MNE,623.8,capital
GRC,MNG,6526.1,capital
GRC,MNP,11563.8,capital
GRC,MOZ,7170.6,capital
GRC,MRT,4433.6,capital
GRC,MSR,8526.7,capital
GRC,MTQ,8566.5,capital
GRC,MUS,7365.5,capital
GRC,MWI,5871.2,capital
GRC,MYS,8738.3,capital
GRC,MYT,6073.5,capital
GRC,NAM,6767.8,capital
GRC,NCL,16062.4,capital
GRC,NER,3458.1,capital
GRC,NFK,16578.0,capital
GRC,NGA,3604.0,capital
GRC,NIC,10863.4,capital
GRC,NIU,17529.9,capital
GRC,NLD,2164.3,capital
GRC,NOR,2605.3,capital
GRC,NPL,5762.5,capital
GRC,NRU,14407.3,capital
GRC,NZL,17520.6,capital
GRC,OMN,3650.9,capital
GRC,PAK,4418.2,capital
GRC,PAN,10531.8,capital
GRC,PCN,17163.6,capital
GRC,PER,11764.4,capital
GRC,PHL,9632.3,capital
GRC,PLW,11279.9,capital
GRC,PNG,13563.0,capital
GRC,POL,1598.1,capital
GRC,PRI,8743.5,capital
GRC,PRK,8331.7,capital
GRC,PRT,2852.6,capital
GRC,PRY,11005.5,capital
GRC,PSE,1244.3,capital
GRC,PYF,17649.3,capital
GRC,QAT,2970.4,capital
GRC,REU,7336.9,capital
GRC,ROU,744.0,capital
GRC,RUS,2230.7,capital
GRC,RWA,4487.9,capital
GRC,SAU,2625.3,capital
GRC,SDN,2639.7,capital
GRC,SEN,4794.0,capital
GRC,SGP,9054.5,capital
GRC,SGS,11797.3,centroid
GRC,SHN,6736.5,capital
GRC,SJM,4490.2,capital
GRC,SLB,14619.1,capital
GRC,SLE,4944.0,capital
GRC,SLV,10983.1,capital
GRC,SMR,1146.4,centroid
GRC,SOM,4564.2,capital
GRC,SPM,6349.9,capital
GRC,SRB,805.5,capital
GRC,SSD,3769.1,capital
GRC,STP,4533.1,capital
GRC,SUR,8634.0,capital
GRC,SVK,1250.5,capital
GRC,SVN,1175.3,capital
GRC,SWE,2407.6,capital
GRC,SWZ,7208.8,capital
GRC,SXM,8511.8,capital
GRC,SYC,5757.9,capital
GRC,SYR,1236.7,capital
GRC,TCA,8965.1,capital
GRC,TCD,3003.8,capital
GRC,TGO,4207.9,capital
GRC,THA,7922.3,capital
GRC,TJK,3893.7,capital
GRC,TKL,16427.7,centroid
GRC,TKM,3020.1,capital
GRC,TLS,11627.8,capital
GRC,TON,17321.2,centroid
GRC,TTO,8866.8,capital
GRC,TUN,1203.9,capital
GRC,TUR,817.6,capital
GRC,TUV,15918.8,capital
GRC,TWN,8959.7,capital
GRC,TZA,5064.9,capital
GRC,UGA,4285.4,capital
GRC,UKR,1487.1,capital
GRC,UMI,12559.6,centroid
GRC,UNK,564.7,capital
GRC,URY,11544.9,capital
GRC,USA,9615.2,centroid
GRC,UZB,3868.5,capital
GRC,VAT,1054.2,capital
GRC,VCT,8675.5,capital
GRC,VEN,9344.9,capital
GRC,VGB,8619.9,capital
GRC,VIR,8651.9,capital
GRC,VNM,7920.6,capital
GRC,VUT,15675.8,centroid
GRC,WLF,16636.8,capital
GRC,WSM,16924.9,capital
GRC,YEM,3494.4,centroid
GRC,ZAF,7101.6,capital
GRC,ZMB,5955.8,capital
GRC,ZWE,6253.0,capital
GRD,GRL,5841.1,centroid
GRD,GTM,3131.0,centroid
GRD,GUF,1299.5,centroid
GRD,GUM,15943.2,centroid
GRD,GUY,705.1,centroid
GRD,HKG,16165.2,centroid
GRD,HMD,13926.0,centroid
GRD,HND,2773.3,centroid
GRD,HRV,8090.8,centroid
GRD,HTI,1348.5,centroid
GRD,HUN,8322.5,centroid
GRD,IDN,18594.0,centroid
GRD,IMN,6814.5,centroid
GRD,IND,13687.4,centroid
GRD,IOT,14834.0,centroid
GRD,IRL,6673.5,centroid
GRD,IRN,11218.4,centroid
GRD,IRQ,10714.3,centroid
GRD,ISL,6548.1,centroid
GRD,ISR,9938.1,centroid
GRD,ITA,7806.8,centroid
GRD,JAM,1749.9,centroid
GRD,JEY,6799.0,centroid
GRD,JOR,9999.8,centroid
GRD,JPN,14244.6,centroid
GRD,KAZ,11652.6,centroid
GRD,KEN,10959.7,centroid
GRD,KGZ,12455.7,centroid
GRD,KHM,16994.0,centroid
GRD,KIR,13795.0,centroid
GRD,KNA,587.0,centroid
GRD,KOR,14417.4,centroid
GRD,KWT,11183.1,centroid
GRD,LAO,16250.6,centroid
GRD,LBN,9907.0,centroid
GRD,LBR,5613.2,centroid
GRD,LBY,7875.1,centroid
GRD,LCA,220.8,centroid
GRD,LIE,7604.4,centroid
GRD,LKA,15262.1,centroid
GRD,LSO,10582.5,centroid
GRD,LTU,8715.6,centroid
GRD,LUX,7390.9,centroid
GRD,LVA,8625.4,centroid
GRD,MAC,16167.4,centroid
GRD,MAF,679.0,centroid
GRD,MAR,6032.8,centroid
GRD,MCO,7404.8,centroid
GRD,MDA,9064.9,centroid
GRD,MDG,12437.7,centroid
GRD,MDV,14739.9,centroid
GRD,MEX,4081.5,centroid
GRD,MHL,13774.2,centroid
GRD,MKD,8543.6,centroid
GRD,MLI,5821.3,centroid
GRD,MLT,7984.4,centroid
GRD,MMR,15620.7,centroid
GRD,MNE,8362.2,centroid
GRD,MNG,13245.2,centroid
GRD,MNP,15731.8,centroid
GRD,MOZ,11012.2,centroid
GRD,MRT,4937.6,centroid
GRD,MSR,513.6,centroid
GRD,MTQ,283.9,centroid
GRD,MUS,13488.8,centroid
GRD,MWI,10907.8,centroid
GRD,MYS,17512.5,centroid
GRD,MYT,12106.7,centroid
GRD,NAM,9397.4,centroid
GRD,NCL,14803.0,centroid
GRD,NER,6896.6,centroid
GRD,NFK,14561.8,centroid
GRD,NGA,7548.1,centroid
GRD,NIC,2671.7,centroid
GRD,NIU,12340.0,centroid
GRD,NLD,7359.9,centroid
GRD,NOR,7866.8,centroid
GRD,NPL,14335.9,centroid
GRD,NRU,14504.4,centroid
GRD,NZL,13676.8,centroid
GRD,OMN,12388.3,centroid
GRD,PAK,13021.2,centroid
GRD,PAN,1981.7,centroid
GRD,PCN,8485.7,centroid
GRD,PER,3176.7,centroid
GRD,PHL,17029.6,centroid
GRD,PLW,17186.3,centroid
GRD,PNG,16855.3,centroid
GRD,POL,8448.7,centroid
GRD,PRI,851.4,centroid
GRD,PRK,14275.5,centroid
GRD,PRT,5943.7,centroid
GRD,PRY,4181.8,centroid
GRD,PSE,9933.5,centroid
GRD,PYF,10193.0,centroid
GRD,QAT,11673.9,centroid
GRD,REU,13278.9,centroid
GRD,ROU,8892.8,centroid
GRD,RUS,9467.1,centroid
GRD,RWA,10240.6,centroid
GRD,SAU,11242.1,centroid
GRD,SDN,10088.4,centroid
GRD,SEN,4784.7,centroid
GRD,SGP,17828.6,centroid
GRD,SGS,7762.9,centroid
GRD,SHN,6898.5,centroid
GRD,SJM,8402.3,centroid
GRD,SLB,15463.5,centroid
GRD,SLE,5307.4,centroid
GRD,SLV,2986.4,centroid
GRD,SMR,7805.3,centroid
GRD,SOM,11804.9,centroid
GRD,SPM,3888.6,centroid
GRD,SRB,8444.5,centroid
GRD,SSD,10246.3,centroid
GRD,STP,7653.1,centroid
GRD,SUR,996.0,centroid
GRD,SVK,8177.2,centroid
GRD,SVN,7977.3,centroid
GRD,SWE,8269.6,centroid
GRD,SWZ,10885.2,centroid
GRD,SXM,673.5,centroid
GRD,SYC,13061.4,centroid
GRD,SYR,9988.3,centroid
GRD,TCA,1447.1,centroid
GRD,TCD,8307.0,centroid
GRD,TGO,6923.2,centroid
GRD,THA,16531.0,centroid
GRD,TJK,12390.5,centroid
GRD,TKL,12411.2,centroid
GRD,TKM,11663.4,centroid
GRD,TLS,19129.9,centroid
GRD,TON,12879.6,centroid
GRD,TTO,162.0,centroid
GRD,TUN,7594.0,centroid
GRD,TUR,9525.5,centroid
GRD,TUV,13357.7,centroid
GRD,TWN,15867.5,centroid
GRD,TZA,10953.1,centroid
GRD,UGA,10462.0,centroid
GRD,UKR,9125.1,centroid
GRD,UMI,13675.8,centroid
GRD,UNK,8516.2,centroid
GRD,URY,5260.2,centroid
GRD,USA,4529.2,centroid
GRD,UZB,12235.2,centroid
GRD,VAT,7802.1,centroid
GRD,VCT,124.9,centroid
GRD,VEN,596.5,centroid
GRD,VGB,769.8,centroid
GRD,VIR,775.7,centroid
GRD,VNM,16085.3,centroid
GRD,VUT,14759.1,centroid
GRD,WLF,12931.1,centroid
GRD,WSM,12466.5,centroid
GRD,YEM,11706.4,centroid
GRD,ZAF,10574.9,centroid
GRD,ZMB,10358.2,centroid
GRD,ZWE,10699.7,centroid
GRL,GTM,6251.9,capital
GRL,GUF,6588.0,capital
GRL,GUM,11266.7,capital
GRL,GUY,6400.8,capital
GRL,HKG,10324.9,centroid
GRL,HMD,16691.5,centroid
GRL,HND,6197.8,capital
GRL,HRV,4500.6,capital
GRL,HTI,5306.5,capital
GRL,HUN,4501.3,capital
GRL,IDN,13346.6,capital
GRL,IMN,2832.0,capital
GRL,IND,8783.4,capital
GRL,IOT,12159.5,centroid
GRL,IRL,2808.1,capital
GRL,IRN,7070.8,capital
GRL,IRQ,6991.2,capital
GRL,ISL,1432.3,capital
GRL,ISR,6717.8,capital
GRL,ITA,4681.0,capital
GRL,JAM,5471.9,capital
GRL,JEY,3339.6,capital
GRL,JOR,6734.2,capital
GRL,JPN,8864.5,capital
GRL,KAZ,6282.0,capital
GRL,KEN,10065.2,capital
GRL,KGZ,7222.0,capital
GRL,KHM,11363.6,capital
GRL,KIR,11862.6,centroid
GRL,KNA,5280.1,capital
GRL,KOR,8700.5,capital
GRL,KWT,7541.1,capital
GRL,LAO,10618.0,capital
GRL,LBN,6527.3,capital
GRL,LBR,7205.0,capital
GRL,LBY,5550.7,capital
GRL,LCA,5626.4,capital
GRL,LIE,4074.4,capital
GRL,LKA,11148.6,capital
GRL,LSO,12419.8,capital
GRL,LTU,4192.3,capital
GRL,LUX,3703.1,capital
GRL,LVA,3963.4,capital
GRL,MAC,10328.8,centroid
GRL,MAF,5199.1,capital
GRL,MAR,4514.2,capital
GRL,MCO,4269.5,capital
GRL,MDA,5004.2,capital
GRL,MDG,12340.6,capital
GRL,MDV,11193.1,capital
GRL,MEX,6086.0,capital
GRL,MHL,11319.2,capital
GRL,MKD,5102.1,capital
GRL,MLI,6645.7,capital
GRL,MLT,5329.9,capital
GRL,MMR,10080.7,centroid
GRL,MNE,4957.8,capital
GRL,MNG,7412.2,capital
GRL,MNP,11061.2,capital
GRL,MOZ,12321.6,capital
GRL,MRT,5783.8,capital
GRL,MSR,5339.3,capital
GRL,MTQ,5559.8,capital
GRL,MUS,12944.6,capital
GRL,MWI,11187.7,capital
GRL,MYS,12214.4,capital
GRL,MYT,11621.0,capital
GRL,NAM,11290.1,capital
GRL,NCL,14583.2,capital
GRL,NER,6960.4,capital
GRL,NFK,15222.2,capital
GRL,NGA,7648.9,capital
GRL,NIC,6373.6,capital
GRL,NIU,13258.1,capital
GRL,NLD,3420.9,capital
GRL,NOR,3155.6,capital
GRL,NPL,9136.6,capital
GRL,NRU,12277.2,capital
GRL,NZL,16124.2,capital
GRL,OMN,8576.0,capital
GRL,PAK,8111.7,capital
GRL,PAN,6514.5,capital
GRL,PCN,11961.6,capital
GRL,PER,8742.8,capital
GRL,PHL,11232.1,capital
GRL,PLW,12026.4,capital
GRL,PNG,13753.5,capital
GRL,POL,4197.0,capital
GRL,PRI,5197.8,capital
GRL,PRK,8535.7,capital
GRL,PRT,3955.8,capital
GRL,PRY,9962.0,capital
GRL,PSE,6704.6,capital
GRL,PYF,12136.0,capital
GRL,QAT,8104.8,capital
GRL,REU,12917.3,capital
GRL,ROU,5105.2,capital
GRL,RUS,4634.0,capital
GRL,RWA,9806.2,capital
GRL,SAU,7946.5,capital
GRL,SDN,8177.2,capital
GRL,SEN,6093.6,capital
GRL,SGP,12464.4,capital
GRL,SGS,13257.4,centroid
GRL,SHN,9727.8,capital
GRL,SJM,2638.7,capital
GRL,SLB,13440.7,capital
GRL,SLE,6890.2,capital
GRL,SLV,6305.9,capital
GRL,SMR,4508.7,centroid
GRL,SOM,10144.7,capital
GRL,SPM,1954.4,capital
GRL,SRB,4804.5,capital
GRL,SSD,9198.0,capital
GRL,STP,8508.3,capital
GRL,SUR,6490.4,capital
GRL,SVK,4353.5,capital
GRL,SVN,4409.0,capital
GRL,SWE,3522.5,capital
GRL,SWZ,12307.1,capital
GRL,SXM,5203.3,capital
GRL,SYC,11294.9,capital
GRL,SYR,6601.0,capital
GRL,TCA,4963.2,capital
GRL,TCD,7683.3,capital
GRL,TGO,7681.5,capital
GRL,THA,11032.8,capital
GRL,TJK,7469.5,capital
GRL,TKL,12338.0,centroid
GRL,TKM,7136.4,capital
GRL,TLS,13826.2,capital
GRL,TON,13584.7,centroid
GRL,TTO,6000.1,capital
GRL,TUN,5033.9,capital
GRL,TUR,5833.9,capital
GRL,TUV,12663.8,capital
GRL,TWN,10075.0,capital
GRL,TZA,10502.5,capital
GRL,UGA,9700.4,capital
GRL,UKR,4779.4,capital
GRL,UMI,10165.5,centroid
GRL,UNK,5028.4,capital
GRL,URY,11024.9,capital
GRL,USA,4145.3,centroid
GRL,UZB,7208.0,capital
GRL,VAT,4677.2,capital
GRL,VCT,5721.7,capital
GRL,VEN,6087.7,capital
GRL,VGB,5180.0,capital
GRL,VIR,5193.8,capital
GRL,VNM,10343.9,capital
GRL,VUT,13908.4,centroid
GRL,WLF,12957.0,capital
GRL,WSM,12817.9,capital
GRL,YEM,8971.2,centroid
GRL,ZAF,12098.1,capital
GRL,ZMB,11072.1,capital
GRL,ZWE,11443.3,capital
GTM,GUF,4312.8,capital
GTM,GUM,13177.2,capital
GTM,GUY,3636.4,capital
GTM,HKG,15107.3,centroid
GTM,HMD,15485.8,centroid
GTM,HND,361.5,capital
GTM,HRV,10072.4,capital
GTM,HTI,1983.7,capital
GTM,HUN,10214.2,capital
GTM,IDN,17900.1,capital
GTM,IMN,8436.5,capital
GTM,IND,15026.8,capital
GTM,IOT,17827.4,centroid
GTM,IRL,8328.6,capital
GTM,IRN,13133.3,capital
GTM,IRQ,12851.9,capital
GTM,ISL,7515.0,capital
GTM,ISR,12267.1,capital
GTM,ITA,9966.4,capital
GTM,JAM,1510.4,capital
GTM,JEY,8667.0,capital
GTM,JOR,12313.2,capital
GTM,JPN,12323.1,capital
GTM,KAZ,12489.4,capital
GTM,KEN,14045.6,capital
GTM,KGZ,13441.7,capital
GTM,KHM,16641.8,capital
GTM,KIR,10665.1,centroid
GTM,KNA,2982.7,capital
GTM,KOR,13012.7,capital
GTM,KWT,13398.3,capital
GTM,LAO,16114.7,capital
GTM,LBN,12158.8,capital
GTM,LBR,8728.5,capital
GTM,LBY,10359.3,capital
GTM,LCA,3177.7,capital
GTM,LIE,9557.3,capital
GTM,LKA,17391.0,capital
GTM,LSO,13489.8,capital
GTM,LTU,10243.9,capital
GTM,LUX,9241.5,capital
GTM,LVA,10058.4,capital
GTM,MAC,15154.2,centroid
GTM,MAF,2948.6,capital
GTM,MAR,8531.2,capital
GTM,MCO,9508.5,capital
GTM,MDA,10894.1,capital
GTM,MDG,15533.8,capital
GTM,MDV,17280.4,capital
GTM,MEX,1059.0,capital
GTM,MHL,10672.6,capital
GTM,MKD,10643.2,capital
GTM,MLI,8868.7,capital
GTM,MLT,10358.2,capital
GTM,MMR,15836.5,centroid
GTM,MNE,10460.4,capital
GTM,MNG,12848.8,capital
GTM,MNP,12996.5,capital
GTM,MOZ,13993.8,capital
GTM,MRT,7907.3,capital
GTM,MSR,3036.0,capital
GTM,MTQ,3165.2,capital
GTM,MUS,16571.6,capital
GTM,MWI,14029.0,capital
GTM,MYS,17624.2,capital
GTM,MYT,15236.9,capital
GTM,NAM,12402.2,capital
GTM,NCL,11934.0,capital
GTM,NER,9905.5,capital
GTM,NFK,11893.2,capital
GTM,NGA,10603.0,capital
GTM,NIC,538.9,capital
GTM,NIU,9461.4,capital
GTM,NLD,9083.3,capital
GTM,NOR,9215.5,capital
GTM,NPL,15285.5,capital
GTM,NRU,11374.0,capital
GTM,NZL,11463.1,capital
GTM,OMN,14585.5,capital
GTM,PAK,14362.1,capital
GTM,PAN,1350.7,capital
GTM,PCN,6156.5,capital
GTM,PER,3318.2,capital
GTM,PHL,15264.2,capital
GTM,PLW,14462.7,capital
GTM,PNG,13733.6,capital
GTM,POL,10119.9,capital
GTM,PRI,2633.9,capital
GTM,PRK,12958.3,capital
GTM,PRT,8256.0,capital
GTM,PRY,5691.3,capital
GTM,PSE,12258.2,capital
GTM,PYF,7397.9,capital
GTM,QAT,13963.8,capital
GTM,REU,16351.9,capital
GTM,ROU,10854.9,capital
GTM,RUS,10820.6,capital
GTM,RWA,13346.5,capital
GTM,SAU,13640.4,capital
GTM,SDN,12913.8,capital
GTM,SEN,7820.0,capital
GTM,SGP,17640.8,capital
GTM,SGS,9187.7,centroid
GTM,SHN,9911.6,capital
GTM,SJM,8773.6,capital
GTM,SLB,12357.9,capital
GTM,SLE,8410.6,capital
GTM,SLV,177.9,capital
GTM,SMR,9889.7,centroid
GTM,SOM,14814.1,capital
GTM,SPM,4781.8,capital
GTM,SRB,10438.9,capital
GTM,SSD,13276.4,capital
GTM,STP,10777.1,capital
GTM,SUR,3982.7,capital
GTM,SVK,10053.0,capital
GTM,SVN,9956.7,capital
GTM,SWE,9624.2,capital
GTM,SWZ,13855.7,capital
GTM,SXM,2952.3,capital
GTM,SYC,16127.9,capital
GTM,SYR,12243.2,capital
GTM,TCA,2181.5,capital
GTM,TCD,11295.1,capital
GTM,TGO,10021.2,capital
GTM,THA,16633.1,capital
GTM,TJK,13721.3,capital
GTM,TKL,9357.0,centroid
GTM,TKM,13327.4,capital
GTM,TLS,16031.4,capital
GTM,TON,10001.8,centroid
GTM,TTO,3174.3,capital
GTM,TUN,9956.9,capital
GTM,TUR,11590.6,capital
GTM,TUV,10277.4,capital
GTM,TWN,14398.8,capital
GTM,TZA,14075.5,capital
GTM,UGA,13543.1,capital
GTM,UKR,10791.3,capital
GTM,UMI,10771.3,centroid
GTM,UNK,10591.1,capital
GTM,URY,6592.9,capital
GTM,USA,2674.8,centroid
GTM,UZB,13458.2,capital
GTM,VAT,9961.6,capital
GTM,VCT,3163.3,capital
GTM,VEN,2604.8,capital
GTM,VGB,2789.4,capital
GTM,VIR,2756.1,capital
GTM,VNM,15665.8,capital
GTM,VUT,11754.3,centroid
GTM,WLF,9923.6,capital
GTM,WSM,9481.8,capital
GTM,YEM,14388.1,centroid
GTM,ZAF,13553.7,capital
GTM,ZMB,13465.6,capital
GTM,ZWE,13790.9,capital
GUF,GUM,17231.4,capital
GUF,GUY,676.4,capital
GUF,HKG,16653.3,centroid
GUF,HMD,12703.7,centroid
GUF,HND,3951.3,capital
GUF,HRV,7943.5,capital
GUF,HTI,2646.6,capital
GUF,HUN,8209.9,capital
GUF,IDN,17706.7,capital
GUF,IMN,6952.7,capital
GUF,IND,13459.0,capital
GUF,IOT,13799.7,centroid
GUF,IRL,6805.6,capital
GUF,IRN,10916.4,capital
GUF,IRQ,10328.2,capital
GUF,ISL,7018.2,capital
GUF,ISR,9487.6,capital
GUF,ITA,7574.2,capital
GUF,JAM,3028.9,capital
GUF,JEY,6805.5,capital
GUF,JOR,9555.2,capital
GUF,JPN,15326.4,capital
GUF,KAZ,11816.9,capital
GUF,KEN,9925.8,capital
GUF,KGZ,12491.6,capital
GUF,KHM,16900.8,capital
GUF,KIR,14929.9,centroid
GUF,KNA,1779.8,capital
GUF,KOR,15288.3,capital
GUF,KWT,10730.1,capital
GUF,LAO,16267.2,capital
GUF,LBN,9502.3,capital
GUF,LBR,4597.9,capital
GUF,LBY,7431.6,capital
GUF,LCA,1384.5,capital
GUF,LIE,7505.2,capital
GUF,LKA,14546.8,capital
GUF,LSO,9296.2,capital
GUF,LTU,8765.2,capital
GUF,LUX,7363.6,capital
GUF,LVA,8727.6,capital
GUF,MAC,16632.3,centroid
GUF,MAF,1869.8,capital
GUF,MAR,5690.2,capital
GUF,MCO,7231.4,capital
GUF,MDA,8938.8,capital
GUF,MDG,11222.0,capital
GUF,MDV,13915.0,capital
GUF,MEX,5313.7,capital
GUF,MHL,14983.2,capital
GUF,MKD,8301.5,capital
GUF,MLI,4942.0,capital
GUF,MLT,7608.2,capital
GUF,MMR,15610.9,centroid
GUF,MNE,8131.7,capital
GUF,MNG,13798.3,capital
GUF,MNP,17016.6,capital
GUF,MOZ,9742.1,capital
GUF,MRT,4210.6,capital
GUF,MSR,1694.5,capital
GUF,MTQ,1438.7,capital
GUF,MUS,12265.1,capital
GUF,MWI,9723.2,capital
GUF,MYS,16992.5,capital
GUF,MYT,10947.0,capital
GUF,NAM,8130.2,capital
GUF,NCL,15423.1,capital
GUF,NER,6038.9,capital
GUF,NFK,15001.5,capital
GUF,NGA,6612.6,capital
GUF,NIC,3810.6,capital
GUF,NIU,13082.8,capital
GUF,NLD,7403.5,capital
GUF,NOR,8062.3,capital
GUF,NPL,14202.9,capital
GUF,NRU,15628.7,capital
GUF,NZL,13843.0,capital
GUF,OMN,11875.0,capital
GUF,PAK,12853.4,capital
GUF,PAN,3033.2,capital
GUF,PCN,9017.6,capital
GUF,PER,3319.6,capital
GUF,PHL,17720.6,capital
GUF,PLW,18431.1,capital
GUF,PNG,17807.8,capital
GUF,POL,8444.2,capital
GUF,PRI,2121.1,capital
GUF,PRK,15121.7,capital
GUF,PRT,5742.2,capital
GUF,PRY,3409.5,capital
GUF,PSE,9485.8,capital
GUF,PYF,10938.2,capital
GUF,QAT,11154.9,capital
GUF,REU,12049.2,capital
GUF,ROU,8706.4,capital
GUF,RUS,9550.9,capital
GUF,RWA,9184.2,capital
GUF,SAU,10687.6,capital
GUF,SDN,9312.0,capital
GUF,SEN,3967.2,capital
GUF,SGP,17280.5,capital
GUF,SGS,6760.6,centroid
GUF,SHN,5628.8,capital
GUF,SJM,8980.5,capital
GUF,SLB,16420.2,capital
GUF,SLE,4333.9,capital
GUF,SLV,4153.2,capital
GUF,SMR,7617.3,centroid
GUF,SOM,10837.9,capital
GUF,SPM,4667.1,capital
GUF,SRB,8267.8,capital
GUF,SSD,9289.4,capital
GUF,STP,6578.1,capital
GUF,SUR,330.1,capital
GUF,SVK,8082.7,capital
GUF,SVN,7838.5,capital
GUF,SWE,8433.9,capital
GUF,SWZ,9611.9,capital
GUF,SXM,1863.7,capital
GUF,SYC,12017.9,capital
GUF,SYR,9577.5,capital
GUF,TCA,2736.0,capital
GUF,TCD,7436.2,capital
GUF,TGO,5926.6,capital
GUF,THA,16367.3,capital
GUF,TJK,12279.3,capital
GUF,TKL,13347.0,centroid
GUF,TKM,11453.3,capital
GUF,TLS,19551.0,capital
GUF,TON,13602.1,centroid
GUF,TTO,1195.2,capital
GUF,TUN,7247.1,capital
GUF,TUR,9245.5,capital
GUF,TUV,14314.7,capital
GUF,TWN,16614.8,capital
GUF,TZA,9854.4,capital
GUF,UGA,9441.4,capital
GUF,UKR,9078.9,capital
GUF,UMI,14971.1,centroid
GUF,UNK,8289.8,capital
GUF,URY,4448.5,capital
GUF,USA,5816.8,centroid
GUF,UZB,12184.5,capital
GUF,VAT,7569.9,capital
GUF,VCT,1336.7,capital
GUF,VEN,1716.7,capital
GUF,VGB,2007.5,capital
GUF,VIR,2023.2,capital
GUF,VNM,16273.3,capital
GUF,VUT,15551.6,centroid
GUF,WLF,13792.4,capital
GUF,WSM,13313.6,capital
GUF,YEM,10969.1,centroid
GUF,ZAF,9302.9,capital
GUF,ZMB,9153.5,capital
GUF,ZWE,9479.1,capital
GUM,GUY,16626.8,capital
GUM,HKG,3371.2,centroid
GUM,HMD,10059.6,centroid
GUM,HND,13525.9,capital
GUM,HRV,11665.7,capital
GUM,HTI,14611.5,capital
GUM,HUN,11366.3,capital
GUM,IDN,4722.9,capital
GUM,IMN,11952.0,capital
GUM,IND,7120.3,capital
GUM,IOT,8368.8,centroid
GUM,IRL,12089.4,capital
GUM,IRN,9432.6,capital
GUM,IRQ,10121.3,capital
GUM,ISL,11310.4,capital
GUM,ISR,10990.9,capital
GUM,ITA,12157.0,capital
GUM,JAM,14270.1,capital
GUM,JEY,12325.0,capital
GUM,JOR,10919.3,capital
GUM,JPN,2521.4,capital
GUM,KAZ,7683.8,capital
GUM,KEN,11979.2,capital
GUM,KGZ,7382.7,capital
GUM,KHM,4324.6,capital
GUM,KIR,3385.2,centroid
GUM,KNA,15454.1,capital
GUM,KOR,3204.8,capital
GUM,KWT,9916.4,capital
GUM,LAO,4529.7,capital
GUM,LBN,10877.6,capital
GUM,LBR,16532.9,capital
GUM,LBY,12735.6,capital
GUM,LCA,15846.9,capital
GUM,LIE,11940.4,capital
GUM,LKA,7121.7,capital
GUM,LSO,13362.1,capital
GUM,LTU,10558.5,capital
GUM,LUX,11917.4,capital
GUM,LVA,10486.0,capital
GUM,MAC,3433.4,centroid
GUM,MAF,15365.4,capital
GUM,MAR,13938.5,capital
GUM,MCO,12323.0,capital
GUM,MDA,10768.0,capital
GUM,MDG,11232.2,capital
GUM,MDV,7872.4,capital
GUM,MEX,12125.1,capital
GUM,MHL,2996.5,capital
GUM,MKD,11558.6,capital
GUM,MLI,15837.6,capital
GUM,MLT,12437.1,capital
GUM,MMR,5021.7,centroid
GUM,MNE,11678.9,capital
GUM,MNG,5177.6,capital
GUM,MNP,221.4,capital
GUM,MOZ,12852.8,capital
GUM,MRT,15918.2,capital
GUM,MSR,15539.2,capital
GUM,MTQ,15793.0,capital
GUM,MUS,10240.3,capital
GUM,MWI,12586.6,capital
GUM,MYS,4866.3,capital
GUM,MYT,11345.1,capital
GUM,NAM,14417.0,capital
GUM,NCL,4625.7,capital
GUM,NER,14921.7,capital
GUM,NFK,5346.4,capital
GUM,NGA,14672.8,capital
GUM,NIC,13712.9,capital
GUM,NIU,6142.5,capital
GUM,NLD,11744.7,capital
GUM,NOR,10883.4,capital
GUM,NPL,6325.9,capital
GUM,NRU,2899.0,capital
GUM,NZL,6825.9,capital
GUM,OMN,9047.6,capital
GUM,PAK,7501.6,capital
GUM,PAN,14527.1,capital
GUM,PCN,10162.0,capital
GUM,PER,15486.9,capital
GUM,PHL,2565.7,capital
GUM,PLW,1290.6,capital
GUM,PNG,2566.0,capital
GUM,POL,10944.9,capital
GUM,PRI,15110.6,capital
GUM,PRK,3399.1,capital
GUM,PRT,13608.0,capital
GUM,PRY,17330.2,capital
GUM,PSE,10986.5,capital
GUM,PYF,7988.5,capital
GUM,QAT,9687.7,capital
GUM,REU,10466.3,capital
GUM,ROU,11094.1,capital
GUM,RUS,9807.3,capital
GUM,RWA,12726.3,capital
GUM,SAU,10173.5,capital
GUM,SDN,11893.8,capital
GUM,SEN,16320.2,capital
GUM,SGP,4699.0,capital
GUM,SGS,15450.8,centroid
GUM,SHN,16829.6,capital
GUM,SJM,9350.5,capital
GUM,SLB,3050.3,capital
GUM,SLE,16569.6,capital
GUM,SLV,13351.3,capital
GUM,SMR,12027.3,centroid
GUM,SOM,10970.2,capital
GUM,SPM,12997.1,capital
GUM,SRB,11449.8,capital
GUM,SSD,12364.0,capital
GUM,STP,15142.5,capital
GUM,SUR,16939.2,capital
GUM,SVK,11438.3,capital
GUM,SVN,11737.7,capital
GUM,SWE,10619.4,capital
GUM,SWZ,12993.2,capital
GUM,SXM,15371.5,capital
GUM,SYC,10051.0,capital
GUM,SYR,10825.6,capital
GUM,TCA,14498.4,capital
GUM,TCD,13783.2,capital
GUM,TGO,15436.2,capital
GUM,THA,4775.0,capital
GUM,TJK,7867.7,capital
GUM,TKL,5388.6,centroid
GUM,TKM,8777.2,capital
GUM,TLS,3237.9,capital
GUM,TON,5765.3,centroid
GUM,TTO,16064.7,capital
GUM,TUN,12676.7,capital
GUM,TUR,10829.0,capital
GUM,TUV,4521.5,capital
GUM,TWN,2750.0,capital
GUM,TZA,12217.6,capital
GUM,UGA,12392.2,capital
GUM,UKR,10481.7,capital
GUM,UMI,2420.4,centroid
GUM,UNK,11535.5,capital
GUM,URY,16838.1,capital
GUM,USA,11415.9,centroid
GUM,UZB,7822.3,capital
GUM,VAT,12159.8,capital
GUM,VCT,15896.8,capital
GUM,VEN,15624.4,capital
GUM,VGB,15224.5,capital
GUM,VIR,15208.3,capital
GUM,VNM,4205.2,capital
GUM,VUT,4089.6,centroid
GUM,WLF,5233.1,capital
GUM,WSM,5670.3,capital
GUM,YEM,10326.7,centroid
GUM,ZAF,13291.3,capital
GUM,ZMB,13194.8,capital
GUM,ZWE,12934.2,capital
GUY,HKG,16676.6,centroid
GUY,HMD,13221.2,centroid
GUY,HND,3274.9,capital
GUY,HRV,8238.1,capital
GUY,HTI,2015.3,capital
GUY,HUN,8489.5,capital
GUY,IDN,18356.7,capital
GUY,IMN,7101.1,capital
GUY,IND,13821.7,capital
GUY,IOT,14453.7,centroid
GUY,IRL,6956.1,capital
GUY,IRN,11297.4,capital
GUY,IRQ,10743.2,capital
GUY,ISL,6991.6,capital
GUY,ISR,9926.4,capital
GUY,ITA,7906.6,capital
GUY,JAM,2372.6,capital
GUY,JEY,7018.8,capital
GUY,JOR,9991.8,capital
GUY,JPN,14934.6,capital
GUY,KAZ,11978.6,capital
GUY,KEN,10573.3,capital
GUY,KGZ,12722.3,capital
GUY,KHM,17244.2,capital
GUY,KIR,14265.5,centroid
GUY,KNA,1267.7,capital
GUY,KOR,15052.6,capital
GUY,KWT,11175.5,capital
GUY,LAO,16543.9,capital
GUY,LBN,9921.5,capital
GUY,LBR,5229.8,capital
GUY,LBY,7857.7,capital
GUY,LCA,858.2,capital
GUY,LIE,7774.4,capital
GUY,LKA,15112.5,capital
GUY,LSO,9957.7,capital
GUY,LTU,8968.9,capital
GUY,LUX,7597.1,capital
GUY,LVA,8904.7,capital
GUY,MAC,16669.3,centroid
GUY,MAF,1361.6,capital
GUY,MAR,6060.6,capital
GUY,MCO,7534.1,capital
GUY,MDA,9228.8,capital
GUY,MDG,11898.4,capital
GUY,MDV,14513.1,capital
GUY,MEX,4638.8,capital
GUY,MHL,14307.6,capital
GUY,MKD,8642.3,capital
GUY,MLI,5529.7,capital
GUY,MLT,8005.7,capital
GUY,MMR,15890.8,centroid
GUY,MNE,8466.2,capital
GUY,MNG,13756.9,capital
GUY,MNP,16418.6,capital
GUY,MOZ,10411.6,capital
GUY,MRT,4735.2,capital
GUY,MSR,1186.0,capital
GUY,MTQ,923.9,capital
GUY,MUS,12941.3,capital
GUY,MWI,10398.1,capital
GUY,MYS,17519.2,capital
GUY,MYT,11619.8,capital
GUY,NAM,8801.4,capital
GUY,NCL,14939.7,capital
GUY,NER,6623.4,capital
GUY,NFK,14592.9,capital
GUY,NGA,7225.4,capital
GUY,NIC,3135.9,capital
GUY,NIU,12537.0,capital
GUY,NLD,7602.3,capital
GUY,NOR,8188.1,capital
GUY,NPL,14527.4,capital
GUY,NRU,14967.7,capital
GUY,NZL,13550.8,capital
GUY,OMN,12350.6,capital
GUY,PAK,13184.2,capital
GUY,PAN,2365.2,capital
GUY,PCN,8538.5,capital
GUY,PER,2957.5,capital
GUY,PHL,17632.7,capital
GUY,PLW,17884.6,capital
GUY,PNG,17214.4,capital
GUY,POL,8672.9,capital
GUY,PRI,1556.5,capital
GUY,PRK,14902.2,capital
GUY,PRT,6047.7,capital
GUY,PRY,3568.8,capital
GUY,PSE,9923.4,capital
GUY,PYF,10383.9,capital
GUY,QAT,11629.5,capital
GUY,REU,12725.1,capital
GUY,ROU,9023.5,capital
GUY,RUS,9741.6,capital
GUY,RWA,9836.2,capital
GUY,SAU,11174.5,capital
GUY,SDN,9878.3,capital
GUY,SEN,4525.9,capital
GUY,SGP,17824.7,capital
GUY,SGS,7095.7,centroid
GUY,SHN,6300.4,capital
GUY,SJM,8902.9,capital
GUY,SLB,15812.3,capital
GUY,SLE,4951.4,capital
GUY,SLV,3477.3,capital
GUY,SMR,7929.1,centroid
GUY,SOM,11469.3,capital
GUY,SPM,4449.0,capital
GUY,SRB,8578.0,capital
GUY,SSD,9914.8,capital
GUY,STP,7231.1,capital
GUY,SUR,346.3,capital
GUY,SVK,8353.0,capital
GUY,SVN,8128.5,capital
GUY,SWE,8577.9,capital
GUY,SWZ,10280.3,capital
GUY,SXM,1355.7,capital
GUY,SYC,12670.7,capital
GUY,SYR,9999.7,capital
GUY,TCA,2145.6,capital
GUY,TCD,8029.8,capital
GUY,TGO,6556.6,capital
GUY,THA,16732.4,capital
GUY,TJK,12580.1,capital
GUY,TKL,12734.0,centroid
GUY,TKM,11795.6,capital
GUY,TLS,19560.2,capital
GUY,TON,13066.3,centroid
GUY,TTO,566.6,capital
GUY,TUN,7629.6,capital
GUY,TUR,9608.4,capital
GUY,TUV,13697.7,capital
GUY,TWN,16472.5,capital
GUY,TZA,10516.4,capital
GUY,UGA,10084.8,capital
GUY,UKR,9331.3,capital
GUY,UMI,14316.5,centroid
GUY,UNK,8623.2,capital
GUY,URY,4642.3,capital
GUY,USA,5223.0,centroid
GUY,UZB,12455.8,capital
GUY,VAT,7902.1,capital
GUY,VCT,782.1,capital
GUY,VEN,1042.7,capital
GUY,VGB,1469.8,capital
GUY,VIR,1478.0,capital
GUY,VNM,16461.4,capital
GUY,VUT,14999.1,centroid
GUY,WLF,13206.0,capital
GUY,WSM,12730.5,capital
GUY,YEM,11526.7,centroid
GUY,ZAF,9972.0,capital
GUY,ZMB,9829.6,capital
GUY,ZWE,10155.5,capital
HKG,HMD,9292.3,centroid
HKG,HND,15348.9,centroid
HKG,HRV,8857.0,centroid
HKG,HTI,15422.0,centroid
HKG,HUN,8573.0,centroid
HKG,IDN,3266.4,centroid
HKG,IMN,9707.4,centroid
HKG,IND,3763.8,centroid
HKG,IOT,5608.5,centroid
HKG,IRL,9854.7,centroid
HKG,IRN,6182.0,centroid
HKG,IRQ,6851.4,centroid
HKG,ISL,9687.9,centroid
HKG,ISR,7729.4,centroid
HKG,ITA,9282.3,centroid
HKG,JAM,15381.3,centroid
HKG,JEY,9887.3,centroid
HKG,JOR,7657.6,centroid
HKG,JPN,2881.6,centroid
HKG,KAZ,4874.7,centroid
HKG,KEN,8765.0,centroid
HKG,KGZ,4303.5,centroid
HKG,KHM,1544.7,centroid
HKG,KIR,6756.3,centroid
HKG,KNA,15603.1,centroid
HKG,KOR,2096.2,centroid
HKG,KWT,6589.7,centroid
HKG,LAO,1300.4,centroid
HKG,LBN,7647.6,centroid
HKG,LBR,13239.5,centroid
HKG,LBY,9641.3,centroid
HKG,LCA,15949.0,centroid
HKG,LIE,9251.5,centroid
HKG,LKA,4053.9,centroid
HKG,LSO,10897.0,centroid
HKG,LTU,7936.3,centroid
HKG,LUX,9351.8,centroid
HKG,LVA,7953.3,centroid
HKG,MAC,66.6,centroid
HKG,MAF,15520.2,centroid
HKG,MAR,11182.3,centroid
HKG,MCO,9567.1,centroid
HKG,MDA,7874.7,centroid
HKG,MDG,8567.3,centroid
HKG,MDV,4816.8,centroid
HKG,MEX,14133.3,centroid
HKG,MHL,6340.3,centroid
HKG,MKD,8591.4,centroid
HKG,MLI,12615.7,centroid
HKG,MLT,9393.5,centroid
HKG,MMR,1666.8,centroid
HKG,MNE,8743.7,centroid
HKG,MNG,2924.4,centroid
HKG,MNP,3408.2,centroid
HKG,MOZ,10290.7,centroid
HKG,MRT,12979.8,centroid
HKG,MSR,15663.9,centroid
HKG,MTQ,15882.9,centroid
HKG,MUS,7753.4,centroid
HKG,MWI,9635.9,centroid
HKG,MYS,2518.3,centroid
HKG,MYT,8462.2,centroid
HKG,NAM,11624.4,centroid
HKG,NCL,7520.5,centroid
HKG,NER,11615.2,centroid
HKG,NFK,8106.3,centroid
HKG,NGA,11308.9,centroid
HKG,NIC,15588.3,centroid
HKG,NIU,9436.5,centroid
HKG,NLD,9283.5,centroid
HKG,NOR,8594.2,centroid
HKG,NPL,2964.4,centroid
HKG,NRU,6246.4,centroid
HKG,NZL,9423.9,centroid
HKG,OMN,5677.1,centroid
HKG,PAK,4204.8,centroid
HKG,PAN,16231.5,centroid
HKG,PCN,13522.9,centroid
HKG,PER,18369.7,centroid
HKG,PHL,1112.9,centroid
HKG,PLW,2735.5,centroid
HKG,PNG,5036.5,centroid
HKG,POL,8278.2,centroid
HKG,PRI,15485.6,centroid
HKG,PRK,2163.6,centroid
HKG,PRT,11029.6,centroid
HKG,PRY,19119.2,centroid
HKG,PSE,7727.0,centroid
HKG,PYF,11356.3,centroid
HKG,QAT,6326.3,centroid
HKG,REU,7975.0,centroid
HKG,ROU,8150.4,centroid
HKG,RUS,7146.1,centroid
HKG,RWA,9486.4,centroid
HKG,SAU,6814.2,centroid
HKG,SDN,8522.6,centroid
HKG,SEN,13333.0,centroid
HKG,SGP,2586.7,centroid
HKG,SGS,15700.9,centroid
HKG,SHN,13700.0,centroid
HKG,SJM,7777.7,centroid
HKG,SLB,6106.4,centroid
HKG,SLE,13345.6,centroid
HKG,SLV,15274.2,centroid
HKG,SMR,9204.1,centroid
HKG,SOM,7748.2,centroid
HKG,SPM,12276.6,centroid
HKG,SRB,8565.7,centroid
HKG,SSD,9043.6,centroid
HKG,STP,11785.1,centroid
HKG,SUR,16679.0,centroid
HKG,SVK,8684.8,centroid
HKG,SVN,8952.9,centroid
HKG,SWE,8228.7,centroid
HKG,SWZ,10439.5,centroid
HKG,SXM,15524.6,centroid
HKG,SYC,7046.3,centroid
HKG,SYR,7586.1,centroid
HKG,TCA,15118.5,centroid
HKG,TCD,10417.6,centroid
HKG,TGO,12073.2,centroid
HKG,THA,1727.6,centroid
HKG,TJK,4659.5,centroid
HKG,TKL,8753.6,centroid
HKG,TKM,5556.7,centroid
HKG,TLS,3645.4,centroid
HKG,TON,9008.2,centroid
HKG,TTO,16323.2,centroid
HKG,TUN,9704.3,centroid
HKG,TUR,7728.7,centroid
HKG,TUV,7861.4,centroid
HKG,TWN,808.9,centroid
HKG,TZA,9090.1,centroid
HKG,UGA,9130.8,centroid
HKG,UKR,7680.3,centroid
HKG,UMI,5435.5,centroid
HKG,UNK,8588.0,centroid
HKG,URY,18326.9,centroid
HKG,USA,12563.9,centroid
HKG,UZB,4680.8,centroid
HKG,VAT,9286.1,centroid
HKG,VCT,16044.7,centroid
HKG,VEN,16371.0,centroid
HKG,VGB,15488.3,centroid
HKG,VIR,15498.6,centroid
HKG,VNM,873.5,centroid
HKG,VUT,7152.8,centroid
HKG,WLF,8552.9,centroid
HKG,WSM,9007.0,centroid
HKG,YEM,6969.6,centroid
HKG,ZAF,10687.0,centroid
HKG,ZMB,10242.6,centroid
HKG,ZWE,10075.7,centroid
HMD,HND,15323.2,centroid
HMD,HRV,12236.1,centroid
HMD,HTI,15126.7,centroid
HMD,HUN,12273.0,centroid
HMD,IDN,6069.6,centroid
HMD,IMN,13864.5,centroid
HMD,IND,9098.4,centroid
HMD,IOT,5238.1,centroid
HMD,IRL,13883.9,centroid
HMD,IRN,10081.7,centroid
HMD,IRQ,9989.1,centroid
HMD,ISL,15312.5,centroid
HMD,ISR,10102.9,centroid
HMD,ITA,12019.2,centroid
HMD,JAM,15297.5,centroid
HMD,JEY,13352.1,centroid
HMD,JOR,10097.4,centroid
HMD,JPN,11798.1,centroid
HMD,KAZ,11595.9,centroid
HMD,KEN,6632.1,centroid
HMD,KGZ,10673.2,centroid
HMD,KHM,7821.8,centroid
HMD,KIR,10831.6,centroid
HMD,KNA,14472.2,centroid
HMD,KOR,11361.5,centroid
HMD,KWT,9472.9,centroid
HMD,LAO,8413.9,centroid
HMD,LBN,10313.4,centroid
HMD,LBR,10124.0,centroid
HMD,LBY,11141.4,centroid
HMD,LCA,14064.4,centroid
HMD,LIE,12634.6,centroid
HMD,LKA,6711.4,centroid
HMD,LSO,4492.4,centroid
HMD,LTU,12747.5,centroid
HMD,LUX,13004.3,centroid
HMD,LVA,13001.9,centroid
HMD,MAC,9255.8,centroid
HMD,MAF,14564.8,centroid
HMD,MAR,12322.0,centroid
HMD,MCO,12423.4,centroid
HMD,MDA,11873.6,centroid
HMD,MDG,4367.6,centroid
HMD,MDV,6369.4,centroid
HMD,MEX,16202.5,centroid
HMD,MHL,11228.7,centroid
HMD,MKD,11648.7,centroid
HMD,MLI,10503.6,centroid
HMD,MLT,11363.2,centroid
HMD,MMR,8705.4,centroid
HMD,MNE,11779.5,centroid
HMD,MNG,11691.2,centroid
HMD,MNP,10279.9,centroid
HMD,MOZ,4467.5,centroid
HMD,MRT,11507.5,centroid
HMD,MSR,14387.5,centroid
HMD,MTQ,14125.2,centroid
HMD,MUS,3882.3,centroid
HMD,MWI,5520.0,centroid
HMD,MYS,6820.3,centroid
HMD,MYT,5091.5,centroid
HMD,NAM,5735.8,centroid
HMD,NCL,8298.8,centroid
HMD,NER,9950.8,centroid
HMD,NFK,7807.4,centroid
HMD,NGA,9212.4,centroid
HMD,NIC,15085.0,centroid
HMD,NIU,10017.5,centroid
HMD,NLD,13298.1,centroid
HMD,NOR,13714.4,centroid
HMD,NPL,9070.0,centroid
HMD,NRU,10252.6,centroid
HMD,NZL,7162.6,centroid
HMD,OMN,8635.3,centroid
HMD,PAK,9654.2,centroid
HMD,PAN,14505.6,centroid
HMD,PCN,11052.3,centroid
HMD,PER,12213.2,centroid
HMD,PHL,8831.0,centroid
HMD,PLW,8892.7,centroid
HMD,PNG,8142.3,centroid
HMD,POL,12651.7,centroid
HMD,PRI,14777.1,centroid
HMD,PRK,11450.1,centroid
HMD,PRT,12856.2,centroid
HMD,PRY,10062.1,centroid
HMD,PSE,10116.9,centroid
HMD,PYF,11186.3,centroid
HMD,QAT,8949.5,centroid
HMD,REU,3867.6,centroid
HMD,ROU,11711.1,centroid
HMD,RUS,12517.8,centroid
HMD,RWA,6890.8,centroid
HMD,SAU,9002.0,centroid
HMD,SDN,8536.8,centroid
HMD,SEN,11306.3,centroid
HMD,SGP,6710.4,centroid
HMD,SGS,6414.4,centroid
HMD,SHN,7816.7,centroid
HMD,SJM,15090.8,centroid
HMD,SLB,8999.3,centroid
HMD,SLE,10479.7,centroid
HMD,SLV,15344.7,centroid
HMD,SMR,12197.5,centroid
HMD,SOM,6632.0,centroid
HMD,SPM,16358.8,centroid
HMD,SRB,11959.1,centroid
HMD,SSD,7494.3,centroid
HMD,STP,8453.3,centroid
HMD,SUR,12958.8,centroid
HMD,SVK,12410.1,centroid
HMD,SVN,12319.6,centroid
HMD,SWE,13415.3,centroid
HMD,SWZ,4506.4,centroid
HMD,SXM,14558.7,centroid
HMD,SYC,5611.5,centroid
HMD,SYR,10247.4,centroid
HMD,TCA,15340.5,centroid
HMD,TCD,9061.5,centroid
HMD,TGO,9330.5,centroid
HMD,THA,7899.5,centroid
HMD,TJK,10195.8,centroid
HMD,TKL,10838.5,centroid
HMD,TKM,10215.6,centroid
HMD,TLS,6847.9,centroid
HMD,TON,9639.4,centroid
HMD,TTO,13780.2,centroid
HMD,TUN,11658.1,centroid
HMD,TUR,11022.8,centroid
HMD,TUV,10338.2,centroid
HMD,TWN,9891.9,centroid
HMD,TZA,6189.0,centroid
HMD,UGA,6991.1,centroid
HMD,UKR,12167.2,centroid
HMD,UMI,11982.1,centroid
HMD,UNK,11725.0,centroid
HMD,URY,9050.5,centroid
HMD,USA,18152.7,centroid
HMD,UZB,10497.7,centroid
HMD,VAT,12022.8,centroid
HMD,VCT,13998.6,centroid
HMD,VEN,14058.1,centroid
HMD,VGB,14687.9,centroid
HMD,VIR,14697.9,centroid
HMD,VNM,8845.4,centroid
HMD,VUT,8884.9,centroid
HMD,WLF,10190.0,centroid
HMD,WSM,10401.4,centroid
HMD,YEM,7927.6,centroid
HMD,ZAF,4754.5,centroid
HMD,ZMB,5688.1,centroid
HMD,ZWE,5302.7,centroid
HND,HRV,9878.4,capital
HND,HTI,1661.6,capital
HND,HUN,10032.8,capital
HND,IDN,18246.9,capital
HND,IMN,8271.3,capital
HND,IND,14979.8,capital
HND,IOT,17518.8,centroid
HND,IRL,8158.4,capital
HND,IRN,12975.5,capital
HND,IRQ,12659.5,capital
HND,ISL,7415.8,capital
HND,ISR,12042.7,capital
HND,ITA,9748.9,capital
HND,JAM,1194.6,capital
HND,JEY,8474.7,capital
HND,JOR,12091.3,capital
HND,JPN,12603.9,capital
HND,KAZ,12468.6,capital
HND,KEN,13702.8,capital
HND,KGZ,13415.5,capital
HND,KHM,16866.0,capital
HND,KIR,11024.3,centroid
HND,KNA,2643.2,capital
HND,KOR,13253.0,capital
HND,KWT,13199.3,capital
HND,LAO,16292.7,capital
HND,LBN,11944.6,capital
HND,LBR,8376.4,capital
HND,LBY,10102.1,capital
HND,LCA,2824.9,capital
HND,LIE,9362.6,capital
HND,LKA,17276.1,capital
HND,LSO,13142.2,capital
HND,LTU,10108.7,capital
HND,LUX,9056.6,capital
HND,LVA,9933.3,capital
HND,MAC,15392.8,centroid
HND,MAF,2613.3,capital
HND,MAR,8262.2,capital
HND,MCO,9294.7,capital
HND,MDA,10726.8,capital
HND,MDG,15172.6,capital
HND,MDV,17074.9,capital
HND,MEX,1400.9,capital
HND,MHL,11034.1,capital
HND,MKD,10438.5,capital
HND,MLI,8529.2,capital
HND,MLT,10115.6,capital
HND,MMR,15963.0,centroid
HND,MNE,10254.4,capital
HND,MNG,12981.8,capital
HND,MNP,13342.9,capital
HND,MOZ,13640.1,capital
HND,MRT,7577.5,capital
HND,MSR,2693.5,capital
HND,MTQ,2814.3,capital
HND,MUS,16211.5,capital
HND,MWI,13667.8,capital
HND,MYS,17863.5,capital
HND,MYT,14877.5,capital
HND,NAM,12045.4,capital
HND,NCL,12250.4,capital
HND,NER,9573.3,capital
HND,NFK,12184.8,capital
HND,NGA,10263.8,capital
HND,NIC,240.2,capital
HND,NIU,9772.6,capital
HND,NLD,8912.5,capital
HND,NOR,9091.8,capital
HND,NPL,15299.7,capital
HND,NRU,11733.0,capital
HND,NZL,11697.8,capital
HND,OMN,14401.2,capital
HND,PAK,14302.5,capital
HND,PAN,1010.4,capital
HND,PCN,6368.8,capital
HND,PER,3114.0,capital
HND,PHL,15566.2,capital
HND,PLW,14813.2,capital
HND,PNG,14087.9,capital
HND,POL,9965.6,capital
HND,PRI,2302.8,capital
HND,PRK,13189.4,capital
HND,PRT,8007.5,capital
HND,PRY,5424.2,capital
HND,PSE,12034.4,capital
HND,PYF,7690.4,capital
HND,QAT,13758.5,capital
HND,REU,15992.5,capital
HND,ROU,10669.9,capital
HND,RUS,10713.6,capital
HND,RWA,12998.2,capital
HND,SAU,13415.6,capital
HND,SDN,12617.5,capital
HND,SEN,7481.0,capital
HND,SGP,17916.3,capital
HND,SGS,8968.2,centroid
HND,SHN,9553.0,capital
HND,SJM,8762.7,capital
HND,SLB,12708.3,capital
HND,SLE,8061.0,capital
HND,SLV,218.2,capital
HND,SMR,9681.2,centroid
HND,SOM,14489.3,capital
HND,SPM,4638.3,capital
HND,SRB,10246.3,capital
HND,SSD,12944.7,capital
HND,STP,10423.0,capital
HND,SUR,3621.2,capital
HND,SVK,9872.2,capital
HND,SVN,9762.0,capital
HND,SWE,9504.2,capital
HND,SWZ,13502.8,capital
HND,SXM,2616.7,capital
HND,SYC,15792.4,capital
HND,SYR,12029.2,capital
HND,TCA,1886.8,capital
HND,TCD,10968.2,capital
HND,TGO,9673.4,capital
HND,THA,16805.7,capital
HND,TJK,13652.9,capital
HND,TKL,9696.0,centroid
HND,TKM,13207.3,capital
HND,TLS,16392.1,capital
HND,TON,10314.2,centroid
HND,TTO,2814.2,capital
HND,TUN,9713.3,capital
HND,TUR,11397.9,capital
HND,TUV,10621.9,capital
HND,TWN,14663.5,capital
HND,TZA,13722.4,capital
HND,UGA,13201.0,capital
HND,UKR,10644.0,capital
HND,UMI,11124.1,centroid
HND,UNK,10389.2,capital
HND,URY,6354.3,capital
HND,USA,2829.5,centroid
HND,UZB,13400.6,capital
HND,VAT,9744.0,capital
HND,VCT,2808.1,capital
HND,VEN,2243.5,capital
HND,VGB,2457.1,capital
HND,VIR,2423.4,capital
HND,VNM,15859.5,capital
HND,VUT,12088.3,centroid
HND,WLF,10255.4,capital
HND,WSM,9809.3,capital
HND,YEM,14122.5,centroid
HND,ZAF,13199.8,capital
HND,ZMB,13104.0,capital
HND,ZWE,13429.7,capital
HRV,HTI,8414.4,capital
HRV,HUN,299.4,capital
HRV,IDN,10569.6,capital
HRV,IMN,1722.3,capital
HRV,IND,5600.3,capital
HRV,IOT,7949.5,centroid
HRV,IRL,1797.2,capital
HRV,IRN,3159.3,capital
HRV,IRQ,2781.4,capital
HRV,ISL,3081.8,capital
HRV,ISR,2273.3,capital
HRV,ITA,517.1,capital
HRV,JAM,8792.9,capital
HRV,JEY,1405.4,capital
HRV,JOR,2303.6,capital
HRV,JPN,9342.9,capital
HRV,KAZ,4031.6,capital
HRV,KEN,5622.9,capital
HRV,KGZ,4566.7,capital
HRV,KHM,9007.1,capital
HRV,KIR,14298.7,centroid
HRV,KNA,7773.3,capital
HRV,KOR,8468.7,capital
HRV,KWT,3325.9,capital
HRV,LAO,8330.1,capital
HRV,LBN,2119.5,capital
HRV,LBR,5092.5,capital
HRV,LBY,1457.1,capital
HRV,LCA,7893.7,capital
HRV,LIE,515.8,capital
HRV,LKA,7446.2,capital
HRV,LSO,8434.6,capital
HRV,LTU,1185.7,capital
HRV,LUX,848.0,capital
HRV,LVA,1358.0,capital
HRV,MAC,8818.8,centroid
HRV,MAF,7742.1,capital
HRV,MAR,2333.3,capital
HRV,MCO,713.4,capital
HRV,MDA,995.3,capital
HRV,MDG,7869.0,capital
HRV,MDV,7208.2,capital
HRV,MEX,10264.7,capital
HRV,MHL,13644.7,capital
HRV,MKD,608.9,capital
HRV,MLI,4326.6,capital
HRV,MLT,1109.3,capital
HRV,MMR,7672.8,centroid
HRV,MNE,457.5,capital
HRV,MNG,6488.1,capital
HRV,MNP,11565.7,capital
HRV,MOZ,8156.1,capital
HRV,MRT,4259.0,capital
HRV,MSR,7778.7,capital
HRV,MTQ,7852.0,capital
HRV,MUS,8445.7,capital
HRV,MWI,6883.9,capital
HRV,MYS,9424.6,capital
HRV,MYT,7144.7,capital
HRV,NAM,7603.6,capital
HRV,NCL,16279.8,capital
HRV,NER,3820.7,capital
HRV,NFK,16945.3,capital
HRV,NGA,4166.7,capital
HRV,NIC,9966.9,capital
HRV,NIU,16990.4,capital
HRV,NLD,1085.9,capital
HRV,NOR,1605.3,capital
HRV,NPL,6289.3,capital
HRV,NRU,14236.9,capital
HRV,NZL,18239.8,capital
HRV,OMN,4523.2,capital
HRV,PAK,4947.9,capital
HRV,PAN,9713.5,capital
HRV,PCN,16219.2,capital
HRV,PER,11195.4,capital
HRV,PHL,9968.1,capital
HRV,PLW,11536.3,capital
HRV,PNG,13876.7,capital
HRV,POL,801.8,capital
HRV,PRI,7944.5,capital
HRV,PRK,8276.2,capital
HRV,PRT,2201.4,capital
HRV,PRY,10829.3,capital
HRV,PSE,2261.6,capital
HRV,PYF,16598.4,capital
HRV,QAT,3893.4,capital
HRV,REU,8416.9,capital
HRV,ROU,808.8,capital
HRV,RUS,1867.4,capital
HRV,RWA,5489.0,capital
HRV,SAU,3609.2,capital
HRV,SDN,3701.8,capital
HRV,SEN,4656.4,capital
HRV,SGP,9739.8,capital
HRV,SGS,12218.3,centroid
HRV,SHN,7203.9,capital
HRV,SJM,3603.7,capital
HRV,SLB,14716.0,capital
HRV,SLE,5000.2,capital
HRV,SLV,10055.0,capital
HRV,SMR,361.6,centroid
HRV,SOM,5644.6,capital
HRV,SPM,5340.0,capital
HRV,SRB,368.4,capital
HRV,SSD,4798.3,capital
HRV,STP,5137.3,capital
HRV,SUR,8084.0,capital
HRV,SVK,273.3,capital
HRV,SVN,116.9,capital
HRV,SWE,1509.2,capital
HRV,SWZ,8183.2,capital
HRV,SXM,7742.4,capital
HRV,SYC,6828.9,capital
HRV,SYR,2201.5,capital
HRV,TCA,8100.0,capital
HRV,TCD,3749.2,capital
HRV,TGO,4636.2,capital
HRV,THA,8495.6,capital
HRV,TJK,4344.5,capital
HRV,TKL,15851.2,centroid
HRV,TKM,3573.1,capital
HRV,TLS,12203.3,capital
HRV,TON,16974.0,centroid
HRV,TTO,8192.8,capital
HRV,TUN,1111.0,capital
HRV,TUR,1519.5,capital
HRV,TUV,15569.0,capital
HRV,TWN,9148.7,capital
HRV,TZA,6104.4,capital
HRV,UGA,5313.8,capital
HRV,UKR,1193.7,capital
HRV,UMI,12193.4,centroid
HRV,UNK,541.0,capital
HRV,URY,11520.5,capital
HRV,USA,8548.1,centroid
HRV,UZB,4241.1,capital
HRV,VAT,518.5,capital
HRV,VCT,7976.0,capital
HRV,VEN,8622.1,capital
HRV,VGB,7833.3,capital
HRV,VIR,7863.7,capital
HRV,VNM,8339.6,capital
HRV,VUT,15745.9,centroid
HRV,WLF,16221.3,capital
HRV,WSM,16385.4,capital
HRV,YEM,4542.6,centroid
HRV,ZAF,8052.2,capital
HRV,ZMB,6919.2,capital
HRV,ZWE,7238.1,capital
HTI,HUN,8600.6,capital
HTI,IDN,18641.3,capital
HTI,IMN,6911.3,capital
HTI,IND,13833.9,capital
HTI,IOT,15857.2,centroid
HTI,IRL,6784.7,capital
HTI,IRN,11567.0,capital
HTI,IRQ,11170.8,capital
HTI,ISL,6300.6,capital
HTI,ISR,10490.2,capital
HTI,ITA,8228.0,capital
HTI,JAM,474.3,capital
HTI,JEY,7032.0,capital
HTI,JOR,10543.6,capital
HTI,JPN,13105.1,capital
HTI,KAZ,11497.4,capital
HTI,KEN,12070.3,capital
HTI,KGZ,12394.2,capital
HTI,KHM,16653.9,capital
HTI,KIR,12543.4,centroid
HTI,KNA,1026.4,capital
HTI,KOR,13456.5,capital
HTI,KWT,11690.3,capital
HTI,LAO,15917.8,capital
HTI,LBN,10414.0,capital
HTI,LBR,6789.2,capital
HTI,LBY,8497.6,capital
HTI,LCA,1310.6,capital
HTI,LIE,7902.5,capital
HTI,LKA,15852.3,capital
HTI,LSO,11927.0,capital
HTI,LTU,8810.0,capital
HTI,LUX,7627.1,capital
HTI,LVA,8669.3,capital
HTI,MAC,15443.3,centroid
HTI,MAF,978.4,capital
HTI,MAR,6644.3,capital
HTI,MCO,7786.2,capital
HTI,MDA,9324.1,capital
HTI,MDG,13716.5,capital
HTI,MDV,15501.3,capital
HTI,MEX,2815.6,capital
HTI,MHL,12472.5,capital
HTI,MKD,8942.1,capital
HTI,MLI,6892.2,capital
HTI,MLT,8537.9,capital
HTI,MMR,15386.0,centroid
HTI,MNE,8756.8,capital
HTI,MNG,12625.6,capital
HTI,MNP,14403.7,capital
HTI,MOZ,12345.1,capital
HTI,MRT,5923.8,capital
HTI,MSR,1092.2,capital
HTI,MTQ,1277.5,capital
HTI,MUS,14769.4,capital
HTI,MWI,12165.7,capital
HTI,MYS,17516.7,capital
HTI,MYT,13330.6,capital
HTI,NAM,10730.1,capital
HTI,NCL,13911.9,capital
HTI,NER,7922.5,capital
HTI,NFK,13832.9,capital
HTI,NGA,8624.9,capital
HTI,NIC,1652.3,capital
HTI,NIU,11434.0,capital
HTI,NLD,7525.3,capital
HTI,NOR,7848.8,capital
HTI,NPL,14338.0,capital
HTI,NRU,13252.4,capital
HTI,NZL,13247.4,capital
HTI,OMN,12909.4,capital
HTI,PAK,13142.2,capital
HTI,PAN,1314.3,capital
HTI,PCN,7909.7,capital
HTI,PER,3439.7,capital
HTI,PHL,16050.8,capital
HTI,PLW,15876.0,capital
HTI,PNG,15647.2,capital
HTI,POL,8611.0,capital
HTI,PRI,657.3,capital
HTI,PRK,13341.5,capital
HTI,PRT,6429.4,capital
HTI,PRY,5126.4,capital
HTI,PSE,10483.0,capital
HTI,PYF,9343.7,capital
HTI,QAT,12230.7,capital
HTI,REU,14567.3,capital
HTI,ROU,9220.6,capital
HTI,RUS,9492.4,capital
HTI,RWA,11383.2,capital
HTI,SAU,11852.8,capital
HTI,SDN,10961.3,capital
HTI,SEN,5843.4,capital
HTI,SGP,17770.7,capital
HTI,SGS,8788.3,centroid
HTI,SHN,8235.8,capital
HTI,SJM,7944.9,capital
HTI,SLB,14302.3,capital
HTI,SLE,6460.4,capital
HTI,SLV,1877.9,capital
HTI,SMR,8182.4,centroid
HTI,SOM,12831.4,capital
HTI,SPM,3469.4,capital
HTI,SRB,8781.9,capital
HTI,SSD,11292.9,capital
HTI,STP,8843.7,capital
HTI,SUR,2335.1,capital
HTI,SVK,8443.7,capital
HTI,SVN,8297.6,capital
HTI,SWE,8265.1,capital
HTI,SWZ,12220.6,capital
HTI,SXM,982.7,capital
HTI,SYC,14145.1,capital
HTI,SYR,10498.3,capital
HTI,TCA,347.7,capital
HTI,TCD,9311.6,capital
HTI,TGO,8061.5,capital
HTI,THA,16339.0,capital
HTI,TJK,12485.2,capital
HTI,TKL,11335.3,centroid
HTI,TKM,11896.4,capital
HTI,TLS,17785.9,capital
HTI,TON,11975.8,centroid
HTI,TTO,1455.9,capital
HTI,TUN,8135.7,capital
HTI,TUR,9921.4,capital
HTI,TUV,12245.8,capital
HTI,TWN,14940.4,capital
HTI,TZA,12127.8,capital
HTI,UGA,11567.1,capital
HTI,UKR,9299.8,capital
HTI,UMI,12327.3,centroid
HTI,UNK,8900.2,capital
HTI,URY,6183.1,capital
HTI,USA,3222.9,centroid
HTI,UZB,12274.7,capital
HTI,VAT,8223.1,capital
HTI,VCT,1330.4,capital
HTI,VEN,1071.0,capital
HTI,VGB,814.0,capital
HTI,VIR,781.7,capital
HTI,VNM,15610.9,capital
HTI,VUT,13736.2,centroid
HTI,WLF,11906.9,capital
HTI,WSM,11465.4,capital
HTI,YEM,12492.7,centroid
HTI,ZAF,11909.7,capital
HTI,ZMB,11637.3,capital
HTI,ZWE,11991.6,capital
HUN,IDN,10352.3,capital
HUN,IMN,1799.3,capital
HUN,IND,5365.0,capital
HUN,IOT,7849.1,centroid
HUN,IRL,1893.6,capital
HUN,IRN,2966.6,capital
HUN,IRQ,2642.1,capital
HUN,ISL,3071.0,capital
HUN,ISR,2221.6,capital
HUN,ITA,808.7,capital
HUN,JAM,8967.8,capital
HUN,JEY,1568.8,capital
HUN,JOR,2243.1,capital
HUN,JPN,9045.9,capital
HUN,KAZ,3737.6,capital
HUN,KEN,5692.5,capital
HUN,KGZ,4290.4,capital
HUN,KHM,8754.7,capital
HUN,KIR,14017.1,centroid
HUN,KNA,7988.9,capital
HUN,KOR,8169.3,capital
HUN,KWT,3195.2,capital
HUN,LAO,8069.6,capital
HUN,LBN,2044.4,capital
HUN,LBR,5386.1,capital
HUN,LBY,1697.8,capital
HUN,LCA,8122.3,capital
HUN,LIE,718.2,capital
HUN,LKA,7273.2,capital
HUN,LSO,8583.2,capital
HUN,LTU,909.8,capital
HUN,LUX,977.3,capital
HUN,LVA,1105.0,capital
HUN,MAC,8535.7,centroid
HUN,MAF,7954.6,capital
HUN,MAR,2625.3,capital
HUN,MCO,994.4,capital
HUN,MDA,742.6,capital
HUN,MDG,7914.0,capital
HUN,MDV,7067.5,capital
HUN,MEX,10361.5,capital
HUN,MHL,13364.2,capital
HUN,MKD,640.2,capital
HUN,MLI,4620.7,capital
HUN,MLT,1342.7,capital
HUN,MMR,7412.6,centroid
HUN,MNE,562.6,capital
HUN,MNG,6188.8,capital
HUN,MNP,11266.3,capital
HUN,MOZ,8280.8,capital
HUN,MRT,4557.7,capital
HUN,MSR,7997.2,capital
HUN,MTQ,8078.9,capital
HUN,MUS,8446.9,capital
HUN,MWI,6990.2,capital
HUN,MYS,9197.9,capital
HUN,MYT,7189.0,capital
HUN,NAM,7792.5,capital
HUN,NCL,15981.6,capital
HUN,NER,4092.1,capital
HUN,NFK,16652.1,capital
HUN,NGA,4410.9,capital
HUN,NIC,10130.1,capital
HUN,NIU,16749.4,capital
HUN,NLD,1146.0,capital
HUN,NOR,1481.8,capital
HUN,NPL,6039.4,capital
HUN,NRU,13943.9,capital
HUN,NZL,17977.3,capital
HUN,OMN,4371.8,capital
HUN,PAK,4704.1,capital
HUN,PAN,9906.1,capital
HUN,PCN,16334.3,capital
HUN,PER,11444.8,capital
HUN,PHL,9684.9,capital
HUN,PLW,11245.0,capital
HUN,PNG,13586.5,capital
HUN,POL,544.7,capital
HUN,PRI,8148.0,capital
HUN,PRK,7976.8,capital
HUN,PRT,2470.1,capital
HUN,PRY,11123.4,capital
HUN,PSE,2208.9,capital
HUN,PYF,16524.8,capital
HUN,QAT,3767.7,capital
HUN,REU,8429.2,capital
HUN,ROU,643.4,capital
HUN,RUS,1568.9,capital
HUN,RWA,5602.1,capital
HUN,SAU,3516.1,capital
HUN,SDN,3763.0,capital
HUN,SEN,4955.5,capital
HUN,SGP,9512.0,capital
HUN,SGS,12498.2,centroid
HUN,SHN,7471.2,capital
HUN,SJM,3419.5,capital
HUN,SLB,14416.6,capital
HUN,SLE,5297.4,capital
HUN,SLV,10204.1,capital
HUN,SMR,661.0,centroid
HUN,SOM,5653.2,capital
HUN,SPM,5454.9,capital
HUN,SRB,319.0,capital
HUN,SSD,4891.3,capital
HUN,STP,5377.7,capital
HUN,SUR,8343.3,capital
HUN,SVK,161.4,capital
HUN,SVN,381.0,capital
HUN,SWE,1317.1,capital
HUN,SWZ,8314.3,capital
HUN,SXM,7955.2,capital
HUN,SYC,6799.4,capital
HUN,SYR,2122.7,capital
HUN,TCA,8280.7,capital
HUN,TCD,3953.0,capital
HUN,TGO,4902.7,capital
HUN,THA,8247.7,capital
HUN,TJK,4090.7,capital
HUN,TKL,15609.4,centroid
HUN,TKM,3343.7,capital
HUN,TLS,11947.7,capital
HUN,TON,16705.2,centroid
HUN,TTO,8428.2,capital
HUN,TUN,1392.6,capital
HUN,TUR,1390.5,capital
HUN,TUV,15293.7,capital
HUN,TWN,8855.3,capital
HUN,TZA,6189.1,capital
HUN,UGA,5407.7,capital
HUN,UKR,899.1,capital
HUN,UMI,11913.1,centroid
HUN,UNK,561.9,capital
HUN,URY,11819.5,capital
HUN,USA,8593.2,centroid
HUN,UZB,3976.2,capital
HUN,VAT,810.6,capital
HUN,VCT,8206.1,capital
HUN,VEN,8844.9,capital
HUN,VGB,8040.9,capital
HUN,VIR,8070.6,capital
HUN,VNM,8068.4,capital
HUN,VUT,15446.6,centroid
HUN,WLF,15956.6,capital
HUN,WSM,16140.0,capital
HUN,YEM,4489.6,centroid
HUN,ZAF,8195.7,capital
HUN,ZMB,7055.1,capital
HUN,ZWE,7362.3,capital
IDN,IMN,11945.5,capital
IDN,IND,5007.6,capital
IDN,IOT,3907.2,centroid
IDN,IRL,12080.7,capital
IDN,IRN,7420.3,capital
IDN,IRQ,7900.7,capital
IDN,ISL,12414.0,capital
IDN,ISR,8663.6,capital
IDN,ITA,10826.6,capital
IDN,JAM,18646.7,capital
IDN,JEY,11901.6,capital
IDN,JOR,8602.8,capital
IDN,JPN,5786.0,capital
IDN,KAZ,7220.5,capital
IDN,KEN,7784.6,capital
IDN,KGZ,6354.3,capital
IDN,KHM,1988.2,capital
IDN,KIR,7392.1,centroid
IDN,KNA,18341.0,capital
IDN,KOR,5296.8,capital
IDN,KWT,7421.9,capital
IDN,LAO,2728.9,capital
IDN,LBN,8701.2,capital
IDN,LBR,13127.1,capital
IDN,LBY,10722.8,capital
IDN,LCA,18429.5,capital
IDN,LIE,11067.1,capital
IDN,LKA,3333.0,capital
IDN,LSO,8639.9,capital
IDN,LTU,10033.4,capital
IDN,LUX,11304.6,capital
IDN,LVA,10149.0,capital
IDN,MAC,3239.2,centroid
IDN,MAF,18303.1,capital
IDN,MAR,12570.2,capital
IDN,MCO,11241.3,capital
IDN,MDA,9612.8,capital
IDN,MDG,6560.0,capital
IDN,MDV,3877.2,capital
IDN,MEX,16846.3,capital
IDN,MHL,7310.5,capital
IDN,MKD,10092.6,capital
IDN,MLI,12845.6,capital
IDN,MLT,10621.5,capital
IDN,MMR,3282.0,centroid
IDN,MNE,10275.9,capital
IDN,MNG,6018.1,capital
IDN,MNP,4904.3,capital
IDN,MOZ,8134.2,capital
IDN,MRT,13686.2,capital
IDN,MSR,18348.3,capital
IDN,MTQ,18398.9,capital
IDN,MUS,5539.0,capital
IDN,MWI,8017.8,capital
IDN,MYS,1187.6,capital
IDN,MYT,6782.8,capital
IDN,NAM,9718.5,capital
IDN,NCL,6623.8,capital
IDN,NER,11757.0,capital
IDN,NFK,6873.8,capital
IDN,NGA,11138.2,capital
IDN,NIC,18434.8,capital
IDN,NIU,9073.9,capital
IDN,NLD,11365.0,capital
IDN,NOR,10945.0,capital
IDN,NPL,4423.7,capital
IDN,NRU,6694.7,capital
IDN,NZL,7715.2,capital
IDN,OMN,6211.9,capital
IDN,PAK,5690.0,capital
IDN,PAN,19248.6,capital
IDN,PCN,12947.7,capital
IDN,PER,17940.2,capital
IDN,PHL,2790.9,capital
IDN,PLW,3438.0,capital
IDN,PNG,4452.2,capital
IDN,POL,10270.9,capital
IDN,PRI,18453.1,capital
IDN,PRK,5395.2,capital
IDN,PRT,12682.6,capital
IDN,PRY,16131.6,capital
IDN,PSE,8668.5,capital
IDN,PYF,11225.9,capital
IDN,QAT,6924.2,capital
IDN,REU,5762.2,capital
IDN,ROU,9762.5,capital
IDN,RUS,9312.1,capital
IDN,RWA,8523.8,capital
IDN,SAU,7352.8,capital
IDN,SDN,8529.4,capital
IDN,SEN,13865.4,capital
IDN,SGP,898.2,capital
IDN,SGS,12477.1,centroid
IDN,SHN,12198.2,capital
IDN,SJM,10711.2,capital
IDN,SLB,5855.9,capital
IDN,SLE,13408.3,capital
IDN,SLV,18073.8,capital
IDN,SMR,10840.1,centroid
IDN,SOM,6888.9,capital
IDN,SPM,15221.1,capital
IDN,SRB,10209.9,capital
IDN,SSD,8444.8,capital
IDN,STP,11129.7,capital
IDN,SUR,18025.7,capital
IDN,SVK,10502.5,capital
IDN,SVN,10684.8,capital
IDN,SWE,10532.4,capital
IDN,SWZ,8273.1,capital
IDN,SXM,18304.0,capital
IDN,SYC,5689.5,capital
IDN,SYR,8619.2,capital
IDN,TCA,18306.0,capital
IDN,TCD,10346.9,capital
IDN,TGO,11800.7,capital
IDN,THA,2328.2,capital
IDN,TJK,6337.0,capital
IDN,TKL,8932.7,centroid
IDN,TKM,7010.5,capital
IDN,TLS,2081.3,capital
IDN,TON,8537.0,centroid
IDN,TTO,18643.2,capital
IDN,TUN,11014.8,capital
IDN,TUR,9107.5,capital
IDN,TUV,7971.6,capital
IDN,TWN,3822.5,capital
IDN,TZA,7853.5,capital
IDN,UGA,8272.2,capital
IDN,UKR,9585.5,capital
IDN,UMI,7130.8,centroid
IDN,UNK,10124.1,capital
IDN,URY,15109.1,capital
IDN,USA,15739.7,centroid
IDN,UZB,6520.5,capital
IDN,VAT,10831.4,capital
IDN,VCT,18497.7,capital
IDN,VEN,19177.1,capital
IDN,VGB,18372.0,capital
IDN,VIR,18398.5,capital
IDN,VNM,3030.8,capital
IDN,VUT,6631.9,centroid
IDN,WLF,8444.8,capital
IDN,WSM,8916.4,capital
IDN,YEM,6899.1,centroid
IDN,ZAF,8573.9,capital
IDN,ZMB,8601.7,capital
IDN,ZWE,8296.0,capital
IMN,IND,6944.3,capital
IMN,IOT,9648.4,centroid
IMN,IRL,147.4,capital
IMN,IRN,4704.2,capital
IMN,IRQ,4436.0,capital
IMN,ISL,1479.8,capital
IMN,ISR,3993.9,capital
IMN,ITA,1849.4,capital
IMN,JAM,7248.2,capital
IMN,JEY,575.5,capital
IMN,JOR,4022.1,capital
IMN,JPN,9451.3,capital
IMN,KAZ,4879.4,capital
IMN,KEN,7233.9,capital
IMN,KGZ,5642.3,capital
IMN,KHM,10186.7,capital
IMN,KIR,13832.0,centroid
IMN,KNA,6408.8,capital
IMN,KOR,8810.4,capital
IMN,KWT,4991.1,capital
IMN,LAO,9456.6,capital
IMN,LBN,3832.1,capital
IMN,LBR,5350.9,capital
IMN,LBY,2743.2,capital
IMN,LCA,6601.6,capital
IMN,LIE,1254.2,capital
IMN,LKA,9014.1,capital
IMN,LSO,9775.9,capital
IMN,LTU,1912.1,capital
IMN,LUX,885.0,capital
IMN,LVA,1811.2,capital
IMN,MAC,9683.0,centroid
IMN,MAF,6362.0,capital
IMN,MAR,2246.6,capital
IMN,MCO,1443.8,capital
IMN,MDA,2457.7,capital
IMN,MDG,9508.7,capital
IMN,MDV,8851.0,capital
IMN,MEX,8562.4,capital
IMN,MHL,13194.5,capital
IMN,MKD,2330.8,capital
IMN,MLI,4629.3,capital
IMN,MLT,2502.3,capital
IMN,MMR,8813.9,centroid
IMN,MNE,2169.1,capital
IMN,MNG,6973.3,capital
IMN,MNP,11801.7,capital
IMN,MOZ,9591.4,capital
IMN,MRT,4129.5,capital
IMN,MSR,6429.9,capital
IMN,MTQ,6550.2,capital
IMN,MUS,10142.1,capital
IMN,MWI,8394.0,capital
IMN,MYS,10763.9,capital
IMN,MYT,8789.7,capital
IMN,NAM,8776.5,capital
IMN,NCL,16389.8,capital
IMN,NER,4555.3,capital
IMN,NFK,17158.7,capital
IMN,NGA,5126.3,capital
IMN,NIC,8382.2,capital
IMN,NIU,15919.5,capital
IMN,NLD,653.4,capital
IMN,NOR,1118.3,capital
IMN,NPL,7534.0,capital
IMN,NRU,14003.3,capital
IMN,NZL,18583.7,capital
IMN,OMN,6152.1,capital
IMN,PAK,6257.6,capital
IMN,PAN,8225.5,capital
IMN,PCN,14535.4,capital
IMN,PER,9990.4,capital
IMN,PHL,10802.5,capital
IMN,PLW,12171.3,capital
IMN,PNG,14446.9,capital
IMN,POL,1702.5,capital
IMN,PRI,6517.9,capital
IMN,PRK,8616.5,capital
IMN,PRT,1751.1,capital
IMN,PRY,10190.7,capital
IMN,PSE,3982.0,capital
IMN,PYF,14966.7,capital
IMN,QAT,5564.4,capital
IMN,REU,10101.7,capital
IMN,ROU,2441.7,capital
IMN,RUS,2652.7,capital
IMN,RWA,7001.2,capital
IMN,SAU,5313.2,capital
IMN,SDN,5348.5,capital
IMN,SEN,4530.1,capital
IMN,SGP,11069.6,capital
IMN,SGS,12443.5,centroid
IMN,SHN,7792.9,capital
IMN,SJM,2788.7,capital
IMN,SLB,14853.7,capital
IMN,SLE,5137.3,capital
IMN,SLV,8434.9,capital
IMN,SMR,1681.8,centroid
IMN,SOM,7341.3,capital
IMN,SPM,3662.4,capital
IMN,SRB,2064.6,capital
IMN,SSD,6371.2,capital
IMN,STP,6071.5,capital
IMN,SUR,7019.6,capital
IMN,SVK,1638.7,capital
IMN,SVN,1618.4,capital
IMN,SWE,1481.8,capital
IMN,SWZ,9595.6,capital
IMN,SXM,6363.5,capital
IMN,SYC,8547.7,capital
IMN,SYR,3912.4,capital
IMN,TCA,6579.2,capital
IMN,TCD,4980.4,capital
IMN,TGO,5364.4,capital
IMN,THA,9716.8,capital
IMN,TJK,5608.5,capital
IMN,TKL,14872.9,centroid
IMN,TKM,4985.9,capital
IMN,TLS,13294.5,capital
IMN,TON,16133.2,centroid
IMN,TTO,6939.3,capital
IMN,TUN,2230.1,capital
IMN,TUR,3189.7,capital
IMN,TUV,14931.1,capital
IMN,TWN,9808.1,capital
IMN,TZA,7678.8,capital
IMN,UGA,6877.3,capital
IMN,UKR,2390.0,capital
IMN,UMI,11803.8,centroid
IMN,UNK,2263.1,capital
IMN,URY,11070.9,capital
IMN,USA,6826.9,centroid
IMN,UZB,5430.9,capital
IMN,VAT,1845.6,capital
IMN,VCT,6692.2,capital
IMN,VEN,7285.4,capital
IMN,VGB,6427.1,capital
IMN,VIR,6454.3,capital
IMN,VNM,9363.5,capital
IMN,VUT,15709.4,centroid
IMN,WLF,15412.8,capital
IMN,WSM,15396.4,capital
IMN,YEM,6264.4,centroid
IMN,ZAF,9420.6,capital
IMN,ZMB,8335.7,capital
IMN,ZWE,8688.6,capital
IND,IOT,3898.1,centroid
IND,IRL,7077.2,capital
IND,IRN,2543.4,capital
IND,IRQ,3158.6,capital
IND,ISL,7590.1,capital
IND,ISR,4026.8,capital
IND,ITA,5915.2,capital
IND,JAM,14126.5,capital
IND,JEY,6898.4,capital
IND,JOR,3956.2,capital
IND,JPN,5836.5,capital
IND,KAZ,2554.3,capital
IND,KEN,5435.5,capital
IND,KGZ,1601.8,capital
IND,KHM,3443.7,capital
IND,KIR,10496.1,centroid
IND,KNA,13336.4,capital
IND,KOR,4685.9,capital
IND,KWT,2837.7,capital
IND,LAO,2842.1,capital
IND,LBN,3981.0,capital
IND,LBR,9479.2,capital
IND,LBY,6042.8,capital
IND,LCA,13486.4,capital
IND,LIE,6083.1,capital
IND,LKA,2427.2,capital
IND,LSO,8330.7,capital
IND,LTU,5034.2,capital
IND,LUX,6302.9,capital
IND,LVA,5165.7,capital
IND,MAC,3705.2,centroid
IND,MAF,13295.6,capital
IND,MAR,7774.2,capital
IND,MCO,6295.5,capital
IND,MDA,4622.5,capital
IND,MDG,6172.9,capital
IND,MDV,2746.3,capital
IND,MEX,14657.8,capital
IND,MHL,10034.0,capital
IND,MKD,5179.4,capital
IND,MLI,8877.8,capital
IND,MLT,5851.8,capital
IND,MMR,2211.4,centroid
IND,MNE,5355.6,capital
IND,MNG,3326.7,capital
IND,MNP,7136.2,capital
IND,MOZ,7716.6,capital
IND,MRT,9355.1,capital
IND,MSR,13350.2,capital
IND,MTQ,13442.0,capital
IND,MUS,5822.9,capital
IND,MWI,6649.3,capital
IND,MYS,3837.7,capital
IND,MYT,5746.2,capital
IND,NAM,8594.8,capital
IND,NCL,11100.5,capital
IND,NER,7856.0,capital
IND,NFK,11569.4,capital
IND,NGA,7552.5,capital
IND,NIC,15147.2,capital
IND,NIU,13188.3,capital
IND,NLD,6357.4,capital
IND,NOR,5985.7,capital
IND,NPL,801.0,capital
IND,NRU,10008.6,capital
IND,NZL,12649.2,capital
IND,OMN,1957.1,capital
IND,PAK,692.0,capital
IND,PAN,15143.5,capital
IND,PCN,17282.3,capital
IND,PER,16771.0,capital
IND,PHL,4754.7,capital
IND,PLW,6438.9,capital
IND,PNG,8606.4,capital
IND,POL,5263.3,capital
IND,PRI,13461.8,capital
IND,PRK,4574.3,capital
IND,PRT,7776.4,capital
IND,PRY,15551.8,capital
IND,PSE,4026.4,capital
IND,PYF,15105.4,capital
IND,QAT,2567.5,capital
IND,REU,5979.7,capital
IND,ROU,4804.3,capital
IND,RUS,4342.0,capital
IND,RWA,6063.5,capital
IND,SAU,3053.4,capital
IND,SDN,4796.7,capital
IND,SEN,9672.7,capital
IND,SGP,4150.1,capital
IND,SGS,14099.7,centroid
IND,SHN,10183.3,capital
IND,SJM,6264.9,capital
IND,SLB,9810.1,capital
IND,SLE,9600.3,capital
IND,SLV,15088.3,capital
IND,SMR,5897.6,centroid
IND,SOM,4487.5,capital
IND,SPM,10414.9,capital
IND,SRB,5251.8,capital
IND,SSD,5481.7,capital
IND,STP,8092.7,capital
IND,SUR,13639.1,capital
IND,SVK,5510.5,capital
IND,SVN,5712.8,capital
IND,SWE,5569.2,capital
IND,SWZ,7849.9,capital
IND,SXM,13296.7,capital
IND,SYC,4368.1,capital
IND,SYR,3910.4,capital
IND,TCA,13493.2,capital
IND,TCD,6663.2,capital
IND,TGO,8316.1,capital
IND,THA,2916.1,capital
IND,TJK,1349.9,capital
IND,TKL,12508.9,centroid
IND,TKM,2028.8,capital
IND,TLS,6631.3,capital
IND,TON,12739.5,centroid
IND,TTO,13792.4,capital
IND,TUN,6212.3,capital
IND,TUR,4218.1,capital
IND,TUV,11625.2,capital
IND,TWN,4389.8,capital
IND,TZA,5888.9,capital
IND,UGA,5687.5,capital
IND,UKR,4578.1,capital
IND,UMI,8940.3,centroid
IND,UNK,5198.8,capital
IND,URY,15594.2,capital
IND,USA,12582.7,centroid
IND,UZB,1581.9,capital
IND,VAT,5919.7,capital
IND,VCT,13570.8,capital
IND,VEN,14202.8,capital
IND,VGB,13368.2,capital
IND,VIR,13396.0,capital
IND,VNM,3001.4,capital
IND,VUT,10830.9,centroid
IND,WLF,12314.7,capital
IND,WSM,12770.7,capital
IND,YEM,3361.3,centroid
IND,ZAF,7996.9,capital
IND,ZMB,7184.6,capital
IND,ZWE,7160.5,capital
IOT,IRL,9738.8,centroid
IOT,IRN,5088.7,centroid
IOT,IRQ,5224.6,centroid
IOT,ISL,10772.3,centroid
IOT,ISR,5693.7,centroid
IOT,ITA,7988.6,centroid
IOT,JAM,16326.0,centroid
IOT,JEY,9341.5,centroid
IOT,JOR,5655.8,centroid
IOT,JPN,8469.4,centroid
IOT,KAZ,6358.1,centroid
IOT,KEN,3883.1,centroid
IOT,KGZ,5443.1,centroid
IOT,KHM,4180.6,centroid
IOT,KIR,11295.6,centroid
IOT,KNA,14888.7,centroid
IOT,KOR,7503.3,centroid
IOT,KWT,4667.6,centroid
IOT,LAO,4329.9,centroid
IOT,LBN,5831.1,centroid
IOT,LBR,9234.6,centroid
IOT,LBY,7510.9,centroid
IOT,LCA,14748.1,centroid
IOT,LIE,8455.7,centroid
IOT,LKA,1710.8,centroid
IOT,LSO,5288.7,centroid
IOT,LTU,7983.2,centroid
IOT,LUX,8796.2,centroid
IOT,LVA,8202.2,centroid
IOT,MAC,5545.7,centroid
IOT,MAF,14912.8,centroid
IOT,MAR,9316.6,centroid
IOT,MCO,8451.3,centroid
IOT,MDA,7229.2,centroid
IOT,MDG,2965.5,centroid
IOT,MDV,1153.2,centroid
IOT,MEX,18210.2,centroid
IOT,MHL,11175.2,centroid
IOT,MKD,7354.6,centroid
IOT,MLI,9019.5,centroid
IOT,MLT,7540.3,centroid
IOT,MMR,4245.5,centroid
IOT,MNE,7531.6,centroid
IOT,MNG,6919.4,centroid
IOT,MNP,8509.4,centroid
IOT,MOZ,4686.3,centroid
IOT,MRT,9949.3,centroid
IOT,MSR,14844.1,centroid
IOT,MTQ,14749.5,centroid
IOT,MUS,2182.9,centroid
IOT,MWI,4218.0,centroid
IOT,MYS,3502.7,centroid
IOT,MYT,2976.7,centroid
IOT,NAM,6108.4,centroid
IOT,NCL,10261.0,centroid
IOT,NER,7959.5,centroid
IOT,NFK,10308.0,centroid
IOT,NGA,7288.1,centroid
IOT,NIC,17480.2,centroid
IOT,NIU,12738.1,centroid
IOT,NLD,8995.1,centroid
IOT,NOR,9028.0,centroid
IOT,NPL,4030.8,centroid
IOT,NRU,10601.0,centroid
IOT,NZL,10662.6,centroid
IOT,OMN,3583.5,centroid
IOT,PAK,4419.8,centroid
IOT,PAN,16803.9,centroid
IOT,PCN,15844.8,centroid
IOT,PER,15998.3,centroid
IOT,PHL,5916.6,centroid
IOT,PLW,7160.9,centroid
IOT,PNG,8329.7,centroid
IOT,POL,8033.4,centroid
IOT,PRI,15218.9,centroid
IOT,PRK,7486.5,centroid
IOT,PRT,9620.8,centroid
IOT,PRY,13514.3,centroid
IOT,PSE,5704.1,centroid
IOT,PYF,14801.7,centroid
IOT,QAT,4094.2,centroid
IOT,REU,2393.8,centroid
IOT,ROU,7207.2,centroid
IOT,RUS,7536.2,centroid
IOT,RWA,4617.5,centroid
IOT,SAU,4340.4,centroid
IOT,SDN,4914.8,centroid
IOT,SEN,10063.5,centroid
IOT,SGP,3681.9,centroid
IOT,SGS,10633.9,centroid
IOT,SHN,8461.7,centroid
IOT,SJM,9933.6,centroid
IOT,SLB,9729.2,centroid
IOT,SLE,9530.4,centroid
IOT,SLV,17734.9,centroid
IOT,SMR,8088.4,centroid
IOT,SOM,3038.7,centroid
IOT,SPM,13288.0,centroid
IOT,SRB,7592.3,centroid
IOT,SSD,4593.0,centroid
IOT,STP,7222.9,centroid
IOT,SUR,14118.9,centroid
IOT,SVK,8009.7,centroid
IOT,SVN,8061.6,centroid
IOT,SWE,8644.3,centroid
IOT,SWZ,4835.1,centroid
IOT,SXM,14909.7,centroid
IOT,SYC,1783.0,centroid
IOT,SYR,5748.5,centroid
IOT,TCA,15646.1,centroid
IOT,TCD,6557.7,centroid
IOT,TGO,7915.3,centroid
IOT,THA,3882.1,centroid
IOT,TJK,4960.1,centroid
IOT,TKL,12782.6,centroid
IOT,TKM,5072.1,centroid
IOT,TLS,5966.6,centroid
IOT,TON,12196.7,centroid
IOT,TTO,14825.0,centroid
IOT,TUN,7937.2,centroid
IOT,TUR,6458.9,centroid
IOT,TUV,11838.4,centroid
IOT,TWN,6414.5,centroid
IOT,TZA,3953.3,centroid
IOT,UGA,4376.4,centroid
IOT,UKR,7403.5,centroid
IOT,UMI,10764.5,centroid
IOT,UNK,7414.3,centroid
IOT,URY,12901.9,centroid
IOT,USA,16272.0,centroid
IOT,UZB,5260.7,centroid
IOT,VAT,7993.3,centroid
IOT,VCT,14779.1,centroid
IOT,VEN,15411.2,centroid
IOT,VGB,15065.9,centroid
IOT,VIR,15099.8,centroid
IOT,VNM,4803.3,centroid
IOT,VUT,10408.0,centroid
IOT,WLF,12242.6,centroid
IOT,WSM,12694.8,centroid
IOT,YEM,3487.2,centroid
IOT,ZAF,5092.3,centroid
IOT,ZMB,4826.1,centroid
IOT,ZWE,4580.4,centroid
IRL,IRN,4818.5,capital
IRL,IRQ,4535.0,capital
IRL,ISL,1494.1,capital
IRL,ISR,4070.4,capital
IRL,ITA,1885.8,capital
IRL,JAM,7126.2,capital
IRL,JEY,543.5,capital
IRL,JOR,4100.7,capital
IRL,JPN,9585.9,capital
IRL,KAZ,5025.2,capital
IRL,KEN,7258.7,capital
IRL,KGZ,5784.3,capital
IRL,KHM,10329.2,capital
IRL,KIR,13926.8,centroid
IRL,KNA,6271.6,capital
IRL,KOR,8952.5,capital
IRL,KWT,5088.7,capital
IRL,LAO,9600.1,capital
IRL,LBN,3914.4,capital
IRL,LBR,5246.0,capital
IRL,LBY,2747.8,capital
IRL,LCA,6461.1,capital
IRL,LIE,1311.8,capital
IRL,LKA,9130.7,capital
IRL,LSO,9750.9,capital
IRL,LTU,2048.2,capital
IRL,LUX,950.6,capital
IRL,LVA,1953.4,capital
IRL,MAC,9830.3,centroid
IRL,MAF,6225.7,capital
IRL,MAR,2148.8,capital
IRL,MCO,1462.0,capital
IRL,MDA,2568.4,capital
IRL,MDG,9537.2,capital
IRL,MDV,8956.0,capital
IRL,MEX,8473.1,capital
IRL,MHL,13292.7,capital
IRL,MKD,2403.2,capital
IRL,MLI,4530.9,capital
IRL,MLT,2522.3,capital
IRL,MMR,8956.7,centroid
IRL,MNE,2236.5,capital
IRL,MNG,7119.3,capital
IRL,MNP,11937.6,capital
IRL,MOZ,9580.2,capital
IRL,MRT,4008.6,capital
IRL,MSR,6291.9,capital
IRL,MTQ,6410.1,capital
IRL,MUS,10189.3,capital
IRL,MWI,8397.1,capital
IRL,MYS,10900.3,capital
IRL,MYT,8820.5,capital
IRL,NAM,8733.5,capital
IRL,NCL,16506.5,capital
IRL,NER,4488.7,capital
IRL,NFK,17274.5,capital
IRL,NGA,5075.4,capital
IRL,NIC,8266.1,capital
IRL,NIU,15952.9,capital
IRL,NLD,754.7,capital
IRL,NOR,1265.4,capital
IRL,NPL,7672.2,capital
IRL,NRU,14112.2,capital
IRL,NZL,18673.4,capital
IRL,OMN,6257.7,capital
IRL,PAK,6391.5,capital
IRL,PAN,8098.6,capital
IRL,PCN,14441.8,capital
IRL,PER,9848.9,capital
IRL,PHL,10949.9,capital
IRL,PLW,12316.8,capital
IRL,PNG,14589.2,capital
IRL,POL,1826.4,capital
IRL,PRI,6384.6,capital
IRL,PRK,8758.8,capital
IRL,PRT,1639.3,capital
IRL,PRY,10044.2,capital
IRL,PSE,4058.8,capital
IRL,PYF,14932.7,capital
IRL,QAT,5661.3,capital
IRL,REU,10143.9,capital
IRL,ROU,2537.0,capital
IRL,RUS,2794.6,capital
IRL,RWA,7007.7,capital
IRL,SAU,5400.1,capital
IRL,SDN,5385.2,capital
IRL,SEN,4407.4,capital
IRL,SGP,11206.7,capital
IRL,SGS,12319.7,centroid
IRL,SHN,7701.3,capital
IRL,SJM,2897.9,capital
IRL,SLB,14979.3,capital
IRL,SLE,5026.1,capital
IRL,SLV,8324.2,capital
IRL,SMR,1728.7,centroid
IRL,SOM,7390.9,capital
IRL,SPM,3561.5,capital
IRL,SRB,2147.7,capital
IRL,SSD,6389.9,capital
IRL,STP,6013.7,capital
IRL,SUR,6873.3,capital
IRL,SVK,1732.3,capital
IRL,SVN,1689.6,capital
IRL,SWE,1628.7,capital
IRL,SWZ,9580.9,capital
IRL,SXM,6227.1,capital
IRL,SYC,8610.4,capital
IRL,SYR,3995.6,capital
IRL,TCA,6454.1,capital
IRL,TCD,4957.2,capital
IRL,TGO,5292.5,capital
IRL,THA,9857.6,capital
IRL,TJK,5743.7,capital
IRL,TKL,14922.2,centroid
IRL,TKM,5111.7,capital
IRL,TLS,13440.5,capital
IRL,TON,16185.4,centroid
IRL,TTO,6797.5,capital
IRL,TUN,2231.8,capital
IRL,TUR,3283.1,capital
IRL,TUV,15008.5,capital
IRL,TWN,9954.8,capital
IRL,TZA,7695.1,capital
IRL,UGA,6893.1,capital
IRL,UKR,2515.1,capital
IRL,UMI,11909.7,centroid
IRL,UNK,2337.8,capital
IRL,URY,10926.7,capital
IRL,USA,6762.1,centroid
IRL,UZB,5568.9,capital
IRL,VAT,1881.8,capital
IRL,VCT,6551.4,capital
IRL,VEN,7147.5,capital
IRL,VGB,6292.4,capital
IRL,VIR,6319.8,capital
IRL,VNM,9509.1,capital
IRL,VUT,15822.2,centroid
IRL,WLF,15473.6,capital
IRL,WSM,15441.5,capital
IRL,YEM,6338.3,centroid
IRL,ZAF,9400.0,capital
IRL,ZMB,8324.2,capital
IRL,ZWE,8681.6,capital
IRN,IRQ,694.2,capital
IRN,ISL,5692.2,capital
IRN,ISR,1558.7,capital
IRN,ITA,3411.6,capital
IRN,JAM,11932.4,capital
IRN,JEY,4535.4,capital
IRN,JOR,1487.0,capital
IRN,JPN,7659.3,capital
IRN,KAZ,2346.8,capital
IRN,KEN,4382.1,capital
IRN,KGZ,2139.0,capital
IRN,KHM,5984.8,capital
IRN,KIR,12704.1,centroid
IRN,KNA,10926.5,capital
IRN,KOR,6551.2,capital
IRN,KWT,774.1,capital
IRN,LAO,5378.8,capital
IRN,LBN,1465.8,capital
IRN,LBR,7102.9,capital
IRN,LBY,3504.3,capital
IRN,LCA,11028.3,capital
IRN,LIE,3667.2,capital
IRN,LKA,4313.3,capital
IRN,LSO,7650.8,capital
IRN,LTU,2909.4,capital
IRN,LUX,3941.7,capital
IRN,LVA,3118.1,capital
IRN,MAC,6129.9,centroid
IRN,MAF,10897.8,capital
IRN,MAR,5238.5,capital
IRN,MCO,3821.0,capital
IRN,MDA,2251.9,capital
IRN,MDG,6085.9,capital
IRN,MDV,4173.3,capital
IRN,MEX,13145.4,capital
IRN,MHL,12153.2,capital
IRN,MKD,2674.9,capital
IRN,MLI,6442.3,capital
IRN,MLT,3308.5,capital
IRN,MMR,4736.4,centroid
IRN,MNE,2857.0,capital
IRN,MNG,4684.7,capital
IRN,MNP,9408.5,capital
IRN,MOZ,7136.2,capital
IRN,MRT,6833.8,capital
IRN,MSR,10929.0,capital
IRN,MTQ,10989.9,capital
IRN,MUS,6243.9,capital
IRN,MWI,5825.6,capital
IRN,MYS,6294.7,capital
IRN,MYT,5429.6,capital
IRN,NAM,7417.4,capital
IRN,NCL,13634.9,capital
IRN,NER,5489.9,capital
IRN,NFK,14112.3,capital
IRN,NGA,5334.3,capital
IRN,NIC,13084.3,capital
IRN,NIU,15574.9,capital
IRN,NLD,4065.6,capital
IRN,NOR,3952.8,capital
IRN,NPL,3309.8,capital
IRN,NRU,12321.6,capital
IRN,NZL,15133.2,capital
IRN,OMN,1505.2,capital
IRN,PAK,1984.5,capital
IRN,PAN,12870.7,capital
IRN,PCN,18824.3,capital
IRN,PER,14232.7,capital
IRN,PHL,7235.1,capital
IRN,PLW,8909.7,capital
IRN,PNG,11135.0,capital
IRN,POL,3013.4,capital
IRN,PRI,11103.7,capital
IRN,PRK,6389.8,capital
IRN,PRT,5275.5,capital
IRN,PRY,13263.7,capital
IRN,PSE,1554.7,capital
IRN,PYF,17124.2,capital
IRN,QAT,1157.5,capital
IRN,REU,6305.3,capital
IRN,ROU,2350.7,capital
IRN,RUS,2463.8,capital
IRN,RWA,4737.3,capital
IRN,SAU,1304.1,capital
IRN,SDN,2921.3,capital
IRN,SEN,7166.9,capital
IRN,SGP,6611.1,capital
IRN,SGS,13067.3,centroid
IRN,SHN,8307.7,capital
IRN,SJM,5016.8,capital
IRN,SLB,12287.1,capital
IRN,SLE,7176.2,capital
IRN,SLV,13137.4,capital
IRN,SMR,3419.9,centroid
IRN,SOM,3794.6,capital
IRN,SPM,8351.5,capital
IRN,SRB,2794.9,capital
IRN,SSD,3986.4,capital
IRN,STP,6059.5,capital
IRN,SUR,11102.4,capital
IRN,SVK,3124.1,capital
IRN,SVN,3275.7,capital
IRN,SWE,3560.2,capital
IRN,SWZ,7230.8,capital
IRN,SXM,10898.0,capital
IRN,SYC,4502.5,capital
IRN,SYR,1404.5,capital
IRN,TCA,11247.1,capital
IRN,TCD,4490.6,capital
IRN,TGO,6072.0,capital
IRN,THA,5453.9,capital
IRN,TJK,1568.6,capital
IRN,TKL,14718.6,centroid
IRN,TKM,668.3,capital
IRN,TLS,9161.0,capital
IRN,TON,15180.6,centroid
IRN,TTO,11310.5,capital
IRN,TUN,3672.3,capital
IRN,TUR,1693.9,capital
IRN,TUV,13937.4,capital
IRN,TWN,6690.5,capital
IRN,TZA,4935.5,capital
IRN,UGA,4390.0,capital
IRN,UKR,2345.6,capital
IRN,UMI,10861.6,centroid
IRN,UNK,2704.2,capital
IRN,URY,13606.7,capital
IRN,USA,11199.5,centroid
IRN,UZB,1664.3,capital
IRN,VAT,3416.3,capital
IRN,VCT,11107.2,capital
IRN,VEN,11765.2,capital
IRN,VGB,10991.6,capital
IRN,VIR,11022.1,capital
IRN,VNM,5496.1,capital
IRN,VUT,13327.8,centroid
IRN,WLF,14660.0,capital
IRN,WSM,15078.0,capital
IRN,YEM,2326.2,centroid
IRN,ZAF,7254.7,capital
IRN,ZMB,6182.3,capital
IRN,ZWE,6326.5,capital
IRQ,ISL,5574.0,capital
IRQ,ISR,878.0,capital
IRQ,ITA,2945.4,capital
IRQ,JAM,11562.9,capital
IRQ,JEY,4186.1,capital
IRQ,JOR,806.3,capital
IRQ,JPN,8344.5,capital
IRQ,KAZ,2950.7,capital
IRQ,KEN,3931.2,capital
IRQ,KGZ,2827.0,capital
IRQ,KHM,6575.6,capital
IRQ,KIR,13398.3,centroid
IRQ,KNA,10463.4,capital
IRQ,KOR,7241.6,capital
IRQ,KWT,557.0,capital
IRQ,LAO,6000.4,capital
IRQ,LBN,826.1,capital
IRQ,LBR,6416.7,capital
IRQ,LBY,2896.6,capital
IRQ,LCA,10533.3,capital
IRQ,LIE,3297.1,capital
IRQ,LKA,4681.5,capital
IRQ,LSO,7191.3,capital
IRQ,LTU,2803.4,capital
IRQ,LUX,3611.0,capital
IRQ,LVA,3043.7,capital
IRQ,MAC,6797.9,centroid
IRQ,MAF,10442.1,capital
IRQ,MAR,4690.1,capital
IRQ,MCO,3384.7,capital
IRQ,MDA,2005.7,capital
IRQ,MDG,5819.9,capital
IRQ,MDV,4428.5,capital
IRQ,MEX,12986.5,capital
IRQ,MHL,12845.4,capital
IRQ,MKD,2229.7,capital
IRQ,MLI,5765.8,capital
IRQ,MLT,2738.9,capital
IRQ,MMR,5368.0,centroid
IRQ,MNE,2414.8,capital
IRQ,MNG,5359.2,capital
IRQ,MNP,10099.8,capital
IRQ,MOZ,6711.9,capital
IRQ,MRT,6196.6,capital
IRQ,MSR,10458.9,capital
IRQ,MTQ,10499.4,capital
IRQ,MUS,6109.4,capital
IRQ,MWI,5379.6,capital
IRQ,MYS,6811.0,capital
IRQ,MYT,5129.4,capital
IRQ,NAM,6857.0,capital
IRQ,NCL,14256.3,capital
IRQ,NER,4800.4,capital
IRQ,NFK,14691.1,capital
IRQ,NGA,4640.9,capital
IRQ,NIC,12744.9,capital
IRQ,NIU,16263.6,capital
IRQ,NLD,3783.5,capital
IRQ,NOR,3835.7,capital
IRQ,NPL,3944.2,capital
IRQ,NRU,13013.0,capital
IRQ,NZL,15599.6,capital
IRQ,OMN,1743.9,capital
IRQ,PAK,2646.6,capital
IRQ,PAN,12453.4,capital
IRQ,PCN,18951.9,capital
IRQ,PER,13647.2,capital
IRQ,PHL,7890.7,capital
IRQ,PLW,9570.6,capital
IRQ,PNG,11764.9,capital
IRQ,POL,2813.0,capital
IRQ,PRI,10668.1,capital
IRQ,PRK,7078.7,capital
IRQ,PRT,4784.2,capital
IRQ,PRY,12576.8,capital
IRQ,PSE,875.8,capital
IRQ,PYF,17771.5,capital
IRQ,QAT,1130.7,capital
IRQ,REU,6142.2,capital
IRQ,ROU,1999.2,capital
IRQ,RUS,2546.5,capital
IRQ,RWA,4202.6,capital
IRQ,SAU,988.2,capital
IRQ,SDN,2310.0,capital
IRQ,SEN,6518.2,capital
IRQ,SGP,7126.8,capital
IRQ,SGS,12455.9,centroid
IRQ,SHN,7631.9,capital
IRQ,SJM,5177.8,capital
IRQ,SLB,12949.3,capital
IRQ,SLE,6498.1,capital
IRQ,SLV,12836.3,capital
IRQ,SMR,2989.7,centroid
IRQ,SOM,3482.2,capital
IRQ,SPM,8096.4,capital
IRQ,SRB,2413.9,capital
IRQ,SSD,3434.7,capital
IRQ,STP,5377.0,capital
IRQ,SUR,10530.3,capital
IRQ,SVK,2803.5,capital
IRQ,SVN,2897.6,capital
IRQ,SWE,3477.9,capital
IRQ,SWZ,6795.0,capital
IRQ,SXM,10441.8,capital
IRQ,SYC,4378.6,capital
IRQ,SYR,752.6,capital
IRQ,TCA,10864.8,capital
IRQ,TCD,3801.3,capital
IRQ,TGO,5377.8,capital
IRQ,THA,6040.1,capital
IRQ,TJK,2262.0,capital
IRQ,TKL,15411.7,centroid
IRQ,TKM,1361.7,capital
IRQ,TLS,9720.9,capital
IRQ,TON,15858.3,centroid
IRQ,TTO,10796.1,capital
IRQ,TUN,3122.5,capital
IRQ,TUR,1261.9,capital
IRQ,TUV,14630.1,capital
IRQ,TWN,7376.2,capital
IRQ,TZA,4487.6,capital
IRQ,UGA,3874.3,capital
IRQ,UKR,2214.5,capital
IRQ,UMI,11544.3,centroid
IRQ,UNK,2274.4,capital
IRQ,URY,12912.9,capital
IRQ,USA,11135.5,centroid
IRQ,UZB,2354.8,capital
IRQ,VAT,2950.3,capital
IRQ,VCT,10607.7,capital
IRQ,VEN,11277.9,capital
IRQ,VGB,10547.1,capital
IRQ,VIR,10578.8,capital
IRQ,VNM,6143.6,capital
IRQ,VUT,13982.0,centroid
IRQ,WLF,15351.5,capital
IRQ,WSM,15771.8,capital
IRQ,YEM,2071.4,centroid
IRQ,ZAF,6790.0,capital
IRQ,ZMB,5683.9,capital
IRQ,ZWE,5863.5,capital
ISL,ISR,5285.6,capital
ISL,ITA,3300.7,capital
ISL,JAM,6548.9,capital
ISL,JEY,2037.0,capital
ISL,JOR,5301.9,capital
ISL,JPN,8797.6,capital
ISL,KAZ,5198.8,capital
ISL,KEN,8683.4,capital
ISL,KGZ,6096.3,capital
ISL,KHM,10490.5,capital
ISL,KIR,12623.8,centroid
ISL,KNA,6044.6,capital
ISL,KOR,8380.6,capital
ISL,KWT,6127.0,capital
ISL,LAO,9736.4,capital
ISL,LBN,5095.1,capital
ISL,LBR,6491.8,capital
ISL,LBY,4221.6,capital
ISL,LCA,6327.2,capital
ISL,LIE,2679.8,capital
ISL,LKA,9876.9,capital
ISL,LSO,11244.5,capital
ISL,LTU,2789.2,capital
ISL,LUX,2311.8,capital
ISL,LVA,2574.1,capital
ISL,MAC,9678.5,centroid
ISL,MAF,5977.7,capital
ISL,MAR,3504.0,capital
ISL,MCO,2918.1,capital
ISL,MDA,3578.2,capital
ISL,MDG,10945.5,capital
ISL,MDV,9851.2,capital
ISL,MEX,7453.5,capital
ISL,MHL,12017.5,capital
ISL,MKD,3678.3,capital
ISL,MLI,5830.6,capital
ISL,MLT,3970.3,capital
ISL,MMR,9141.7,centroid
ISL,MNE,3539.3,capital
ISL,MNG,6784.6,capital
ISL,MNP,11128.9,capital
ISL,MOZ,11070.7,capital
ISL,MRT,5140.0,capital
ISL,MSR,6087.2,capital
ISL,MTQ,6265.8,capital
ISL,MUS,11517.4,capital
ISL,MWI,9870.6,capital
ISL,MYS,11236.0,capital
ISL,MYT,10222.3,capital
ISL,NAM,10211.7,capital
ISL,NCL,15319.7,capital
ISL,NER,5925.7,capital
ISL,NFK,16052.2,capital
ISL,NGA,6545.8,capital
ISL,NIC,7567.4,capital
ISL,NIU,14461.5,capital
ISL,NLD,2014.4,capital
ISL,NOR,1744.5,capital
ISL,NPL,8039.7,capital
ISL,NRU,12908.2,capital
ISL,NZL,17257.1,capital
ISL,OMN,7194.3,capital
ISL,PAK,6902.5,capital
ISL,PAN,7583.4,capital
ISL,PCN,13377.9,capital
ISL,PER,9649.6,capital
ISL,PHL,10708.0,capital
ISL,PLW,11810.5,capital
ISL,PNG,13876.3,capital
ISL,POL,2769.4,capital
ISL,PRI,6053.0,capital
ISL,PRK,8196.7,capital
ISL,PRT,2947.6,capital
ISL,PRY,10417.1,capital
ISL,PSE,5272.4,capital
ISL,PYF,13531.3,capital
ISL,QAT,6694.8,capital
ISL,REU,11495.6,capital
ISL,ROU,3672.9,capital
ISL,RUS,3305.9,capital
ISL,RWA,8476.0,capital
ISL,SAU,6521.0,capital
ISL,SDN,6776.1,capital
ISL,SEN,5508.3,capital
ISL,SGP,11515.8,capital
ISL,SGS,13255.4,centroid
ISL,SHN,9009.6,capital
ISL,SJM,1992.7,capital
ISL,SLB,13930.7,capital
ISL,SLE,6225.7,capital
ISL,SLV,7547.7,capital
ISL,SMR,3117.5,centroid
ISL,SOM,8720.4,capital
ISL,SPM,2835.7,capital
ISL,SRB,3376.6,capital
ISL,SSD,7832.5,capital
ISL,STP,7467.4,capital
ISL,SUR,6999.5,capital
ISL,SVK,2924.9,capital
ISL,SVN,2994.9,capital
ISL,SWE,2132.3,capital
ISL,SWZ,11073.5,capital
ISL,SXM,5980.7,capital
ISL,SYC,9862.6,capital
ISL,SYR,5169.1,capital
ISL,TCA,5953.4,capital
ISL,TCD,6451.4,capital
ISL,TGO,6708.5,capital
ISL,THA,10091.0,capital
ISL,TJK,6247.0,capital
ISL,TKL,13449.1,centroid
ISL,TKM,5816.1,capital
ISL,TLS,13325.9,capital
ISL,TON,14714.0,centroid
ISL,TTO,6695.5,capital
ISL,TUN,3709.6,capital
ISL,TUR,4403.1,capital
ISL,TUV,13610.9,capital
ISL,TWN,9601.6,capital
ISL,TZA,9142.1,capital
ISL,UGA,8342.2,capital
ISL,UKR,3370.8,capital
ISL,UMI,10708.3,centroid
ISL,UNK,3603.6,capital
ISL,URY,11416.1,capital
ISL,USA,5563.3,centroid
ISL,UZB,6009.9,capital
ISL,VAT,3297.3,capital
ISL,VCT,6423.4,capital
ISL,VEN,6910.5,capital
ISL,VGB,5999.1,capital
ISL,VIR,6019.9,capital
ISL,VNM,9538.2,capital
ISL,VUT,14619.6,centroid
ISL,WLF,14022.0,capital
ISL,WSM,13961.3,capital
ISL,YEM,7539.7,centroid
ISL,ZAF,10894.1,capital
ISL,ZMB,9814.8,capital
ISL,ZWE,10168.5,capital
ISR,ITA,2302.7,capital
ISR,JAM,10904.7,capital
ISR,JEY,3649.5,capital
ISR,JOR,71.9,capital
ISR,JPN,9147.7,capital
ISR,KAZ,3652.5,capital
ISR,KEN,3679.1,capital
ISR,KGZ,3655.5,capital
ISR,KHM,7423.9,capital
ISR,KIR,14239.3,centroid
ISR,KNA,9724.7,capital
ISR,KOR,8064.5,capital
ISR,KWT,1249.5,capital
ISR,LAO,6865.7,capital
ISR,LBN,237.7,capital
ISR,LBR,5544.2,capital
ISR,LBY,2069.8,capital
ISR,LCA,9765.9,capital
ISR,LIE,2768.8,capital
ISR,LKA,5379.8,capital
ISR,LSO,6841.4,capital
ISR,LTU,2666.6,capital
ISR,LUX,3120.2,capital
ISR,LVA,2927.0,capital
ISR,MAC,7675.9,centroid
ISR,MAF,9710.4,capital
ISR,MAR,3906.6,capital
ISR,MCO,2763.5,capital
ISR,MDA,1779.0,capital
ISR,MDG,5786.7,capital
ISR,MDV,5033.3,capital
ISR,MEX,12527.3,capital
ISR,MHL,13669.0,capital
ISR,MKD,1668.3,capital
ISR,MLI,4888.1,capital
ISR,MLT,1962.4,capital
ISR,MMR,6238.0,centroid
ISR,MNE,1841.0,capital
ISR,MNG,6143.9,capital
ISR,MNP,10964.7,capital
ISR,MOZ,6425.9,capital
ISR,MRT,5330.7,capital
ISR,MSR,9714.0,capital
ISR,MTQ,9736.0,capital
ISR,MUS,6243.6,capital
ISR,MWI,5087.9,capital
ISR,MYS,7608.3,capital
ISR,MYT,5067.5,capital
ISR,NAM,6341.9,capital
ISR,NCL,15111.3,capital
ISR,NER,3932.5,capital
ISR,NFK,15509.3,capital
ISR,NGA,3814.0,capital
ISR,NIC,12104.5,capital
ISR,NIU,17132.5,capital
ISR,NLD,3348.8,capital
ISR,NOR,3612.7,capital
ISR,NPL,4816.8,capital
ISR,NRU,13877.0,capital
ISR,NZL,16286.8,capital
ISR,OMN,2451.9,capital
ISR,PAK,3524.7,capital
ISR,PAN,11743.2,capital
ISR,PCN,18399.5,capital
ISR,PER,12801.4,capital
ISR,PHL,8767.0,capital
ISR,PLW,10447.8,capital
ISR,PNG,12628.9,capital
ISR,POL,2549.5,capital
ISR,PRI,9953.7,capital
ISR,PRK,7896.1,capital
ISR,PRT,4062.1,capital
ISR,PRY,11705.0,capital
ISR,PSE,14.6,capital
ISR,PYF,18360.7,capital
ISR,QAT,1746.7,capital
ISR,REU,6238.8,capital
ISR,ROU,1615.6,capital
ISR,RUS,2673.4,capital
ISR,RWA,3788.7,capital
ISR,SAU,1373.5,capital
ISR,SDN,1823.7,capital
ISR,SEN,5646.1,capital
ISR,SGP,7922.1,capital
ISR,SGS,11801.3,centroid
ISR,SHN,6867.4,capital
ISR,SJM,5253.0,capital
ISR,SLB,13826.3,capital
ISR,SLE,5620.9,capital
ISR,SLV,12232.1,capital
ISR,SMR,2394.7,centroid
ISR,SOM,3472.3,capital
ISR,SPM,7596.2,capital
ISR,SRB,1932.4,capital
ISR,SSD,3017.0,capital
ISR,STP,4601.3,capital
ISR,SUR,9700.6,capital
ISR,SVK,2375.0,capital
ISR,SVN,2381.2,capital
ISR,SWE,3320.3,capital
ISR,SWZ,6489.5,capital
ISR,SXM,9709.6,capital
ISR,SYC,4578.6,capital
ISR,SYR,218.2,capital
ISR,TCA,10200.1,capital
ISR,TCD,3006.5,capital
ISR,TGO,4536.2,capital
ISR,THA,6887.1,capital
ISR,TJK,3124.1,capital
ISR,TKL,16235.2,centroid
ISR,TKM,2215.8,capital
ISR,TLS,10540.8,capital
ISR,TON,16735.8,centroid
ISR,TTO,10011.0,capital
ISR,TUN,2361.3,capital
ISR,TUR,930.9,capital
ISR,TUV,15488.7,capital
ISR,TWN,8249.1,capital
ISR,TZA,4219.2,capital
ISR,UGA,3508.3,capital
ISR,UKR,2113.5,capital
ISR,UMI,12331.9,centroid
ISR,UNK,1732.6,capital
ISR,URY,12071.7,capital
ISR,USA,10812.5,centroid
ISR,UZB,3192.6,capital
ISR,VAT,2307.6,capital
ISR,VCT,9836.0,capital
ISR,VEN,10513.5,capital
ISR,VGB,9825.2,capital
ISR,VIR,9857.7,capital
ISR,VNM,7018.4,capital
ISR,VUT,14856.1,centroid
ISR,WLF,16214.5,capital
ISR,WSM,16622.5,capital
ISR,YEM,2271.3,centroid
ISR,ZAF,6438.6,capital
ISR,ZMB,5297.5,capital
ISR,ZWE,5532.8,capital
ITA,JAM,8627.7,capital
ITA,JEY,1394.0,capital
ITA,JOR,2347.1,capital
ITA,JPN,9853.5,capital
ITA,KAZ,4497.2,capital
ITA,KEN,5387.2,capital
ITA,KGZ,4979.9,capital
ITA,KHM,9348.6,capital
ITA,KIR,14814.6,centroid
ITA,KNA,7526.7,capital
ITA,KOR,8966.3,capital
ITA,KWT,3463.3,capital
ITA,LAO,8693.0,capital
ITA,LBN,2195.8,capital
ITA,LBR,4577.5,capital
ITA,LBY,1003.0,capital
ITA,LCA,7617.4,capital
ITA,LIE,629.9,capital
ITA,LKA,7624.7,capital
ITA,LSO,8065.8,capital
ITA,LTU,1702.2,capital
ITA,LUX,989.8,capital
ITA,LVA,1866.4,capital
ITA,MAC,9241.6,centroid
ITA,MAF,7502.4,capital
ITA,MAR,1902.9,capital
ITA,MCO,463.0,capital
ITA,MDA,1413.4,capital
ITA,MDG,7659.6,capital
ITA,MDV,7326.0,capital
ITA,MEX,10241.8,capital
ITA,MHL,14160.2,capital
ITA,MKD,737.5,capital
ITA,MLI,3812.0,capital
ITA,MLT,688.4,capital
ITA,MMR,8036.8,centroid
ITA,MNE,559.7,capital
ITA,MNG,6980.5,capital
ITA,MNP,12062.0,capital
ITA,MOZ,7822.6,capital
ITA,MRT,3778.5,capital
ITA,MSR,7525.6,capital
ITA,MTQ,7579.7,capital
ITA,MUS,8304.9,capital
ITA,MWI,6583.1,capital
ITA,MYS,9706.2,capital
ITA,MYT,6940.3,capital
ITA,NAM,7182.1,capital
ITA,NCL,16755.0,capital
ITA,NER,3311.4,capital
ITA,NFK,17388.3,capital
ITA,NGA,3683.9,capital
ITA,NIC,9819.7,capital
ITA,NIU,17465.1,capital
ITA,NLD,1298.7,capital
ITA,NOR,2007.5,capital
ITA,NPL,6633.4,capital
ITA,NRU,14752.4,capital
ITA,NZL,18541.2,capital
ITA,OMN,4681.5,capital
ITA,PAK,5284.4,capital
ITA,PAN,9508.0,capital
ITA,PCN,16117.7,capital
ITA,PER,10860.4,capital
ITA,PHL,10389.2,capital
ITA,PLW,11983.2,capital
ITA,PNG,14315.8,capital
ITA,POL,1315.5,capital
ITA,PRI,7723.6,capital
ITA,PRK,8774.5,capital
ITA,PRT,1864.9,capital
ITA,PRY,10369.3,capital
ITA,PSE,2293.4,capital
ITA,PYF,16816.0,capital
ITA,QAT,4012.5,capital
ITA,REU,8258.1,capital
ITA,ROU,1136.8,capital
ITA,RUS,2375.3,capital
ITA,RWA,5185.7,capital
ITA,SAU,3674.6,capital
ITA,SDN,3500.3,capital
ITA,SEN,4171.0,capital
ITA,SGP,10022.6,capital
ITA,SGS,11702.6,centroid
ITA,SHN,6695.9,capital
ITA,SJM,4042.3,capital
ITA,SLB,15205.7,capital
ITA,SLE,4490.6,capital
ITA,SLV,9935.1,capital
ITA,SMR,208.6,centroid
ITA,SOM,5509.3,capital
ITA,SPM,5313.9,capital
ITA,SRB,719.6,capital
ITA,SSD,4531.8,capital
ITA,STP,4656.9,capital
ITA,SUR,7732.9,capital
ITA,SVK,783.5,capital
ITA,SVN,489.2,capital
ITA,SWE,1976.5,capital
ITA,SWZ,7840.2,capital
ITA,SXM,7502.2,capital
ITA,SYC,6749.6,capital
ITA,SYR,2280.4,capital
ITA,TCA,7926.3,capital
ITA,TCD,3321.1,capital
ITA,TGO,4130.3,capital
ITA,THA,8827.8,capital
ITA,TJK,4706.2,capital
ITA,TKL,16331.0,centroid
ITA,TKM,3889.7,capital
ITA,TLS,12544.3,capital
ITA,TON,17480.2,centroid
ITA,TTO,7899.6,capital
ITA,TUN,599.0,capital
ITA,TUR,1719.5,capital
ITA,TUV,16081.4,capital
ITA,TWN,9605.7,capital
ITA,TZA,5841.4,capital
ITA,UGA,5041.8,capital
ITA,UKR,1675.3,capital
ITA,UMI,12709.0,centroid
ITA,UNK,717.0,capital
ITA,URY,11033.2,capital
ITA,USA,8625.9,centroid
ITA,UZB,4628.0,capital
ITA,VAT,4.9,capital
ITA,VCT,7695.8,capital
ITA,VEN,8356.1,capital
ITA,VGB,7604.2,capital
ITA,VIR,7635.6,capital
ITA,VNM,8729.9,capital
ITA,VUT,16243.7,centroid
ITA,WLF,16724.9,capital
ITA,WSM,16867.9,capital
ITA,YEM,4524.2,centroid
ITA,ZAF,7691.8,capital
ITA,ZMB,6573.9,capital
ITA,ZWE,6908.7,capital
JAM,JEY,7399.8,capital
JAM,JOR,10956.4,capital
JAM,JPN,12915.9,capital
JAM,KAZ,11724.2,capital
JAM,KEN,12544.3,capital
JAM,KGZ,12641.1,capital
JAM,KHM,16722.9,capital
JAM,KIR,12087.9,centroid
JAM,KNA,1492.4,capital
JAM,KOR,13354.7,capital
JAM,KWT,12090.4,capital
JAM,LAO,16015.6,capital
JAM,LBN,10820.2,capital
JAM,LBR,7256.9,capital
JAM,LBY,8931.9,capital
JAM,LCA,1744.4,capital
JAM,LIE,8278.6,capital
JAM,LKA,16239.0,capital
JAM,LSO,12325.0,capital
JAM,LTU,9131.0,capital
JAM,LUX,7991.3,capital
JAM,LVA,8978.1,capital
JAM,MAC,15409.5,centroid
JAM,MAF,1449.3,capital
JAM,MAR,7083.9,capital
JAM,MCO,8180.4,capital
JAM,MDA,9682.4,capital
JAM,MDG,14167.6,capital
JAM,MDV,15930.9,capital
JAM,MEX,2355.9,capital
JAM,MHL,12034.2,capital
JAM,MKD,9333.5,capital
JAM,MLI,7366.2,capital
JAM,MLT,8960.7,capital
JAM,MMR,15531.7,centroid
JAM,MNE,9148.4,capital
JAM,MNG,12677.7,capital
JAM,MNP,14067.9,capital
JAM,MOZ,12761.8,capital
JAM,MRT,6397.7,capital
JAM,MSR,1553.8,capital
JAM,MTQ,1718.9,capital
JAM,MUS,15220.6,capital
JAM,MWI,12622.5,capital
JAM,MYS,17658.7,capital
JAM,MYT,13795.7,capital
JAM,NAM,11147.1,capital
JAM,NCL,13442.0,capital
JAM,NER,8396.5,capital
JAM,NFK,13377.0,capital
JAM,NGA,9099.1,capital
JAM,NIC,1206.2,capital
JAM,NIU,10966.1,capital
JAM,NLD,7873.8,capital
JAM,NOR,8147.6,capital
JAM,NPL,14580.7,capital
JAM,NRU,12797.6,capital
JAM,NZL,12838.1,capital
JAM,OMN,13305.8,capital
JAM,PAK,13435.1,capital
JAM,PAN,1043.5,capital
JAM,PCN,7497.5,capital
JAM,PER,3340.4,capital
JAM,PHL,15899.5,capital
JAM,PLW,15550.6,capital
JAM,PNG,15186.8,capital
JAM,POL,8950.7,capital
JAM,PRI,1129.8,capital
JAM,PRK,13253.4,capital
JAM,PRT,6850.4,capital
JAM,PRY,5240.1,capital
JAM,PSE,10897.1,capital
JAM,PYF,8883.8,capital
JAM,QAT,12638.4,capital
JAM,REU,15015.1,capital
JAM,ROU,9595.2,capital
JAM,RUS,9789.7,capital
JAM,RWA,11856.0,capital
JAM,SAU,12272.7,capital
JAM,SDN,11423.3,capital
JAM,SEN,6317.3,capital
JAM,SGP,17869.3,capital
JAM,SGS,8901.0,centroid
JAM,SHN,8647.6,capital
JAM,SJM,8105.1,capital
JAM,SLB,13834.0,capital
JAM,SLE,6930.1,capital
JAM,SLV,1409.1,capital
JAM,SMR,8573.5,centroid
JAM,SOM,13303.9,capital
JAM,SPM,3715.1,capital
JAM,SRB,9161.1,capital
JAM,SSD,11766.7,capital
JAM,STP,9311.1,capital
JAM,SUR,2707.2,capital
JAM,SVK,8809.3,capital
JAM,SVN,8676.0,capital
JAM,SWE,8564.1,capital
JAM,SWZ,12634.2,capital
JAM,SXM,1453.4,capital
JAM,SYC,14619.1,capital
JAM,SYR,10904.7,capital
JAM,TCA,705.8,capital
JAM,TCD,9784.7,capital
JAM,TGO,8533.2,capital
JAM,THA,16472.1,capital
JAM,TJK,12777.1,capital
JAM,TKL,10861.1,centroid
JAM,TKM,12230.9,capital
JAM,TLS,17380.4,capital
JAM,TON,11507.3,centroid
JAM,TTO,1834.9,capital
JAM,TUN,8558.1,capital
JAM,TUR,10307.0,capital
JAM,TUV,11772.7,capital
JAM,TWN,14833.4,capital
JAM,TZA,12598.6,capital
JAM,UGA,12041.3,capital
JAM,UKR,9637.8,capital
JAM,UMI,11944.9,centroid
JAM,UNK,9288.8,capital
JAM,URY,6272.1,capital
JAM,USA,2966.4,centroid
JAM,UZB,12552.8,capital
JAM,VAT,8622.8,capital
JAM,VCT,1751.1,capital
JAM,VEN,1355.3,capital
JAM,VGB,1286.4,capital
JAM,VIR,1253.7,capital
JAM,VNM,15666.6,capital
JAM,VUT,13262.0,centroid
JAM,WLF,11432.9,capital
JAM,WSM,10992.1,capital
JAM,YEM,12940.3,centroid
JAM,ZAF,12324.2,capital
JAM,ZMB,12087.1,capital
JAM,ZWE,12436.5,capital
JEY,JOR,3686.0,capital
JEY,JPN,9852.0,capital
JEY,KAZ,5016.4,capital
JEY,KEN,6734.7,capital
JEY,KGZ,5705.0,capital
JEY,KHM,10235.2,capital
JEY,KIR,14368.5,centroid
JEY,KNA,6440.0,capital
JEY,KOR,9145.9,capital
JEY,KWT,4731.3,capital
JEY,LAO,9525.1,capital
JEY,LBN,3512.2,capital
JEY,LBR,4838.3,capital
JEY,LBY,2211.3,capital
JEY,LCA,6593.4,capital
JEY,LIE,890.8,capital
JEY,LKA,8840.2,capital
JEY,LSO,9209.2,capital
JEY,LTU,1959.8,capital
JEY,LUX,597.6,capital
JEY,LVA,1935.8,capital
JEY,MAC,9857.7,centroid
JEY,MAF,6402.1,capital
JEY,MAR,1731.7,capital
JEY,MCO,947.3,capital
JEY,MDA,2296.0,capital
JEY,MDG,9015.7,capital
JEY,MDV,8613.6,capital
JEY,MEX,8877.8,capital
JEY,MHL,13725.3,capital
JEY,MKD,1987.7,capital
JEY,MLI,4103.0,capital
JEY,MLT,2000.4,capital
JEY,MMR,8872.6,centroid
JEY,MNE,1809.9,capital
JEY,MNG,7252.5,capital
JEY,MNP,12186.8,capital
JEY,MOZ,9036.7,capital
JEY,MRT,3675.8,capital
JEY,MSR,6452.2,capital
JEY,MTQ,6546.9,capital
JEY,MUS,9691.7,capital
JEY,MWI,7857.2,capital
JEY,MYS,10736.0,capital
JEY,MYT,8302.0,capital
JEY,NAM,8201.7,capital
JEY,NCL,16857.3,capital
JEY,NER,3985.5,capital
JEY,NFK,17623.0,capital
JEY,NGA,4550.9,capital
JEY,NIC,8566.6,capital
JEY,NIU,16491.6,capital
JEY,NLD,605.7,capital
JEY,NOR,1446.8,capital
JEY,NPL,7539.1,capital
JEY,NRU,14506.2,capital
JEY,NZL,19103.4,capital
JEY,OMN,5926.4,capital
JEY,PAK,6224.5,capital
JEY,PAN,8338.6,capital
JEY,PCN,14816.1,capital
JEY,PER,9954.4,capital
JEY,PHL,10995.4,capital
JEY,PLW,12442.9,capital
JEY,PNG,14760.1,capital
JEY,POL,1655.0,capital
JEY,PRI,6586.9,capital
JEY,PRK,8951.0,capital
JEY,PRT,1291.5,capital
JEY,PRY,9937.0,capital
JEY,PSE,3638.8,capital
JEY,PYF,15443.6,capital
JEY,QAT,5298.4,capital
JEY,REU,9639.0,capital
JEY,ROU,2197.2,capital
JEY,RUS,2746.1,capital
JEY,RWA,6469.7,capital
JEY,SAU,5004.1,capital
JEY,SDN,4877.6,capital
JEY,SEN,4082.1,capital
JEY,SGP,11047.9,capital
JEY,SGS,11981.3,centroid
JEY,SHN,7249.0,capital
JEY,SJM,3311.0,capital
JEY,SLB,15290.7,capital
JEY,SLE,4643.3,capital
JEY,SLV,8650.2,capital
JEY,SMR,1261.9,centroid
JEY,SOM,6900.3,capital
JEY,SPM,3946.9,capital
JEY,SRB,1772.3,capital
JEY,SSD,5860.8,capital
JEY,STP,5497.2,capital
JEY,SUR,6904.2,capital
JEY,SVK,1411.7,capital
JEY,SVN,1289.9,capital
JEY,SWE,1716.5,capital
JEY,SWZ,9037.5,capital
JEY,SXM,6402.9,capital
JEY,SYC,8143.1,capital
JEY,SYR,3595.4,capital
JEY,TCA,6711.9,capital
JEY,TCD,4414.7,capital
JEY,TGO,4798.2,capital
JEY,THA,9743.8,capital
JEY,TJK,5591.6,capital
JEY,TKL,15448.4,centroid
JEY,TKM,4892.7,capital
JEY,TLS,13400.0,capital
JEY,TON,16708.4,centroid
JEY,TTO,6912.6,capital
JEY,TUN,1694.6,capital
JEY,TUR,2924.2,capital
JEY,TUV,15491.9,capital
JEY,TWN,10054.9,capital
JEY,TZA,7163.3,capital
JEY,UGA,6361.3,capital
JEY,UKR,2326.1,capital
JEY,UMI,12318.4,centroid
JEY,UNK,1930.4,capital
JEY,URY,10765.2,capital
JEY,USA,7231.9,centroid
JEY,UZB,5444.7,capital
JEY,VAT,1389.6,capital
JEY,VCT,6680.0,capital
JEY,VEN,7304.5,capital
JEY,VGB,6483.2,capital
JEY,VIR,6512.4,capital
JEY,VNM,9474.6,capital
JEY,VUT,16195.0,centroid
JEY,WLF,15985.6,capital
JEY,WSM,15971.8,capital
JEY,YEM,5901.4,centroid
JEY,ZAF,8857.3,capital
JEY,ZMB,7780.8,capital
JEY,ZWE,8138.6,capital
JOR,JPN,9080.4,capital
JOR,KAZ,3590.4,capital
JOR,KEN,3697.1,capital
JOR,KGZ,3585.8,capital
JOR,KHM,7355.4,capital
JOR,KIR,14169.7,centroid
JOR,KNA,9783.0,capital
JOR,KOR,7995.8,capital
JOR,KWT,1185.3,capital
JOR,LAO,6795.5,capital
JOR,LBN,219.4,capital
JOR,LBR,5615.9,capital
JOR,LBY,2134.5,capital
JOR,LCA,9826.8,capital
JOR,LIE,2802.7,capital
JOR,LKA,5323.4,capital
JOR,LSO,6871.5,capital
JOR,LTU,2664.1,capital
JOR,LUX,3151.3,capital
JOR,LVA,2923.8,capital
JOR,MAC,7604.2,centroid
JOR,MAF,9768.1,capital
JOR,MAR,3967.6,capital
JOR,MCO,2806.7,capital
JOR,MDA,1779.1,capital
JOR,MDG,5789.7,capital
JOR,MDV,4984.0,capital
JOR,MEX,12563.2,capital
JOR,MHL,13600.6,capital
JOR,MKD,1701.2,capital
JOR,MLI,4960.0,capital
JOR,MLT,2020.9,capital
JOR,MMR,6167.3,centroid
JOR,MNE,1876.3,capital
JOR,MNG,6077.4,capital
JOR,MNP,10893.3,capital
JOR,MOZ,6450.4,capital
JOR,MRT,5400.7,capital
JOR,MSR,9772.9,capital
JOR,MTQ,9796.6,capital
JOR,MUS,6233.4,capital
JOR,MWI,5111.5,capital
JOR,MYS,7544.3,capital
JOR,MYT,5071.9,capital
JOR,NAM,6385.2,capital
JOR,NCL,15042.5,capital
JOR,NER,4003.9,capital
JOR,NFK,15444.6,capital
JOR,NGA,3882.2,capital
JOR,NIC,12155.1,capital
JOR,NIU,17061.0,capital
JOR,NLD,3375.2,capital
JOR,NOR,3620.6,capital
JOR,NPL,4745.8,capital
JOR,NRU,13805.8,capital
JOR,NZL,16235.7,capital
JOR,OMN,2391.9,capital
JOR,PAK,3452.9,capital
JOR,PAN,11799.5,capital
JOR,PCN,18453.2,capital
JOR,PER,12869.8,capital
JOR,PHL,8695.6,capital
JOR,PLW,10376.3,capital
JOR,PNG,12559.0,capital
JOR,POL,2557.7,capital
JOR,PRI,10010.0,capital
JOR,PRK,7827.7,capital
JOR,PRT,4117.0,capital
JOR,PRY,11776.7,capital
JOR,PSE,70.2,capital
JOR,PYF,18318.5,capital
JOR,QAT,1690.0,capital
JOR,REU,6231.6,capital
JOR,ROU,1629.4,capital
JOR,RUS,2649.3,capital
JOR,RWA,3820.8,capital
JOR,SAU,1327.5,capital
JOR,SDN,1856.4,capital
JOR,SEN,5716.9,capital
JOR,SGP,7858.4,capital
JOR,SGS,11857.9,centroid
JOR,SHN,6931.2,capital
JOR,SJM,5238.9,capital
JOR,SLB,13754.8,capital
JOR,SLE,5692.7,capital
JOR,SLV,12279.8,capital
JOR,SMR,2434.3,centroid
JOR,SOM,3469.4,capital
JOR,SPM,7632.9,capital
JOR,SRB,1958.5,capital
JOR,SSD,3047.9,capital
JOR,STP,4665.5,capital
JOR,SUR,9767.2,capital
JOR,SVK,2397.9,capital
JOR,SVN,2412.8,capital
JOR,SWE,3321.8,capital
JOR,SWZ,6515.7,capital
JOR,SXM,9767.4,capital
JOR,SYC,4560.9,capital
JOR,SYR,175.9,capital
JOR,TCA,10252.1,capital
JOR,TCD,3071.7,capital
JOR,TGO,4605.7,capital
JOR,THA,6818.6,capital
JOR,TJK,3052.7,capital
JOR,TKL,16167.3,centroid
JOR,TKM,2144.6,capital
JOR,TLS,10475.1,capital
JOR,TON,16664.0,centroid
JOR,TTO,10073.5,capital
JOR,TUN,2418.6,capital
JOR,TUR,928.1,capital
JOR,TUV,15417.9,capital
JOR,TWN,8177.3,capital
JOR,TZA,4239.6,capital
JOR,UGA,3535.8,capital
JOR,UKR,2105.0,capital
JOR,UMI,12266.2,centroid
JOR,UNK,1763.8,capital
JOR,URY,12141.6,capital
JOR,USA,10836.0,centroid
JOR,UZB,3122.4,capital
JOR,VAT,2351.9,capital
JOR,VCT,9897.3,capital
JOR,VEN,10574.3,capital
JOR,VGB,9882.1,capital
JOR,VIR,9914.6,capital
JOR,VNM,6947.2,capital
JOR,VUT,14785.0,centroid
JOR,WLF,16143.5,capital
JOR,WSM,16552.4,capital
JOR,YEM,2246.7,centroid
JOR,ZAF,6468.5,capital
JOR,ZMB,5329.3,capital
JOR,ZWE,5560.1,capital
JPN,KAZ,5556.0,capital
JPN,KEN,11251.4,capital
JPN,KGZ,5520.4,capital
JPN,KHM,4403.2,capital
JPN,KIR,5129.8,centroid
JPN,KNA,13667.8,capital
JPN,KOR,1152.6,capital
JPN,KWT,8299.6,capital
JPN,LAO,4139.7,capital
JPN,LBN,8983.4,capital
JPN,LBR,14419.9,capital
JPN,LBY,10575.0,capital
JPN,LCA,14076.5,capital
JPN,LIE,9553.0,capital
JPN,LKA,6850.6,capital
JPN,LSO,13743.2,capital
JPN,LTU,8185.9,capital
JPN,LUX,9486.6,capital
JPN,LVA,8082.0,capital
JPN,MAC,2940.9,centroid
JPN,MAF,13573.9,capital
JPN,MAR,11520.3,capital
JPN,MCO,9952.7,capital
JPN,MDA,8530.5,capital
JPN,MDG,11407.7,capital
JPN,MDV,7595.7,capital
JPN,MEX,11306.7,capital
JPN,MHL,4528.6,capital
JPN,MKD,9340.3,capital
JPN,MLI,13659.7,capital
JPN,MLT,10243.0,capital
JPN,MMR,4298.8,centroid
JPN,MNE,9432.5,capital
JPN,MNG,3009.3,capital
JPN,MNP,2355.5,capital
JPN,MOZ,13126.5,capital
JPN,MRT,13509.3,capital
JPN,MSR,13748.8,capital
JPN,MTQ,14010.7,capital
JPN,MUS,10629.8,capital
JPN,MWI,12331.9,capital
JPN,MYS,5321.5,capital
JPN,MYT,11230.0,capital
JPN,NAM,14333.4,capital
JPN,NCL,7033.9,capital
JPN,NER,12957.6,capital
JPN,NFK,7784.1,capital
JPN,NGA,12959.1,capital
JPN,NIC,12836.3,capital
JPN,NIU,8072.9,capital
JPN,NLD,9288.3,capital
JPN,NOR,8405.3,capital
JPN,NPL,5155.2,capital
JPN,NRU,4918.4,capital
JPN,NZL,9276.6,capital
JPN,OMN,7755.2,capital
JPN,PAK,5974.1,capital
JPN,PAN,13569.1,capital
JPN,PCN,11616.2,capital
JPN,PER,15492.3,capital
JPN,PHL,2995.1,capital
JPN,PLW,3176.6,capital
JPN,PNG,5082.9,capital
JPN,POL,8578.6,capital
JPN,PRI,13408.4,capital
JPN,PRK,1285.2,capital
JPN,PRT,11142.9,capital
JPN,PRY,17995.8,capital
JPN,PSE,9139.8,capital
JPN,PYF,9499.3,capital
JPN,QAT,8247.5,capital
JPN,REU,10849.7,capital
JPN,ROU,8878.1,capital
JPN,RUS,7478.4,capital
JPN,RWA,11899.3,capital
JPN,SAU,8689.3,capital
JPN,SDN,10482.2,capital
JPN,SEN,13917.6,capital
JPN,SGP,5318.2,capital
JPN,SGS,17908.0,centroid
JPN,SHN,15947.6,capital
JPN,SJM,6830.1,capital
JPN,SLB,5448.8,capital
JPN,SLE,14343.0,capital
JPN,SLV,12497.1,capital
JPN,SMR,9699.6,centroid
JPN,SOM,10267.5,capital
JPN,SPM,10709.0,capital
JPN,SRB,9178.7,capital
JPN,SSD,11304.8,capital
JPN,STP,13718.3,capital
JPN,SUR,15140.5,capital
JPN,SVK,9095.2,capital
JPN,SVN,9400.1,capital
JPN,SWE,8169.2,capital
JPN,SWZ,13274.5,capital
JPN,SXM,13579.7,capital
JPN,SYC,9789.0,capital
JPN,SYR,8950.6,capital
JPN,TCA,12878.9,capital
JPN,TCD,12144.2,capital
JPN,TGO,13658.9,capital
JPN,THA,4603.2,capital
JPN,TJK,6134.1,capital
JPN,TKL,7088.6,centroid
JPN,TKM,6994.1,capital
JPN,TLS,5137.9,capital
JPN,TON,7816.1,centroid
JPN,TTO,14400.0,capital
JPN,TUN,10416.7,capital
JPN,TUR,8764.0,capital
JPN,TUV,6424.0,capital
JPN,TWN,2100.4,capital
JPN,TZA,11666.2,capital
JPN,UGA,11523.6,capital
JPN,UKR,8199.0,capital
JPN,UMI,3204.2,centroid
JPN,UNK,9303.6,capital
JPN,URY,18572.8,capital
JPN,USA,9958.4,centroid
JPN,UZB,5996.5,capital
JPN,VAT,9855.7,capital
JPN,VCT,14155.0,capital
JPN,VEN,14171.9,capital
JPN,VGB,13475.2,capital
JPN,VIR,13471.0,capital
JPN,VNM,3666.6,capital
JPN,VUT,6426.8,centroid
JPN,WLF,7152.3,capital
JPN,WSM,7505.9,capital
JPN,YEM,9190.9,centroid
JPN,ZAF,13503.3,capital
JPN,ZMB,12915.5,capital
JPN,ZWE,12809.2,capital
KAZ,KEN,6684.6,capital
KAZ,KGZ,954.0,capital
KAZ,KHM,5343.0,capital
KAZ,KIR,10685.8,centroid
KAZ,KNA,11195.8,capital
KAZ,KOR,4544.3,capital
KAZ,KWT,3110.1,capital
KAZ,LAO,4598.4,capital
KAZ,LBN,3464.6,capital
KAZ,LBR,8921.7,capital
KAZ,LBY,5067.6,capital
KAZ,LCA,11434.7,capital
KAZ,LIE,4390.5,capital
KAZ,LKA,4980.5,capital
KAZ,LSO,9931.4,capital
KAZ,LTU,3061.7,capital
KAZ,LUX,4477.2,capital
KAZ,LVA,3089.3,capital
KAZ,MAC,4843.4,centroid
KAZ,MAF,11136.6,capital
KAZ,MAR,6362.8,capital
KAZ,MCO,4728.2,capital
KAZ,MDA,3090.8,capital
KAZ,MDG,8135.8,capital
KAZ,MDV,5230.2,capital
KAZ,MEX,12109.9,capital
KAZ,MHL,10078.6,capital
KAZ,MKD,3874.9,capital
KAZ,MLI,8183.6,capital
KAZ,MLT,4757.3,capital
KAZ,MMR,3973.0,centroid
KAZ,MNE,3998.6,capital
KAZ,MNG,2557.1,capital
KAZ,MNP,7606.3,capital
KAZ,MOZ,9384.0,capital
KAZ,MRT,8274.7,capital
KAZ,MSR,11229.0,capital
KAZ,MTQ,11378.6,capital
KAZ,MUS,8049.2,capital
KAZ,MWI,8109.4,capital
KAZ,MYS,6038.6,capital
KAZ,MYT,7551.2,capital
KAZ,NAM,9762.8,capital
KAZ,NCL,12257.8,capital
KAZ,NER,7405.6,capital
KAZ,NFK,12914.4,capital
KAZ,NGA,7423.9,capital
KAZ,NIC,12652.0,capital
KAZ,NIU,13628.9,capital
KAZ,NLD,4415.1,capital
KAZ,NOR,3793.1,capital
KAZ,NPL,2858.6,capital
KAZ,NRU,10436.9,capital
KAZ,NZL,14289.9,capital
KAZ,OMN,3266.4,capital
KAZ,PAK,1945.6,capital
KAZ,PAN,12765.9,capital
KAZ,PCN,16581.3,capital
KAZ,PER,14816.5,capital
KAZ,PHL,5986.1,capital
KAZ,PLW,7509.4,capital
KAZ,PNG,9852.2,capital
KAZ,POL,3406.3,capital
KAZ,PRI,11238.2,capital
KAZ,PRK,4360.6,capital
KAZ,PRT,6164.3,capital
KAZ,PRY,14860.9,capital
KAZ,PSE,3642.7,capital
KAZ,PYF,14821.8,capital
KAZ,QAT,3340.0,capital
KAZ,REU,8164.3,capital
KAZ,ROU,3410.8,capital
KAZ,RUS,2271.8,capital
KAZ,RWA,7079.8,capital
KAZ,SAU,3621.1,capital
KAZ,SDN,5254.0,capital
KAZ,SEN,8663.7,capital
KAZ,SGP,6322.7,capital
KAZ,SGS,15405.5,centroid
KAZ,SHN,10516.8,capital
KAZ,SJM,3716.4,capital
KAZ,SLB,10719.7,capital
KAZ,SLE,8903.3,capital
KAZ,SLV,12561.5,capital
KAZ,SMR,4389.5,centroid
KAZ,SOM,5984.9,capital
KAZ,SPM,8028.3,capital
KAZ,SRB,3780.4,capital
KAZ,SSD,6332.8,capital
KAZ,STP,8250.4,capital
KAZ,SUR,11897.2,capital
KAZ,SVK,3835.6,capital
KAZ,SVN,4118.2,capital
KAZ,SWE,3400.7,capital
KAZ,SWZ,9490.3,capital
KAZ,SXM,11139.0,capital
KAZ,SYC,6389.1,capital
KAZ,SYR,3443.1,capital
KAZ,TCA,11149.8,capital
KAZ,TCD,6652.7,capital
KAZ,TGO,8106.0,capital
KAZ,THA,4909.4,capital
KAZ,TJK,1421.4,capital
KAZ,TKL,12620.1,centroid
KAZ,TKM,1792.8,capital
KAZ,TLS,8415.5,capital
KAZ,TON,13357.2,centroid
KAZ,TTO,11786.8,capital
KAZ,TUN,4995.2,capital
KAZ,TUR,3209.7,capital
KAZ,TUV,11978.6,capital
KAZ,TWN,5117.7,capital
KAZ,TZA,7229.8,capital
KAZ,UGA,6727.4,capital
KAZ,UKR,2838.6,capital
KAZ,UMI,8698.6,centroid
KAZ,UNK,3853.0,capital
KAZ,URY,15505.1,capital
KAZ,USA,10034.9,centroid
KAZ,UZB,1115.7,capital
KAZ,VAT,4500.4,capital
KAZ,VCT,11528.3,capital
KAZ,VEN,12073.3,capital
KAZ,VGB,11173.7,capital
KAZ,VIR,11196.6,capital
KAZ,VNM,4484.2,capital
KAZ,VUT,11769.7,centroid
KAZ,WLF,12708.0,capital
KAZ,WSM,13057.2,capital
KAZ,YEM,4535.0,centroid
KAZ,ZAF,9543.3,capital
KAZ,ZMB,8503.7,capital
KAZ,ZWE,8620.6,capital
KEN,KGZ,6190.4,capital
KEN,KHM,7655.5,capital
KEN,KIR,15144.3,centroid
KEN,KNA,11062.9,capital
KEN,KOR,10108.8,capital
KEN,KWT,3608.7,capital
KEN,LAO,7502.2,capital
KEN,LBN,3913.9,capital
KEN,LBR,5351.9,capital
KEN,LBY,4536.9,capital
KEN,LCA,10886.0,capital
KEN,LIE,6003.7,capital
KEN,LKA,4861.3,capital
KEN,LSO,3270.2,capital
KEN,LTU,6313.2,capital
KEN,LUX,6372.8,capital
KEN,LVA,6574.5,capital
KEN,MAC,8698.5,centroid
KEN,MAF,11098.2,capital
KEN,MAR,6009.9,capital
KEN,MCO,5796.7,capital
KEN,MDA,5425.7,capital
KEN,MDG,2282.1,capital
KEN,MDV,4122.0,capital
KEN,MEX,14815.3,capital
KEN,MHL,14938.0,capital
KEN,MKD,5055.1,capital
KEN,MLI,5178.1,capital
KEN,MLT,4736.6,capital
KEN,MMR,7116.2,centroid
KEN,MNE,5170.9,capital
KEN,MNG,8647.5,capital
KEN,MNP,12075.8,capital
KEN,MOZ,2781.7,capital
KEN,MRT,6161.4,capital
KEN,MSR,11010.1,capital
KEN,MTQ,10892.5,capital
KEN,MUS,3075.6,capital
KEN,MWI,1449.2,capital
KEN,MYS,7227.1,capital
KEN,MYT,1579.1,capital
KEN,NAM,3185.0,capital
KEN,NCL,13962.2,capital
KEN,NER,4164.3,capital
KEN,NFK,13826.7,capital
KEN,NGA,3445.8,capital
KEN,NIC,13626.7,capital
KEN,NIU,16322.0,capital
KEN,NLD,6669.6,capital
KEN,NOR,7169.9,capital
KEN,NPL,6096.3,capital
KEN,NRU,14464.0,capital
KEN,NZL,13665.5,capital
KEN,OMN,3618.6,capital
KEN,PAK,5429.1,capital
KEN,PAN,12921.4,capital
KEN,PCN,16764.0,capital
KEN,PER,12564.1,capital
KEN,PHL,9416.1,capital
KEN,PLW,10886.8,capital
KEN,PNG,12210.8,capital
KEN,POL,6131.9,capital
KEN,PRI,11415.2,capital
KEN,PRK,10005.7,capital
KEN,PRT,6462.8,capital
KEN,PRY,10395.0,capital
KEN,PSE,3693.7,capital
KEN,PYF,17808.8,capital
KEN,QAT,3352.0,capital
KEN,REU,2972.8,capital
KEN,ROU,5193.1,capital
KEN,RUS,6342.5,capital
KEN,RWA,754.8,capital
KEN,SAU,3079.0,capital
KEN,SDN,1930.3,capital
KEN,SEN,6227.1,capital
KEN,SGP,7458.6,capital
KEN,SGS,8854.2,centroid
KEN,SHN,4936.3,capital
KEN,SJM,8929.8,capital
KEN,SLB,13607.0,capital
KEN,SLE,5652.3,capital
KEN,SLV,13920.6,capital
KEN,SMR,5566.3,centroid
KEN,SOM,1017.4,capital
KEN,SPM,10339.5,capital
KEN,SRB,5373.8,capital
KEN,SSD,896.4,capital
KEN,STP,3350.1,capital
KEN,SUR,10241.5,capital
KEN,SVK,5817.5,capital
KEN,SVN,5700.0,capital
KEN,SWE,6936.0,capital
KEN,SWZ,2863.9,capital
KEN,SXM,11094.4,capital
KEN,SYC,2102.4,capital
KEN,SYR,3869.3,capital
KEN,TCA,11915.9,capital
KEN,TCD,2828.1,capital
KEN,TGO,4036.6,capital
KEN,THA,7209.8,capital
KEN,TJK,5503.6,capital
KEN,TKL,16624.0,centroid
KEN,TKM,4892.2,capital
KEN,TLS,9849.7,capital
KEN,TON,15816.9,centroid
KEN,TTO,10944.7,capital
KEN,TUN,5050.7,capital
KEN,TUR,4599.3,capital
KEN,TUV,15705.3,capital
KEN,TWN,9535.5,capital
KEN,TZA,556.6,capital
KEN,UGA,503.3,capital
KEN,UKR,5784.1,capital
KEN,UMI,14200.2,centroid
KEN,UNK,5133.0,capital
KEN,URY,10199.8,capital
KEN,USA,13788.5,centroid
KEN,UZB,5749.2,capital
KEN,VAT,5390.8,capital
KEN,VCT,10911.0,capital
KEN,VEN,11530.9,capital
KEN,VGB,11259.0,capital
KEN,VIR,11292.0,capital
KEN,VNM,7891.8,capital
KEN,VUT,14218.8,centroid
KEN,WLF,16033.3,capital
KEN,WSM,16445.3,capital
KEN,YEM,2189.0,centroid
KEN,ZAF,2872.8,capital
KEN,ZMB,1828.1,capital
KEN,ZWE,1944.4,capital
KGZ,KHM,4545.1,capital
KGZ,KIR,10583.9,centroid
KGZ,KNA,12029.9,capital
KGZ,KOR,4415.1,capital
KGZ,KWT,2804.4,capital
KGZ,LAO,3822.3,capital
KGZ,LBN,3515.5,capital
KGZ,LBR,9156.1,capital
KGZ,LBY,5381.2,capital
KGZ,LCA,12241.6,capital
KGZ,LIE,4988.0,capital
KGZ,LKA,4028.9,capital
KGZ,LSO,9357.6,capital
KGZ,LTU,3754.1,capital
KGZ,LUX,5133.5,capital
KGZ,LVA,3831.1,capital
KGZ,MAC,4262.0,centroid
KGZ,MAF,11976.3,capital
KGZ,MAR,6881.8,capital
KGZ,MCO,5279.8,capital
KGZ,MDA,3577.0,capital
KGZ,MDG,7407.0,capital
KGZ,MDV,4304.0,capital
KGZ,MEX,13058.0,capital
KGZ,MHL,10020.4,capital
KGZ,MKD,4289.3,capital
KGZ,MLI,8456.4,capital
KGZ,MLT,5111.1,capital
KGZ,MMR,3173.9,centroid
KGZ,MNE,4440.3,capital
KGZ,MNG,2563.3,capital
KGZ,MNP,7338.1,capital
KGZ,MOZ,8778.3,capital
KGZ,MRT,8696.8,capital
KGZ,MSR,12057.0,capital
KGZ,MTQ,12188.9,capital
KGZ,MUS,7224.2,capital
KGZ,MWI,7564.3,capital
KGZ,MYS,5167.0,capital
KGZ,MYT,6872.9,capital
KGZ,NAM,9352.8,capital
KGZ,NCL,11814.7,capital
KGZ,NER,7568.9,capital
KGZ,NFK,12409.4,capital
KGZ,NGA,7463.4,capital
KGZ,NIC,13595.3,capital
KGZ,NIU,13493.2,capital
KGZ,NLD,5120.2,capital
KGZ,NOR,4598.4,capital
KGZ,NPL,1943.8,capital
KGZ,NRU,10239.5,capital
KGZ,NZL,13689.5,capital
KGZ,OMN,2609.7,capital
KGZ,PAK,1026.1,capital
KGZ,PAN,13678.8,capital
KGZ,PCN,17018.5,capital
KGZ,PER,15632.3,capital
KGZ,PHL,5409.3,capital
KGZ,PLW,7021.3,capital
KGZ,PNG,9339.8,capital
KGZ,POL,4053.8,capital
KGZ,PRI,12099.0,capital
KGZ,PRK,4251.7,capital
KGZ,PRT,6759.9,capital
KGZ,PRY,15277.8,capital
KGZ,PSE,3649.0,capital
KGZ,PYF,15004.4,capital
KGZ,QAT,2868.7,capital
KGZ,REU,7355.1,capital
KGZ,ROU,3846.9,capital
KGZ,RUS,2989.7,capital
KGZ,RWA,6679.0,capital
KGZ,SAU,3248.0,capital
KGZ,SDN,5008.0,capital
KGZ,SEN,9065.0,capital
KGZ,SGP,5461.4,capital
KGZ,SGS,15041.8,centroid
KGZ,SHN,10441.2,capital
KGZ,SJM,4669.8,capital
KGZ,SLB,10345.5,capital
KGZ,SLE,9190.4,capital
KGZ,SLV,13511.8,capital
KGZ,SMR,4907.9,centroid
KGZ,SOM,5387.6,capital
KGZ,SPM,8931.9,capital
KGZ,SRB,4265.1,capital
KGZ,SSD,5974.7,capital
KGZ,STP,8198.1,capital
KGZ,SUR,12606.5,capital
KGZ,SVK,4412.2,capital
KGZ,SVN,4667.0,capital
KGZ,SWE,4190.3,capital
KGZ,SWZ,8896.1,capital
KGZ,SXM,11978.2,capital
KGZ,SYC,5621.3,capital
KGZ,SYR,3471.6,capital
KGZ,TCA,12047.6,capital
KGZ,TCD,6628.2,capital
KGZ,TGO,8191.5,capital
KGZ,THA,4077.7,capital
KGZ,TJK,686.9,capital
KGZ,TKL,12587.9,centroid
KGZ,TKM,1474.2,capital
KGZ,TLS,7695.4,capital
KGZ,TON,13145.5,centroid
KGZ,TTO,12581.5,capital
KGZ,TUN,5406.7,capital
KGZ,TUR,3461.1,capital
KGZ,TUV,11839.5,capital
KGZ,TWN,4686.4,capital
KGZ,TZA,6713.4,capital
KGZ,UGA,6310.0,capital
KGZ,UKR,3412.9,capital
KGZ,UMI,8723.4,centroid
KGZ,UNK,4284.7,capital
KGZ,URY,15726.4,capital
KGZ,USA,10982.7,centroid
KGZ,UZB,478.0,capital
KGZ,VAT,4983.8,capital
KGZ,VCT,12332.9,capital
KGZ,VEN,12909.5,capital
KGZ,VGB,12025.0,capital
KGZ,VIR,12049.6,capital
KGZ,VNM,3781.9,capital
KGZ,VUT,11402.1,centroid
KGZ,WLF,12568.9,capital
KGZ,WSM,12967.5,capital
KGZ,YEM,4001.7,centroid
KGZ,ZAF,8985.6,capital
KGZ,ZMB,8017.0,capital
KGZ,ZWE,8083.0,capital
KHM,KIR,7589.3,centroid
KHM,KNA,16530.8,capital
KHM,KOR,3631.4,capital
KHM,KWT,6189.6,capital
KHM,LAO,754.4,capital
KHM,LBN,7401.7,capital
KHM,LBR,12632.7,capital
KHM,LBY,9471.6,capital
KHM,LCA,16777.0,capital
KHM,LIE,9470.0,capital
KHM,LKA,2797.5,capital
KHM,LSO,9447.9,capital
KHM,LTU,8295.9,capital
KHM,LUX,9652.3,capital
KHM,LVA,8375.7,capital
KHM,MAC,1493.7,centroid
KHM,MAF,16466.8,capital
KHM,MAR,11217.6,capital
KHM,MCO,9712.8,capital
KHM,MDA,8015.6,capital
KHM,MDG,7142.9,capital
KHM,MDV,3552.3,capital
KHM,MEX,15677.9,capital
KHM,MHL,7295.4,capital
KHM,MKD,8615.7,capital
KHM,MLI,12137.6,capital
KHM,MLT,9292.7,capital
KHM,MMR,1373.7,centroid
KHM,MNE,8789.2,capital
KHM,MNG,4045.6,capital
KHM,MNP,4430.1,capital
KHM,MOZ,8857.3,capital
KHM,MRT,12740.7,capital
KHM,MSR,16568.0,capital
KHM,MTQ,16721.4,capital
KHM,MUS,6272.7,capital
KHM,MWI,8337.5,capital
KHM,MYS,1001.7,capital
KHM,MYT,7120.0,capital
KHM,NAM,10279.6,capital
KHM,NCL,7687.5,capital
KHM,NER,11059.1,capital
KHM,NFK,8127.7,capital
KHM,NGA,10603.5,capital
KHM,NIC,17106.2,capital
KHM,NIU,9927.1,capital
KHM,NLD,9659.4,capital
KHM,NOR,9127.4,capital
KHM,NPL,2718.3,capital
KHM,NRU,6977.6,capital
KHM,NZL,9233.3,capital
KHM,OMN,5083.9,capital
KHM,PAK,4064.8,capital
KHM,PAN,17677.3,capital
KHM,PCN,14057.3,capital
KHM,PER,19796.8,capital
KHM,PHL,1772.1,capital
KHM,PLW,3287.2,capital
KHM,PNG,5222.1,capital
KHM,POL,8580.2,capital
KHM,PRI,16533.8,capital
KHM,PRK,3683.5,capital
KHM,PRT,11201.4,capital
KHM,PRY,17630.1,capital
KHM,PSE,7425.2,capital
KHM,PYF,12017.5,capital
KHM,QAT,5795.9,capital
KHM,REU,6497.8,capital
KHM,ROU,8225.5,capital
KHM,RUS,7534.7,capital
KHM,RWA,8404.6,capital
KHM,SAU,6275.4,capital
KHM,SDN,7801.5,capital
KHM,SEN,13026.9,capital
KHM,SGP,1148.3,capital
KHM,SGS,14195.2,centroid
KHM,SHN,12539.2,capital
KHM,SJM,8732.7,capital
KHM,SLB,6516.0,capital
KHM,SLE,12822.4,capital
KHM,SLV,16805.3,capital
KHM,SMR,9319.5,centroid
KHM,SOM,6649.7,capital
KHM,SPM,13260.3,capital
KHM,SRB,8669.6,capital
KHM,SSD,8086.9,capital
KHM,STP,10891.6,capital
KHM,SUR,17080.8,capital
KHM,SVK,8891.5,capital
KHM,SVN,9116.3,capital
KHM,SWE,8725.5,capital
KHM,SWZ,9005.8,capital
KHM,SXM,16469.6,capital
KHM,SYC,5758.7,capital
KHM,SYR,7327.4,capital
KHM,TCA,16317.9,capital
KHM,TCD,9726.0,capital
KHM,TGO,11350.4,capital
KHM,THA,537.3,capital
KHM,TJK,4664.1,capital
KHM,TKL,9464.3,centroid
KHM,TKM,5459.8,capital
KHM,TLS,3197.5,capital
KHM,TON,9433.5,centroid
KHM,TTO,17124.4,capital
KHM,TUN,9655.9,capital
KHM,TUR,7661.0,capital
KHM,TUV,8510.5,capital
KHM,TWN,2303.0,capital
KHM,TZA,7900.6,capital
KHM,UGA,8076.9,capital
KHM,UKR,7916.3,capital
KHM,UMI,6639.5,centroid
KHM,UNK,8631.7,capital
KHM,URY,16793.6,capital
KHM,USA,14050.4,centroid
KHM,UZB,4791.9,capital
KHM,VAT,9353.1,capital
KHM,VCT,16870.1,capital
KHM,VEN,17400.9,capital
KHM,VGB,16488.4,capital
KHM,VIR,16508.3,capital
KHM,VNM,1056.7,capital
KHM,VUT,7485.1,centroid
KHM,WLF,9129.6,capital
KHM,WSM,9607.3,capital
KHM,YEM,6155.5,centroid
KHM,ZAF,9269.9,capital
KHM,ZMB,8950.4,capital
KHM,ZWE,8738.6,capital
KIR,KNA,13567.8,centroid
KIR,KOR,6179.8,centroid
KIR,KWT,13254.8,centroid
KIR,LAO,7887.7,centroid
KIR,LBN,14091.4,centroid
KIR,LBR,19059.0,centroid
KIR,LBY,15651.6,centroid
KIR,LCA,13825.9,centroid
KIR,LIE,14380.8,centroid
KIR,LKA,10336.2,centroid
KIR,LSO,15226.7,centroid
KIR,LTU,13113.0,centroid
KIR,LUX,14203.6,centroid
KIR,LVA,12953.8,centroid
KIR,MAC,6818.6,centroid
KIR,MAF,13511.3,centroid
KIR,MAR,16075.4,centroid
KIR,MCO,14792.8,centroid
KIR,MDA,13599.4,centroid
KIR,MDG,13769.1,centroid
KIR,MDV,11048.1,centroid
KIR,MEX,9732.1,centroid
KIR,MHL,655.9,centroid
KIR,MKD,14405.8,centroid
KIR,MLI,18451.8,centroid
KIR,MLT,15304.4,centroid
KIR,MMR,8403.2,centroid
KIR,MNE,14473.0,centroid
KIR,MNG,8135.3,centroid
KIR,MNP,3360.0,centroid
KIR,MOZ,14979.0,centroid
KIR,MRT,17634.2,centroid
KIR,MSR,13635.6,centroid
KIR,MTQ,13805.0,centroid
KIR,MUS,12716.8,centroid
KIR,MWI,15319.8,centroid
KIR,MYS,7924.5,centroid
KIR,MYT,14128.2,centroid
KIR,NAM,16508.6,centroid
KIR,NCL,2728.5,centroid
KIR,NER,18074.7,centroid
KIR,NFK,3430.4,centroid
KIR,NGA,18031.3,centroid
KIR,NIC,11141.8,centroid
KIR,NIU,2943.2,centroid
KIR,NLD,13931.0,centroid
KIR,NOR,13023.7,centroid
KIR,NPL,9705.9,centroid
KIR,NRU,710.0,centroid
KIR,NZL,4751.8,centroid
KIR,OMN,12431.7,centroid
KIR,PAK,10838.4,centroid
KIR,PAN,11900.2,centroid
KIR,PCN,6788.3,centroid
KIR,PER,12211.6,centroid
KIR,PHL,5895.2,centroid
KIR,PLW,4305.3,centroid
KIR,PNG,3108.4,centroid
KIR,POL,13499.3,centroid
KIR,PRI,13190.2,centroid
KIR,PRK,6352.6,centroid
KIR,PRT,15546.1,centroid
KIR,PRY,13978.6,centroid
KIR,PSE,14232.7,centroid
KIR,PYF,4609.3,centroid
KIR,QAT,13062.3,centroid
KIR,REU,12916.0,centroid
KIR,ROU,13954.7,centroid
KIR,RUS,12491.1,centroid
KIR,RWA,15895.8,centroid
KIR,SAU,13544.9,centroid
KIR,SDN,15278.9,centroid
KIR,SEN,17886.6,centroid
KIR,SGP,7686.7,centroid
KIR,SGS,13513.0,centroid
KIR,SHN,18395.7,centroid
KIR,SJM,11057.8,centroid
KIR,SLB,1882.7,centroid
KIR,SLE,18714.9,centroid
KIR,SLV,10813.6,centroid
KIR,SMR,14632.0,centroid
KIR,SOM,14183.1,centroid
KIR,SPM,12836.0,centroid
KIR,SRB,14202.9,centroid
KIR,SSD,15672.8,centroid
KIR,STP,18476.1,centroid
KIR,SUR,14606.2,centroid
KIR,SVK,14031.3,centroid
KIR,SVN,14330.9,centroid
KIR,SWE,12914.7,centroid
KIR,SWZ,15076.4,centroid
KIR,SXM,13516.2,centroid
KIR,SYC,13072.9,centroid
KIR,SYR,14052.2,centroid
KIR,TCA,12606.6,centroid
KIR,TCD,17153.5,centroid
KIR,TGO,18775.3,centroid
KIR,THA,8080.4,centroid
KIR,TJK,11139.2,centroid
KIR,TKL,2025.7,centroid
KIR,TKM,12036.8,centroid
KIR,TLS,5371.7,centroid
KIR,TON,2717.2,centroid
KIR,TTO,13838.0,centroid
KIR,TUN,15408.8,centroid
KIR,TUR,13892.7,centroid
KIR,TUV,1301.2,centroid
KIR,TWN,6108.0,centroid
KIR,TZA,15245.6,centroid
KIR,UGA,15609.9,centroid
KIR,UKR,13239.0,centroid
KIR,UMI,2105.9,centroid
KIR,UNK,14359.7,centroid
KIR,URY,13717.7,centroid
KIR,USA,9910.6,centroid
KIR,UZB,11048.9,centroid
KIR,VAT,14815.7,centroid
KIR,VCT,13820.8,centroid
KIR,VEN,13261.2,centroid
KIR,VGB,13344.1,centroid
KIR,VIR,13314.3,centroid
KIR,VNM,7585.4,centroid
KIR,VUT,2045.7,centroid
KIR,WLF,2024.0,centroid
KIR,WSM,2386.1,centroid
KIR,YEM,13698.5,centroid
KIR,ZAF,15378.4,centroid
KIR,ZMB,15844.3,centroid
KIR,ZWE,15478.0,centroid
KNA,KOR,13830.8,capital
KNA,KWT,10956.0,capital
KNA,LAO,15778.1,capital
KNA,LBN,9673.6,capital
KNA,LBR,5764.5,capital
KNA,LBY,7684.6,capital
KNA,LCA,410.5,capital
KNA,LIE,7274.4,capital
KNA,LKA,15099.1,capital
KNA,LSO,10957.8,capital
KNA,LTU,8319.8,capital
KNA,LUX,7036.7,capital
KNA,LVA,8212.9,capital
KNA,MAC,15608.4,centroid
KNA,MAF,93.9,capital
KNA,MAR,5827.0,capital
KNA,MCO,7106.2,capital
KNA,MDA,8728.2,capital
KNA,MDG,12693.1,capital
KNA,MDV,14651.3,capital
KNA,MEX,3842.1,capital
KNA,MHL,13482.7,capital
KNA,MKD,8258.1,capital
KNA,MLI,5886.6,capital
KNA,MLT,7762.4,capital
KNA,MMR,15167.9,centroid
KNA,MNE,8074.1,capital
KNA,MNG,12691.3,capital
KNA,MNP,15238.1,capital
KNA,MOZ,11352.8,capital
KNA,MRT,4939.4,capital
KNA,MSR,85.3,capital
KNA,MTQ,347.5,capital
KNA,MUS,13745.6,capital
KNA,MWI,11140.2,capital
KNA,MYS,17170.8,capital
KNA,MYT,12304.6,capital
KNA,NAM,9740.1,capital
KNA,NCL,14861.8,capital
KNA,NER,6931.8,capital
KNA,NFK,14712.0,capital
KNA,NGA,7621.1,capital
KNA,NIC,2592.3,capital
KNA,NIU,12380.0,capital
KNA,NLD,6980.5,capital
KNA,NOR,7431.4,capital
KNA,NPL,13942.0,capital
KNA,NRU,14276.3,capital
KNA,NZL,13962.3,capital
KNA,OMN,12173.5,capital
KNA,PAK,12657.0,capital
KNA,PAN,2037.5,capital
KNA,PCN,8680.9,capital
KNA,PER,3620.9,capital
KNA,PHL,16444.8,capital
KNA,PLW,16662.9,capital
KNA,PNG,16673.2,capital
KNA,POL,8074.3,capital
KNA,PRI,380.7,capital
KNA,PRK,13689.7,capital
KNA,PRT,5679.5,capital
KNA,PRY,4766.7,capital
KNA,PSE,9718.9,capital
KNA,PYF,10258.9,capital
KNA,QAT,11470.9,capital
KNA,REU,13545.2,capital
KNA,ROU,8581.1,capital
KNA,RUS,9052.9,capital
KNA,RWA,10367.4,capital
KNA,SAU,11061.3,capital
KNA,SDN,10036.7,capital
KNA,SEN,4838.1,capital
KNA,SGP,17478.3,capital
KNA,SGS,8348.6,centroid
KNA,SHN,7257.3,capital
KNA,SJM,7862.8,capital
KNA,SLB,15326.4,capital
KNA,SLE,5438.0,capital
KNA,SLV,2861.4,capital
KNA,SMR,7507.2,centroid
KNA,SOM,11851.3,capital
KNA,SPM,3333.2,capital
KNA,SRB,8134.2,capital
KNA,SSD,10302.7,capital
KNA,STP,7818.9,capital
KNA,SUR,1513.4,capital
KNA,SVK,7838.5,capital
KNA,SVN,7657.8,capital
KNA,SWE,7840.4,capital
KNA,SWZ,11232.0,capital
KNA,SXM,88.1,capital
KNA,SYC,13149.2,capital
KNA,SYR,9756.6,capital
KNA,TCA,996.7,capital
KNA,TCD,8331.0,capital
KNA,TGO,7043.1,capital
KNA,THA,16102.3,capital
KNA,TJK,12013.6,capital
KNA,TKL,12338.8,centroid
KNA,TKM,11330.5,capital
KNA,TLS,18691.9,capital
KNA,TON,12922.7,centroid
KNA,TTO,748.5,capital
KNA,TUN,7364.7,capital
KNA,TUR,9243.8,capital
KNA,TUV,13259.4,capital
KNA,TWN,15283.7,capital
KNA,TZA,11106.8,capital
KNA,UGA,10560.4,capital
KNA,UKR,8758.5,capital
KNA,UMI,13260.3,centroid
KNA,UNK,8224.6,capital
KNA,URY,5845.2,capital
KNA,USA,4048.9,centroid
KNA,UZB,11839.5,capital
KNA,VAT,7521.9,capital
KNA,VCT,487.6,capital
KNA,VEN,879.6,capital
KNA,VGB,236.8,capital
KNA,VIR,260.9,capital
KNA,VNM,15575.5,capital
KNA,VUT,14730.5,centroid
KNA,WLF,12896.6,capital
KNA,WSM,12446.6,capital
KNA,YEM,11613.6,centroid
KNA,ZAF,10920.7,capital
KNA,ZMB,10615.3,capital
KNA,ZWE,10972.7,capital
KOR,KWT,7170.4,capital
KOR,LAO,3221.8,capital
KOR,LBN,7912.0,capital
KOR,LBR,13465.6,capital
KOR,LBY,9608.9,capital
KOR,LCA,14221.3,capital
KOR,LIE,8735.6,capital
KOR,LKA,5836.2,capital
KOR,LSO,12716.7,capital
KOR,LTU,7353.7,capital
KOR,LUX,8718.1,capital
KOR,LVA,7283.3,capital
KOR,MAC,2141.6,centroid
KOR,MAF,13739.8,capital
KOR,MAR,10734.2,capital
KOR,MCO,9119.2,capital
KOR,MDA,7595.5,capital
KOR,MDG,10391.5,capital
KOR,MDV,6561.0,capital
KOR,MEX,12052.4,capital
KOR,MHL,5605.8,capital
KOR,MKD,8397.5,capital
KOR,MLI,12723.0,capital
KOR,MLT,9291.5,capital
KOR,MMR,3267.9,centroid
KOR,MNE,8506.5,capital
KOR,MNG,1994.2,capital
KOR,MNP,3097.1,capital
KOR,MOZ,12093.2,capital
KOR,MRT,12714.0,capital
KOR,MSR,13904.2,capital
KOR,MTQ,14153.3,capital
KOR,MUS,9684.4,capital
KOR,MWI,11225.3,capital
KOR,MYS,4614.1,capital
KOR,MYT,10160.2,capital
KOR,NAM,13219.0,capital
KOR,NCL,7830.2,capital
KOR,NER,11936.3,capital
KOR,NFK,8548.9,capital
KOR,NGA,11877.2,capital
KOR,NIC,13492.2,capital
KOR,NIU,9113.1,capital
KOR,NLD,8556.5,capital
KOR,NOR,7716.6,capital
KOR,NPL,4016.7,capital
KOR,NRU,5893.5,capital
KOR,NZL,10021.4,capital
KOR,OMN,6602.8,capital
KOR,PAK,4825.7,capital
KOR,PAN,14150.0,capital
KOR,PCN,12760.8,capital
KOR,PER,16307.1,capital
KOR,PHL,2620.9,capital
KOR,PLW,3430.9,capital
KOR,PNG,5636.7,capital
KOR,POL,7740.5,capital
KOR,PRI,13635.8,capital
KOR,PRK,195.1,capital
KOR,PRT,10418.1,capital
KOR,PRY,18581.4,capital
KOR,PSE,8057.4,capital
KOR,PYF,10629.8,capital
KOR,QAT,7101.4,capital
KOR,REU,9897.1,capital
KOR,ROU,7932.0,capital
KOR,RUS,6605.7,capital
KOR,RWA,10749.4,capital
KOR,SAU,7548.0,capital
KOR,SDN,9342.1,capital
KOR,SEN,13117.3,capital
KOR,SGP,4676.5,capital
KOR,SGS,17773.9,centroid
KOR,SHN,14807.8,capital
KOR,SJM,6388.5,capital
KOR,SLB,6250.9,capital
KOR,SLE,13435.4,capital
KOR,SLV,13178.8,capital
KOR,SMR,8830.0,centroid
KOR,SOM,9132.5,capital
KOR,SPM,10631.1,capital
KOR,SRB,8267.3,capital
KOR,SSD,10152.2,capital
KOR,STP,12599.5,capital
KOR,SUR,15180.5,capital
KOR,SVK,8236.9,capital
KOR,SVN,8537.8,capital
KOR,SWE,7431.9,capital
KOR,SWZ,12239.2,capital
KOR,SXM,13745.1,capital
KOR,SYC,8716.4,capital
KOR,SYR,7873.9,capital
KOR,TCA,13183.0,capital
KOR,TCD,11041.8,capital
KOR,TGO,12597.7,capital
KOR,THA,3722.3,capital
KOR,TJK,5008.7,capital
KOR,TKL,8173.5,centroid
KOR,TKM,5883.5,capital
KOR,TLS,5130.9,capital
KOR,TON,8815.9,centroid
KOR,TTO,14579.2,capital
KOR,TUN,9502.8,capital
KOR,TUR,7746.3,capital
KOR,TUV,7455.7,capital
KOR,TWN,1483.9,capital
KOR,TZA,10534.3,capital
KOR,UGA,10373.4,capital
KOR,UKR,7292.3,capital
KOR,UMI,4333.3,centroid
KOR,UNK,8368.4,capital
KOR,URY,19604.9,capital
KOR,USA,10480.2,centroid
KOR,UZB,4887.1,capital
KOR,VAT,8968.9,capital
KOR,VCT,14310.4,capital
KOR,VEN,14480.0,capital
KOR,VGB,13671.6,capital
KOR,VIR,13674.6,capital
KOR,VNM,2741.5,capital
KOR,VUT,7278.0,centroid
KOR,WLF,8187.4,capital
KOR,WSM,8565.8,capital
KOR,YEM,8038.5,centroid
KOR,ZAF,12449.2,capital
KOR,ZMB,11798.6,capital
KOR,ZWE,11713.3,capital
KWT,LAO,5655.6,capital
KWT,LBN,1282.5,capital
KWT,LBR,6650.2,capital
KWT,LBY,3319.3,capital
KWT,LCA,11008.3,capital
KWT,LIE,3841.0,capital
KWT,LKA,4164.3,capital
KWT,LSO,6878.1,capital
KWT,LTU,3350.0,capital
KWT,LUX,4160.7,capital
KWT,LVA,3586.1,capital
KWT,MAC,6532.9,centroid
KWT,MAF,10938.4,capital
KWT,MAR,5150.3,capital
KWT,MCO,3910.5,capital
KWT,MDA,2562.4,capital
KWT,MDG,5368.8,capital
KWT,MDV,3882.5,capital
KWT,MEX,13543.5,capital
KWT,MHL,12738.3,capital
KWT,MKD,2761.3,capital
KWT,MLI,6040.1,capital
KWT,MLT,3199.7,capital
KWT,MMR,5042.2,centroid
KWT,MNE,2945.7,capital
KWT,MNG,5367.7,capital
KWT,MNP,9913.0,capital
KWT,MOZ,6367.9,capital
KWT,MRT,6553.2,capital
KWT,MSR,10948.0,capital
KWT,MTQ,10977.1,capital
KWT,MUS,5601.2,capital
KWT,MWI,5053.4,capital
KWT,MYS,6359.0,capital
KWT,MYT,4696.0,capital
KWT,NAM,6653.2,capital
KWT,NCL,13874.5,capital
KWT,NER,5025.7,capital
KWT,NFK,14259.8,capital
KWT,NGA,4776.9,capital
KWT,NIC,13278.8,capital
KWT,NIU,16024.4,capital
KWT,NLD,4338.2,capital
KWT,NOR,4386.5,capital
KWT,NPL,3637.5,capital
KWT,NRU,12815.1,capital
KWT,NZL,15090.7,capital
KWT,OMN,1220.5,capital
KWT,PAK,2418.1,capital
KWT,PAN,12961.9,capital
KWT,PCN,19500.4,capital
KWT,PER,14037.7,capital
KWT,PHL,7592.1,capital
KWT,PLW,9276.4,capital
KWT,PNG,11406.6,capital
KWT,POL,3368.9,capital
KWT,PRI,11173.2,capital
KWT,PRK,7018.6,capital
KWT,PRT,5279.5,capital
KWT,PRY,12780.7,capital
KWT,PSE,1253.0,capital
KWT,PYF,17798.9,capital
KWT,QAT,573.9,capital
KWT,REU,5644.6,capital
KWT,ROU,2551.8,capital
KWT,RUS,3046.4,capital
KWT,RWA,3969.8,capital
KWT,SAU,534.9,capital
KWT,SDN,2203.9,capital
KWT,SEN,6853.6,capital
KWT,SGP,6673.1,capital
KWT,SGS,12319.1,centroid
KWT,SHN,7649.9,capital
KWT,SJM,5662.2,capital
KWT,SLB,12643.9,capital
KWT,SLE,6763.3,capital
KWT,SLV,13379.0,capital
KWT,SMR,3519.8,centroid
KWT,SOM,3051.7,capital
KWT,SPM,8650.1,capital
KWT,SRB,2959.8,capital
KWT,SSD,3225.5,capital
KWT,STP,5430.8,capital
KWT,SUR,10947.3,capital
KWT,SVK,3356.6,capital
KWT,SVN,3441.6,capital
KWT,SWE,4023.1,capital
KWT,SWZ,6460.7,capital
KWT,SXM,10937.9,capital
KWT,SYC,3862.6,capital
KWT,SYR,1199.4,capital
KWT,TCA,11389.6,capital
KWT,TCD,3903.9,capital
KWT,TGO,5532.6,capital
KWT,THA,5652.3,capital
KWT,TJK,2165.8,capital
KWT,TKL,15280.6,centroid
KWT,TKM,1354.3,capital
KWT,TLS,9291.9,capital
KWT,TON,15575.9,centroid
KWT,TTO,11258.0,capital
KWT,TUN,3593.6,capital
KWT,TUR,1809.2,capital
KWT,TUV,14437.3,capital
KWT,TWN,7167.2,capital
KWT,TZA,4162.6,capital
KWT,UGA,3619.3,capital
KWT,UKR,2761.9,capital
KWT,UMI,11501.8,centroid
KWT,UNK,2810.1,capital
KWT,URY,13020.5,capital
KWT,USA,11686.2,centroid
KWT,UZB,2327.4,capital
KWT,VAT,3468.1,capital
KWT,VCT,11079.7,capital
KWT,VEN,11755.3,capital
KWT,VGB,11048.5,capital
KWT,VIR,11080.6,capital
KWT,VNM,5838.9,capital
KWT,VUT,13654.3,centroid
KWT,WLF,15140.2,capital
KWT,WSM,15586.2,capital
KWT,YEM,1597.5,centroid
KWT,ZAF,6481.5,capital
KWT,ZMB,5408.6,capital
KWT,ZWE,5553.1,capital
LAO,LBN,6823.1,capital
LAO,LBR,12228.6,capital
LAO,LBY,8882.4,capital
LAO,LCA,16032.2,capital
LAO,LIE,8780.8,capital
LAO,LKA,2753.5,capital
LAO,LSO,9612.3,capital
LAO,LTU,7576.4,capital
LAO,LUX,8948.2,capital
LAO,LVA,7647.4,capital
LAO,MAC,1234.8,centroid
LAO,MAF,15713.3,capital
LAO,MAR,10580.3,capital
LAO,MCO,9040.4,capital
LAO,MDA,7335.4,capital
LAO,MDG,7278.7,capital
LAO,MDV,3516.6,capital
LAO,MEX,15227.9,capital
LAO,MHL,7526.0,capital
LAO,MKD,7966.4,capital
LAO,MLI,11676.0,capital
LAO,MLT,8681.6,capital
LAO,MMR,657.3,centroid
LAO,MNE,8135.6,capital
LAO,MNG,3352.0,capital
LAO,MNP,4599.1,capital
LAO,MOZ,9001.8,capital
LAO,MRT,12196.0,capital
LAO,MSR,15816.6,capital
LAO,MTQ,15975.3,capital
LAO,MUS,6493.9,capital
LAO,MWI,8337.3,capital
LAO,MYS,1651.5,capital
LAO,MYT,7162.0,capital
LAO,NAM,10324.1,capital
LAO,NCL,8258.8,capital
LAO,NER,10622.1,capital
LAO,NFK,8745.5,capital
LAO,NGA,10230.7,capital
LAO,NIC,16530.1,capital
LAO,NIU,10397.5,capital
LAO,NLD,8942.5,capital
LAO,NOR,8388.0,capital
LAO,NPL,2071.8,capital
LAO,NRU,7322.0,capital
LAO,NZL,9910.3,capital
LAO,OMN,4619.1,capital
LAO,PAK,3418.4,capital
LAO,PAN,17008.2,capital
LAO,PCN,14539.2,capital
LAO,PER,19355.2,capital
LAO,PHL,1996.3,capital
LAO,PLW,3655.6,capital
LAO,PNG,5764.5,capital
LAO,POL,7871.3,capital
LAO,PRI,15780.0,capital
LAO,PRK,3237.5,capital
LAO,PRT,10530.7,capital
LAO,PRY,17820.2,capital
LAO,PSE,6865.7,capital
LAO,PYF,12426.9,capital
LAO,QAT,5310.8,capital
LAO,REU,6712.2,capital
LAO,ROU,7561.4,capital
LAO,RUS,6807.9,capital
LAO,RWA,8234.4,capital
LAO,SAU,5798.3,capital
LAO,SDN,7419.7,capital
LAO,SEN,12507.7,capital
LAO,SGP,1859.4,capital
LAO,SGS,14700.5,centroid
LAO,SHN,12436.8,capital
LAO,SJM,7984.1,capital
LAO,SLB,6993.0,capital
LAO,SLE,12384.4,capital
LAO,SLV,16265.2,capital
LAO,SMR,8652.0,centroid
LAO,SOM,6485.1,capital
LAO,SPM,12507.9,capital
LAO,SRB,8001.3,capital
LAO,SSD,7835.3,capital
LAO,STP,10616.7,capital
LAO,SUR,16412.9,capital
LAO,SVK,8201.9,capital
LAO,SVN,8437.0,capital
LAO,SWE,7989.0,capital
LAO,SWZ,9150.4,capital
LAO,SXM,15716.2,capital
LAO,SYC,5746.7,capital
LAO,SYR,6752.4,capital
LAO,TCA,15578.2,capital
LAO,TCD,9341.4,capital
LAO,TGO,10990.4,capital
LAO,THA,519.4,capital
LAO,TJK,3988.7,capital
LAO,TKL,9834.9,centroid
LAO,TKM,4819.2,capital
LAO,TLS,3880.9,capital
LAO,TON,9926.5,centroid
LAO,TTO,16385.1,capital
LAO,TUN,9032.1,capital
LAO,TUR,7030.2,capital
LAO,TUV,8903.8,capital
LAO,TWN,2107.7,capital
LAO,TZA,7807.7,capital
LAO,UGA,7886.8,capital
LAO,UKR,7216.2,capital
LAO,UMI,6708.1,centroid
LAO,UNK,7977.6,capital
LAO,URY,17197.2,capital
LAO,USA,13463.5,centroid
LAO,UZB,4094.6,capital
LAO,VAT,8697.3,capital
LAO,VCT,16126.2,capital
LAO,VEN,16646.8,capital
LAO,VGB,15734.1,capital
LAO,VIR,15753.9,capital
LAO,VNM,480.6,capital
LAO,VUT,7999.0,centroid
LAO,WLF,9558.9,capital
LAO,WSM,10029.4,capital
LAO,YEM,5810.9,centroid
LAO,ZAF,9393.4,capital
LAO,ZMB,8945.0,capital
LAO,ZWE,8775.4,capital
LBN,LBR,5655.2,capital
LBN,LBY,2070.6,capital
LBN,LCA,9729.8,capital
LBN,LIE,2624.7,capital
LBN,LKA,5444.0,capital
LBN,LSO,7079.0,capital
LBN,LTU,2445.4,capital
LBN,LUX,2967.3,capital
LBN,LVA,2704.9,capital
LBN,MAC,7595.7,centroid
LBN,MAF,9655.9,capital
LBN,MAR,3876.0,capital
LBN,MCO,2650.8,capital
LBN,MDA,1561.5,capital
LBN,MDG,6008.8,capital
LBN,MDV,5130.5,capital
LBN,MEX,12384.2,capital
LBN,MHL,13510.2,capital
LBN,MKD,1524.5,capital
LBN,MLI,4981.7,capital
LBN,MLT,1923.2,capital
LBN,MMR,6187.6,centroid
LBN,MNE,1703.8,capital
LBN,MNG,5975.6,capital
LBN,MNP,10844.2,capital
LBN,MOZ,6663.1,capital
LBN,MRT,5376.6,capital
LBN,MSR,9666.1,capital
LBN,MTQ,9697.7,capital
LBN,MUS,6446.6,capital
LBN,MWI,5324.9,capital
LBN,MYS,7625.6,capital
LBN,MYT,5291.3,capital
LBN,NAM,6573.0,capital
LBN,NCL,15080.8,capital
LBN,NER,4055.2,capital
LBN,NFK,15514.7,capital
LBN,NGA,3975.8,capital
LBN,NIC,12014.7,capital
LBN,NIU,17008.2,capital
LBN,NLD,3182.5,capital
LBN,NOR,3406.8,capital
LBN,NPL,4762.1,capital
LBN,NRU,13752.4,capital
LBN,NZL,16368.8,capital
LBN,OMN,2502.1,capital
LBN,PAK,3448.9,capital
LBN,PAN,11680.6,capital
LBN,PCN,18313.5,capital
LBN,PER,12821.1,capital
LBN,PHL,8699.3,capital
LBN,PLW,10375.2,capital
LBN,PNG,12586.8,capital
LBN,POL,2344.4,capital
LBN,PRI,9891.5,capital
LBN,PRK,7740.7,capital
LBN,PRT,3997.2,capital
LBN,PRY,11811.7,capital
LBN,PSE,223.4,capital
LBN,PYF,18127.3,capital
LBN,QAT,1818.2,capital
LBN,REU,6446.9,capital
LBN,ROU,1422.4,capital
LBN,RUS,2436.0,capital
LBN,RWA,4026.1,capital
LBN,SAU,1492.0,capital
LBN,SDN,2061.1,capital
LBN,SEN,5704.1,capital
LBN,SGP,7940.8,capital
LBN,SGS,12009.3,centroid
LBN,SHN,7052.3,capital
LBN,SJM,5020.4,capital
LBN,SLB,13752.9,capital
LBN,SLE,5716.4,capital
LBN,SLV,12130.0,capital
LBN,SMR,2270.1,centroid
LBN,SOM,3687.0,capital
LBN,SPM,7457.1,capital
LBN,SRB,1767.6,capital
LBN,SSD,3254.6,capital
LBN,STP,4785.9,capital
LBN,SUR,9705.7,capital
LBN,SVK,2201.1,capital
LBN,SVN,2230.8,capital
LBN,SWE,3104.4,capital
LBN,SWZ,6727.1,capital
LBN,SXM,9655.4,capital
LBN,SYC,4767.9,capital
LBN,SYR,84.6,capital
LBN,TCA,10117.4,capital
LBN,TCD,3188.1,capital
LBN,TGO,4685.8,capital
LBN,THA,6866.2,capital
LBN,TJK,3012.9,capital
LBN,TKL,16071.3,centroid
LBN,TKM,2103.5,capital
LBN,TLS,10543.5,capital
LBN,TON,16638.4,centroid
LBN,TTO,9985.1,capital
LBN,TUN,2313.6,capital
LBN,TUR,710.2,capital
LBN,TUV,15354.9,capital
LBN,TWN,8144.5,capital
LBN,TZA,4455.2,capital
LBN,UGA,3746.0,capital
LBN,UKR,1885.6,capital
LBN,UMI,12157.0,centroid
LBN,UNK,1583.2,capital
LBN,URY,12212.0,capital
LBN,USA,10636.8,centroid
LBN,UZB,3060.8,capital
LBN,VAT,2200.7,capital
LBN,VCT,9802.3,capital
LBN,VEN,10476.2,capital
LBN,VGB,9766.3,capital
LBN,VIR,9798.4,capital
LBN,VNM,6956.9,capital
LBN,VUT,14792.5,centroid
LBN,WLF,16084.4,capital
LBN,WSM,16477.5,capital
LBN,YEM,2447.3,centroid
LBN,ZAF,6676.3,capital
LBN,ZMB,5535.0,capital
LBN,ZWE,5770.4,capital
LBR,LBY,3858.0,capital
LBR,LCA,5551.5,capital
LBR,LIE,4937.2,capital
LBR,LKA,9993.9,capital
LBR,LSO,5693.3,capital
LBR,LTU,6267.5,capital
LBR,LUX,5069.7,capital
LBR,LVA,6399.0,capital
LBR,MAC,13182.3,centroid
LBR,MAF,5811.1,capital
LBR,MAR,3108.4,capital
LBR,MCO,4526.7,capital
LBR,MDA,5891.3,capital
LBR,MDG,6976.1,capital
LBR,MDV,9328.7,capital
LBR,MEX,9600.7,capital
LBR,MHL,18506.7,capital
LBR,MKD,5082.5,capital
LBR,MLI,766.7,capital
LBR,MLT,4181.8,capital
LBR,MMR,11655.8,centroid
LBR,MNE,4987.5,capital
LBR,MNG,11473.5,capital
LBR,MNP,16494.0,capital
LBR,MOZ,5896.2,capital
LBR,MRT,1425.9,capital
LBR,MSR,5704.0,capital
LBR,MTQ,5563.3,capital
LBR,MUS,8018.0,capital
LBR,MWI,5411.0,capital
LBR,MYS,12446.4,capital
LBR,MYT,6542.9,capital
LBR,NAM,4415.8,capital
LBR,NCL,18214.5,capital
LBR,NER,1624.5,capital
LBR,NFK,17481.6,capital
LBR,NGA,2038.6,capital
LBR,NIC,8284.7,capital
LBR,NIU,17348.0,capital
LBR,NLD,5320.2,capital
LBR,NOR,6232.7,capital
LBR,NPL,10280.1,capital
LBR,NRU,19327.6,capital
LBR,NZL,16085.8,capital
LBR,OMN,7611.3,capital
LBR,PAK,9050.6,capital
LBR,PAN,7569.5,capital
LBR,PCN,13249.4,capital
LBR,PER,7600.5,capital
LBR,PHL,14212.8,capital
LBR,PLW,15884.0,capital
LBR,PNG,17561.3,capital
LBR,POL,5875.0,capital
LBR,PRI,6133.0,capital
LBR,PRK,13280.4,capital
LBR,PRT,3609.3,capital
LBR,PRY,6160.8,capital
LBR,PSE,5548.3,capital
LBR,PYF,15370.9,capital
LBR,QAT,6931.7,capital
LBR,REU,7831.6,capital
LBR,ROU,5546.4,capital
LBR,RUS,6947.9,capital
LBR,RWA,4627.4,capital
LBR,SAU,6442.5,capital
LBR,SDN,4831.4,capital
LBR,SEN,1182.4,capital
LBR,SGP,12712.5,capital
LBR,SGS,7186.0,centroid
LBR,SHN,2533.8,capital
LBR,SJM,8139.2,capital
LBR,SLB,18938.1,capital
LBR,SLE,362.5,capital
LBR,SLV,8592.3,capital
LBR,SMR,4741.6,centroid
LBR,SOM,6241.1,capital
LBR,SPM,6235.5,capital
LBR,SRB,5242.1,capital
LBR,SSD,4691.6,capital
LBR,STP,2054.6,capital
LBR,SUR,4904.7,capital
LBR,SVK,5348.6,capital
LBR,SVN,5043.7,capital
LBR,SWE,6385.3,capital
LBR,SWZ,5808.8,capital
LBR,SXM,5806.6,capital
LBR,SYC,7454.1,capital
LBR,SYR,5707.4,capital
LBR,TCA,6687.6,capital
LBR,TCD,2907.1,capital
LBR,TGO,1328.6,capital
LBR,THA,12113.6,capital
LBR,TJK,8665.8,capital
LBR,TKL,17922.3,centroid
LBR,TKM,7756.2,capital
LBR,TLS,15200.3,capital
LBR,TON,17728.4,centroid
LBR,TTO,5593.7,capital
LBR,TUN,4005.4,capital
LBR,TUR,5730.7,capital
LBR,TUV,18886.1,capital
LBR,TWN,13792.9,capital
LBR,TZA,5347.2,capital
LBR,UGA,4858.6,capital
LBR,UKR,6221.4,capital
LBR,UMI,17154.6,centroid
LBR,UNK,5117.4,capital
LBR,URY,6600.4,capital
LBR,USA,9244.8,centroid
LBR,UZB,8712.0,capital
LBR,VAT,4575.6,capital
LBR,VCT,5570.2,capital
LBR,VEN,6179.5,capital
LBR,VGB,5976.7,capital
LBR,VIR,6008.3,capital
LBR,VNM,12467.6,capital
LBR,VUT,18910.2,centroid
LBR,WLF,18235.8,capital
LBR,WSM,17771.3,capital
LBR,YEM,6480.2,centroid
LBR,ZAF,5514.1,capital
LBR,ZMB,4935.4,capital
LBR,ZWE,5319.2,capital
LBY,LCA,7707.2,capital
LBY,LIE,1614.9,capital
LBY,LKA,7414.9,capital
LBY,LSO,7079.0,capital
LBY,LTU,2602.8,capital
LBY,LUX,1948.6,capital
LBY,LVA,2802.0,capital
LBY,MAC,9593.2,centroid
LBY,MAF,7675.8,capital
LBY,MAR,1858.6,capital
LBY,MCO,1306.3,capital
LBY,MDA,2053.7,capital
LBY,MDG,6818.9,capital
LBY,MDV,7003.7,capital
LBY,MEX,10774.4,capital
LBY,MHL,15007.4,capital
LBY,MKD,1245.9,capital
LBY,MLI,3116.1,capital
LBY,MLT,356.4,capital
LBY,MMR,8240.6,centroid
LBY,MNE,1188.5,capital
LBY,MNG,7615.8,capital
LBY,MNP,12668.7,capital
LBY,MOZ,6858.6,capital
LBY,MRT,3341.2,capital
LBY,MSR,7669.4,capital
LBY,MTQ,7679.6,capital
LBY,MUS,7545.5,capital
LBY,MWI,5651.0,capital
LBY,MYS,9677.9,capital
LBY,MYT,6112.1,capital
LBY,NAM,6179.3,capital
LBY,NCL,17138.7,capital
LBY,NER,2429.6,capital
LBY,NFK,17579.0,capital
LBY,NGA,2713.5,capital
LBY,NIC,10138.1,capital
LBY,NIU,18446.0,capital
LBY,NLD,2267.1,capital
LBY,NOR,3010.4,capital
LBY,NPL,6814.1,capital
LBY,NRU,15490.5,capital
LBY,NZL,18139.4,capital
LBY,OMN,4513.9,capital
LBY,PAK,5481.2,capital
LBY,PAN,9716.2,capital
LBY,PCN,16359.2,capital
LBY,PER,10750.7,capital
LBY,PHL,10718.9,capital
LBY,PLW,12376.6,capital
LBY,PNG,14637.3,capital
LBY,POL,2241.1,capital
LBY,PRI,7932.5,capital
LBY,PRK,9422.9,capital
LBY,PRT,2110.0,capital
LBY,PRY,9897.1,capital
LBY,PSE,2066.4,capital
LBY,PYF,17588.2,capital
LBY,QAT,3798.8,capital
LBY,REU,7475.2,capital
LBY,ROU,1700.5,capital
LBY,RUS,3165.1,capital
LBY,RWA,4260.0,capital
LBY,SAU,3377.0,capital
LBY,SDN,2740.5,capital
LBY,SEN,3692.8,capital
LBY,SGP,9991.5,capital
LBY,SGS,10837.0,centroid
LBY,SHN,5787.8,capital
LBY,SJM,5042.5,capital
LBY,SLB,15726.4,capital
LBY,SLE,3838.6,capital
LBY,SLV,10302.9,capital
LBY,SMR,1211.6,centroid
LBY,SOM,4796.1,capital
LBY,SPM,5920.9,capital
LBY,SRB,1465.8,capital
LBY,SSD,3655.0,capital
LBY,STP,3682.0,capital
LBY,SUR,7636.5,capital
LBY,SVK,1728.3,capital
LBY,SVN,1468.0,capital
LBY,SWE,2962.4,capital
LBY,SWZ,6869.4,capital
LBY,SXM,7674.6,capital
LBY,SYC,6099.5,capital
LBY,SYR,2146.4,capital
LBY,TCA,8226.8,capital
LBY,TCD,2318.4,capital
LBY,TGO,3222.7,capital
LBY,THA,8936.5,capital
LBY,TJK,4982.5,capital
LBY,TKL,17306.0,centroid
LBY,TKM,4093.9,capital
LBY,TLS,12608.9,capital
LBY,TON,18368.0,centroid
LBY,TTO,7944.6,capital
LBY,TUN,516.8,capital
LBY,TUR,1920.5,capital
LBY,TUV,16947.5,capital
LBY,TWN,10067.6,capital
LBY,TZA,4953.6,capital
LBY,UGA,4151.8,capital
LBY,UKR,2413.9,capital
LBY,UMI,13562.5,centroid
LBY,UNK,1293.1,capital
LBY,URY,10441.8,capital
LBY,USA,9331.3,centroid
LBY,UZB,4970.2,capital
LBY,VAT,1004.5,capital
LBY,VCT,7775.1,capital
LBY,VEN,8455.0,capital
LBY,VGB,7798.1,capital
LBY,VIR,7831.3,capital
LBY,VNM,8993.4,capital
LBY,VUT,16782.6,centroid
LBY,WLF,17636.9,capital
LBY,WSM,17837.7,capital
LBY,YEM,4030.3,centroid
LBY,ZAF,6710.2,capital
LBY,ZMB,5604.8,capital
LBY,ZWE,5950.5,capital
LCA,LIE,7404.6,capital
LCA,LKA,15108.5,capital
LCA,LSO,10620.8,capital
LCA,LTU,8504.8,capital
LCA,LUX,7186.4,capital
LCA,LVA,8412.2,capital
LCA,MAC,15950.5,centroid
LCA,MAF,504.3,capital
LCA,MAR,5859.3,capital
LCA,MCO,7211.1,capital
LCA,MDA,8864.5,capital
LCA,MDG,12424.3,capital
LCA,MDV,14607.3,capital
LCA,MEX,4096.3,capital
LCA,MHL,13777.8,capital
LCA,MKD,8353.4,capital
LCA,MLI,5728.7,capital
LCA,MLT,7808.6,capital
LCA,MMR,15404.2,centroid
LCA,MNE,8171.4,capital
LCA,MNG,13027.6,capital
LCA,MNP,15632.4,capital
LCA,MOZ,11034.6,capital
LCA,MRT,4822.1,capital
LCA,MSR,327.9,capital
LCA,MTQ,68.0,capital
LCA,MUS,13477.0,capital
LCA,MWI,10883.5,capital
LCA,MYS,17318.2,capital
LCA,MYT,12069.7,capital
LCA,NAM,9419.6,capital
LCA,NCL,14937.0,capital
LCA,NER,6795.1,capital
LCA,NFK,14721.6,capital
LCA,NGA,7460.4,capital
LCA,NIC,2740.9,capital
LCA,NIU,12465.0,capital
LCA,NLD,7151.1,capital
LCA,NOR,7650.5,capital
LCA,NPL,14127.4,capital
LCA,NRU,14535.9,capital
LCA,NZL,13868.4,capital
LCA,OMN,12217.5,capital
LCA,PAK,12817.3,capital
LCA,PAN,2091.6,capital
LCA,PCN,8652.1,capital
LCA,PER,3391.4,capital
LCA,PHL,16827.4,capital
LCA,PLW,17067.5,capital
LCA,PNG,16910.9,capital
LCA,POL,8241.2,capital
LCA,PRI,737.1,capital
LCA,PRK,14076.8,capital
LCA,PRT,5756.4,capital
LCA,PRY,4383.1,capital
LCA,PSE,9761.0,capital
LCA,PYF,10324.0,capital
LCA,QAT,11505.6,capital
LCA,REU,13270.8,capital
LCA,ROU,8697.3,capital
LCA,RUS,9253.8,capital
LCA,RWA,10174.8,capital
LCA,SAU,11079.4,capital
LCA,SDN,9962.0,capital
LCA,SEN,4686.1,capital
LCA,SGP,17633.4,capital
LCA,SGS,7946.9,centroid
LCA,SHN,6926.4,capital
LCA,SJM,8183.1,capital
LCA,SLB,15532.5,capital
LCA,SLE,5237.4,capital
LCA,SLV,3041.0,capital
LCA,SMR,7612.0,centroid
LCA,SOM,11712.1,capital
LCA,SPM,3673.0,capital
LCA,SRB,8249.0,capital
LCA,SSD,10155.4,capital
LCA,STP,7599.4,capital
LCA,SUR,1107.0,capital
LCA,SVK,7976.0,capital
LCA,SVN,7779.7,capital
LCA,SWE,8054.2,capital
LCA,SWZ,10910.3,capital
LCA,SXM,498.3,capital
LCA,SYC,12984.4,capital
LCA,SYR,9811.6,capital
LCA,TCA,1356.2,capital
LCA,TCD,8203.3,capital
LCA,TGO,6851.5,capital
LCA,THA,16318.3,capital
LCA,TJK,12184.0,capital
LCA,TKL,12499.1,centroid
LCA,TKM,11464.9,capital
LCA,TLS,19077.1,capital
LCA,TON,13006.2,centroid
LCA,TTO,374.3,capital
LCA,TUN,7416.2,capital
LCA,TUR,9336.7,capital
LCA,TUV,13437.5,capital
LCA,TWN,15664.4,capital
LCA,TZA,10898.0,capital
LCA,UGA,10386.2,capital
LCA,UKR,8919.2,capital
LCA,UMI,13620.0,centroid
LCA,UNK,8324.7,capital
LCA,URY,5461.1,capital
LCA,USA,4433.0,centroid
LCA,UZB,12025.5,capital
LCA,VAT,7612.7,capital
LCA,VCT,96.5,capital
LCA,VEN,747.8,capital
LCA,VGB,625.8,capital
LCA,VIR,639.6,capital
LCA,VNM,15864.5,capital
LCA,VUT,14865.2,centroid
LCA,WLF,13032.6,capital
LCA,WSM,12572.4,capital
LCA,YEM,11569.0,centroid
LCA,ZAF,10599.3,capital
LCA,ZMB,10343.5,capital
LCA,ZWE,10692.1,capital
LIE,LKA,7960.4,capital
LIE,LSO,8690.5,capital
LIE,LTU,1382.2,capital
LIE,LUX,371.4,capital
LIE,LVA,1471.6,capital
LIE,MAC,9216.3,centroid
LIE,MAF,7241.3,capital
LIE,MAR,2001.6,capital
LIE,MCO,412.4,capital
LIE,MDA,1460.7,capital
LIE,MDG,8270.1,capital
LIE,MDV,7723.4,capital
LIE,MEX,9760.9,capital
LIE,MHL,13725.1,capital
LIE,MKD,1101.6,capital
LIE,MLI,4172.5,capital
LIE,MLT,1316.6,capital
LIE,MMR,8124.1,centroid
LIE,MNE,928.5,capital
LIE,MNG,6777.6,capital
LIE,MNP,11826.5,capital
LIE,MOZ,8452.2,capital
LIE,MRT,3979.7,capital
LIE,MSR,7281.8,capital
LIE,MTQ,7361.4,capital
LIE,MUS,8888.3,capital
LIE,MWI,7212.1,capital
LIE,MYS,9915.1,capital
LIE,MYT,7548.6,capital
LIE,NAM,7787.5,capital
LIE,NCL,16565.2,capital
LIE,NER,3802.3,capital
LIE,NFK,17276.1,capital
LIE,NGA,4239.0,capital
LIE,NIC,9451.3,capital
LIE,NIU,16891.4,capital
LIE,NLD,669.9,capital
LIE,NOR,1422.3,capital
LIE,NPL,6755.9,capital
LIE,NRU,14390.8,capital
LIE,NZL,18674.7,capital
LIE,OMN,5039.0,capital
LIE,PAK,5422.1,capital
LIE,PAN,9203.7,capital
LIE,PCN,15706.7,capital
LIE,PER,10728.5,capital
LIE,PHL,10364.4,capital
LIE,PLW,11896.0,capital
LIE,PNG,14238.6,capital
LIE,POL,999.9,capital
LIE,PRI,7438.9,capital
LIE,PRK,8541.4,capital
LIE,PRT,1778.2,capital
LIE,PRY,10482.4,capital
LIE,PSE,2757.7,capital
LIE,PYF,16208.2,capital
LIE,QAT,4407.6,capital
LIE,REU,8849.7,capital
LIE,ROU,1318.0,capital
LIE,RUS,2149.6,capital
LIE,RWA,5814.5,capital
LIE,SAU,4116.3,capital
LIE,SDN,4103.1,capital
LIE,SEN,4384.9,capital
LIE,SGP,10229.5,capital
LIE,SGS,12116.4,centroid
LIE,SHN,7176.0,capital
LIE,SJM,3465.9,capital
LIE,SLB,14981.0,capital
LIE,SLE,4807.5,capital
LIE,SLV,9539.4,capital
LIE,SMR,437.9,centroid
LIE,SOM,6087.2,capital
LIE,SPM,4832.4,capital
LIE,SRB,883.9,capital
LIE,SSD,5155.0,capital
LIE,STP,5211.4,capital
LIE,SUR,7632.5,capital
LIE,SVK,578.9,capital
LIE,SVN,399.5,capital
LIE,SWE,1467.0,capital
LIE,SWZ,8469.1,capital
LIE,SXM,7241.8,capital
LIE,SYC,7298.7,capital
LIE,SYR,2707.5,capital
LIE,TCA,7586.7,capital
LIE,TCD,3929.8,capital
LIE,TGO,4628.8,capital
LIE,THA,8964.5,capital
LIE,TJK,4806.5,capital
LIE,TKL,15771.5,centroid
LIE,TKM,4060.7,capital
LIE,TLS,12660.6,capital
LIE,TON,16969.4,centroid
LIE,TTO,7710.0,capital
LIE,TUN,1149.0,capital
LIE,TUR,2035.3,capital
LIE,TUV,15611.0,capital
LIE,TWN,9500.3,capital
LIE,TZA,6464.8,capital
LIE,UGA,5666.4,capital
LIE,UKR,1576.0,capital
LIE,UMI,12279.8,centroid
LIE,UNK,1041.6,capital
LIE,URY,11225.2,capital
LIE,USA,8073.8,centroid
LIE,UZB,4686.2,capital
LIE,VAT,627.1,capital
LIE,VCT,7488.2,capital
LIE,VEN,8128.4,capital
LIE,VGB,7329.8,capital
LIE,VIR,7359.8,capital
LIE,VNM,8769.5,capital
LIE,VUT,15979.8,centroid
LIE,WLF,16212.8,capital
LIE,WSM,16309.4,capital
LIE,YEM,5031.2,centroid
LIE,ZAF,8318.4,capital
LIE,ZMB,7202.9,capital
LIE,ZWE,7538.5,capital
LKA,LSO,6894.6,capital
LKA,LTU,7167.4,capital
LKA,LUX,8250.3,capital
LKA,LVA,7344.1,capital
LKA,MAC,3988.3,centroid
LKA,MAF,15088.0,capital
LKA,MAR,9272.1,capital
LKA,MCO,8066.2,capital
LKA,MDA,6565.2,capital
LKA,MDG,4560.8,capital
LKA,MDV,765.7,capital
LKA,MEX,17081.4,capital
LKA,MHL,10080.3,capital
LKA,MKD,6910.7,capital
LKA,MLI,9605.0,capital
LKA,MLT,7341.3,capital
LKA,MMR,2568.4,centroid
LKA,MNE,7095.9,capital
LKA,MNG,5223.4,capital
LKA,MNP,7226.8,capital
LKA,MOZ,6276.1,capital
LKA,MRT,10379.3,capital
LKA,MSR,15084.2,capital
LKA,MTQ,15085.4,capital
LKA,MUS,3879.8,capital
LKA,MWI,5588.7,capital
LKA,MYS,2454.8,capital
LKA,MYT,4408.9,capital
LKA,NAM,7570.9,capital
LKA,NCL,9952.1,capital
LKA,NER,8508.1,capital
LKA,NFK,10199.6,capital
LKA,NGA,7958.0,capital
LKA,NIC,17396.4,capital
LKA,NIU,12380.4,capital
LKA,NLD,8378.6,capital
LKA,NOR,8186.3,capital
LKA,NPL,2380.0,capital
LKA,NRU,9692.3,capital
LKA,NZL,10926.5,capital
LKA,OMN,2944.0,capital
LKA,PAK,3059.7,capital
LKA,PAN,17122.9,capital
LKA,PCN,16248.5,capital
LKA,PER,17417.6,capital
LKA,PHL,4566.3,capital
LKA,PLW,6038.8,capital
LKA,PNG,7675.4,capital
LKA,POL,7315.5,capital
LKA,PRI,15333.3,capital
LKA,PRK,5806.8,capital
LKA,PRT,9439.3,capital
LKA,PRY,15067.3,capital
LKA,PSE,5386.2,capital
LKA,PYF,14533.7,capital
LKA,QAT,3633.4,capital
LKA,REU,4082.6,capital
LKA,ROU,6644.0,capital
LKA,RUS,6572.2,capital
LKA,RWA,5612.8,capital
LKA,SAU,4037.9,capital
LKA,SDN,5237.2,capital
LKA,SEN,10589.8,capital
LKA,SGP,2733.8,capital
LKA,SGS,12344.6,centroid
LKA,SHN,9748.5,capital
LKA,SJM,8683.2,capital
LKA,SLB,9057.6,capital
LKA,SLE,10230.6,capital
LKA,SLV,17421.9,capital
LKA,SMR,7670.5,centroid
LKA,SOM,3862.1,capital
LKA,SPM,12637.9,capital
LKA,SRB,7077.9,capital
LKA,SSD,5341.5,capital
LKA,STP,8139.9,capital
LKA,SUR,14824.8,capital
LKA,SVK,7432.3,capital
LKA,SVN,7563.1,capital
LKA,SWE,7775.0,capital
LKA,SWZ,6424.0,capital
LKA,SXM,15087.1,capital
LKA,SYC,2996.7,capital
LKA,SYR,5360.1,capital
LKA,TCA,15544.8,capital
LKA,TCD,7115.4,capital
LKA,TGO,8675.7,capital
LKA,THA,2381.2,capital
LKA,TJK,3685.7,capital
LKA,TKL,12111.9,centroid
LKA,TKM,4070.5,capital
LKA,TLS,5353.0,capital
LKA,TON,11849.5,centroid
LKA,TTO,15312.2,capital
LKA,TUN,7741.1,capital
LKA,TUR,5933.5,capital
LKA,TUV,11143.2,capital
LKA,TWN,4860.7,capital
LKA,TZA,5106.2,capital
LKA,UGA,5293.1,capital
LKA,UKR,6634.5,capital
LKA,UMI,9417.6,centroid
LKA,UNK,6953.5,capital
LKA,URY,14558.3,capital
LKA,USA,15007.8,centroid
LKA,UZB,3959.6,capital
LKA,VAT,7629.6,capital
LKA,VCT,15170.4,capital
LKA,VEN,15853.2,capital
LKA,VGB,15204.9,capital
LKA,VIR,15237.5,capital
LKA,VNM,3203.9,capital
LKA,VUT,9917.5,centroid
LKA,WLF,11690.4,capital
LKA,WSM,12169.6,capital
LKA,YEM,3585.8,centroid
LKA,ZAF,6655.5,capital
LKA,ZMB,6198.6,capital
LKA,ZWE,6022.0,capital
LSO,LTU,9343.4,capital
LSO,LUX,9027.1,capital
LSO,LVA,9597.2,capital
LSO,MAC,10834.0,centroid
LSO,MAF,11031.6,capital
LSO,MAR,7911.8,capital
LSO,MCO,8376.3,capital
LSO,MDA,8488.2,capital
LSO,MDG,2335.5,capital
LSO,MDV,6157.8,capital
LSO,MEX,14542.9,capital
LSO,MHL,15503.1,capital
LSO,MKD,7953.9,capital
LSO,MLI,6017.0,capital
LSO,MLT,7377.6,capital
LSO,MMR,9457.6,centroid
LSO,MNE,8023.4,capital
LSO,MNG,11655.7,capital
LSO,MNP,13543.8,capital
LSO,MOZ,625.3,capital
LSO,MRT,7036.6,capital
LSO,MSR,10878.8,capital
LSO,MTQ,10659.9,capital
LSO,MUS,3186.7,capital
LSO,MWI,1825.9,capital
LSO,MYS,8658.5,capital
LSO,MYT,2594.9,capital
LSO,NAM,1281.9,capital
LSO,NCL,12790.4,capital
LSO,NER,5486.2,capital
LSO,NFK,12287.0,capital
LSO,NGA,4774.4,capital
LSO,NIC,12952.9,capital
LSO,NIU,14321.9,capital
LSO,NLD,9345.9,capital
LSO,NOR,10039.8,capital
LSO,NPL,8832.9,capital
LSO,NRU,14580.4,capital
LSO,NZL,11474.5,capital
LSO,OMN,6747.9,capital
LSO,PAK,8490.0,capital
LSO,PAN,12139.2,capital
LSO,PCN,13511.7,capital
LSO,PER,10719.5,capital
LSO,PHL,11127.9,capital
LSO,PLW,12073.9,capital
LSO,PNG,12252.1,capital
LSO,POL,9089.5,capital
LSO,PRI,11335.1,capital
LSO,PRK,12669.7,capital
LSO,PRT,8466.3,capital
LSO,PRY,8225.6,capital
LSO,PSE,6855.6,capital
LSO,PYF,14795.8,capital
LSO,QAT,6591.8,capital
LSO,REU,2959.3,capital
LSO,ROU,8201.7,capital
LSO,RUS,9508.2,capital
LSO,RWA,3055.2,capital
LSO,SAU,6346.9,capital
LSO,SDN,5018.5,capital
LSO,SEN,6869.0,capital
LSO,SGP,8760.8,capital
LSO,SGS,5773.5,centroid
LSO,SHN,3701.4,capital
LSO,SJM,11983.2,capital
LSO,SLB,13346.9,capital
LSO,SLE,6055.1,capital
LSO,SLV,13315.0,capital
LSO,SMR,8270.2,centroid
LSO,SOM,3970.8,capital
LSO,SPM,11887.9,capital
LSO,SRB,8272.5,capital
LSO,SSD,3824.5,capital
LSO,STP,3965.6,capital
LSO,SUR,9619.2,capital
LSO,SVK,8675.7,capital
LSO,SVN,8482.1,capital
LSO,SWE,9895.2,capital
LSO,SWZ,483.5,capital
LSO,SXM,11026.0,capital
LSO,SYC,4024.8,capital
LSO,SYR,7047.3,capital
LSO,TCA,11954.4,capital
LSO,TCD,4795.6,capital
LSO,TGO,4838.7,capital
LSO,THA,9170.9,capital
LSO,TJK,8676.7,capital
LSO,TKL,15270.5,centroid
LSO,TKM,8140.6,capital
LSO,TLS,10316.5,capital
LSO,TON,14024.9,centroid
LSO,TTO,10490.3,capital
LSO,TUN,7572.8,capital
LSO,TUR,7718.7,capital
LSO,TUV,14830.3,capital
LSO,TWN,11703.3,capital
LSO,TZA,2715.5,capital
LSO,UGA,3339.2,capital
LSO,UKR,8875.2,capital
LSO,UMI,15751.6,centroid
LSO,UNK,8030.9,capital
LSO,URY,7668.2,capital
LSO,USA,14863.0,centroid
LSO,UZB,8944.0,capital
LSO,VAT,8068.0,capital
LSO,VCT,10596.6,capital
LSO,VEN,10994.8,capital
LSO,VGB,11193.9,capital
LSO,VIR,11218.6,capital
LSO,VNM,10080.3,capital
LSO,VUT,13362.0,centroid
LSO,WLF,14640.7,capital
LSO,WSM,14790.9,capital
LSO,YEM,5397.6,centroid
LSO,ZAF,403.2,capital
LSO,ZMB,1548.9,capital
LSO,ZWE,1328.1,capital
LTU,LUX,1417.4,capital
LTU,LVA,261.4,capital
LTU,MAC,7905.1,centroid
LTU,MAF,8273.8,capital
LTU,MAR,3383.1,capital
LTU,MCO,1769.8,capital
LTU,MDA,889.9,capital
LTU,MDG,8453.2,capital
LTU,MDV,7080.5,capital
LTU,MEX,10240.7,capital
LTU,MHL,12459.1,capital
LTU,MKD,1439.2,capital
LTU,MLI,5500.9,capital
LTU,MLT,2246.6,capital
LTU,MMR,6927.2,centroid
LTU,MNE,1430.8,capital
LTU,MNG,5397.2,capital
LTU,MNP,10445.9,capital
LTU,MOZ,8995.6,capital
LTU,MRT,5360.9,capital
LTU,MSR,8339.8,capital
LTU,MTQ,8454.8,capital
LTU,MUS,8868.9,capital
LTU,MWI,7676.4,capital
LTU,MYS,8852.1,capital
LTU,MYT,7734.1,capital
LTU,NAM,8625.2,capital
LTU,NCL,15183.7,capital
LTU,NER,5001.4,capital
LTU,NFK,15895.8,capital
LTU,NGA,5312.8,capital
LTU,NIC,10236.2,capital
LTU,NIU,15848.1,capital
LTU,NLD,1366.9,capital
LTU,NOR,1045.1,capital
LTU,NPL,5625.0,capital
LTU,NRU,13060.7,capital
LTU,NZL,17332.4,capital
LTU,OMN,4407.3,capital
LTU,PAK,4346.3,capital
LTU,PAN,10123.9,capital
LTU,PCN,16151.7,capital
LTU,PER,11887.2,capital
LTU,PHL,9047.1,capital
LTU,PLW,10538.9,capital
LTU,PNG,12877.5,capital
LTU,POL,393.1,capital
LTU,PRI,8429.2,capital
LTU,PRK,7159.5,capital
LTU,PRT,3120.3,capital
LTU,PRY,11843.5,capital
LTU,PSE,2652.3,capital
LTU,PYF,15860.3,capital
LTU,QAT,3912.6,capital
LTU,REU,8880.3,capital
LTU,ROU,1142.1,capital
LTU,RUS,790.4,capital
LTU,RWA,6313.3,capital
LTU,SAU,3773.5,capital
LTU,SDN,4396.7,capital
LTU,SEN,5765.4,capital
LTU,SGP,9158.5,capital
LTU,SGS,13404.0,centroid
LTU,SHN,8380.9,capital
LTU,SJM,2643.3,capital
LTU,SLB,13601.1,capital
LTU,SLE,6161.0,capital
LTU,SLV,10259.1,capital
LTU,SMR,1527.1,centroid
LTU,SOM,6131.1,capital
LTU,SPM,5470.5,capital
LTU,SRB,1151.6,capital
LTU,SSD,5570.6,capital
LTU,STP,6276.1,capital
LTU,SUR,8862.0,capital
LTU,SVK,920.8,capital
LTU,SVN,1224.6,capital
LTU,SWE,675.1,capital
LTU,SWZ,9041.9,capital
LTU,SXM,8275.2,capital
LTU,SYC,7159.2,capital
LTU,SYR,2506.8,capital
LTU,TCA,8474.0,capital
LTU,TCD,4819.0,capital
LTU,TGO,5812.4,capital
LTU,THA,7816.1,capital
LTU,TJK,3696.4,capital
LTU,TKL,14709.1,centroid
LTU,TKM,3104.0,capital
LTU,TLS,11444.1,capital
LTU,TON,15795.6,centroid
LTU,TTO,8836.6,capital
LTU,TUN,2296.2,capital
LTU,TUR,1736.3,capital
LTU,TUV,14385.6,capital
LTU,TWN,8142.5,capital
LTU,TZA,6836.9,capital
LTU,UGA,6082.7,capital
LTU,UKR,589.0,capital
LTU,UMI,11007.8,centroid
LTU,UNK,1369.3,capital
LTU,URY,12605.7,capital
LTU,USA,8337.5,centroid
LTU,UZB,3521.7,capital
LTU,VAT,1703.4,capital
LTU,VCT,8594.3,capital
LTU,VEN,9195.4,capital
LTU,VGB,8339.1,capital
LTU,VIR,8366.3,capital
LTU,VNM,7515.6,capital
LTU,VUT,14609.1,centroid
LTU,WLF,15046.9,capital
LTU,WSM,15236.9,capital
LTU,YEM,4829.4,centroid
LTU,ZAF,8948.2,capital
LTU,ZMB,7799.5,capital
LTU,ZWE,8082.1,capital
LUX,LVA,1440.0,capital
LUX,MAC,9319.8,centroid
LUX,MAF,6999.3,capital
LUX,MAR,2033.7,capital
LUX,MCO,660.3,capital
LUX,MDA,1698.7,capital
LUX,MDG,8640.6,capital
LUX,MDV,8039.2,capital
LUX,MEX,9417.4,capital
LUX,MHL,13550.1,capital
LUX,MKD,1452.6,capital
LUX,MLI,4312.2,capital
LUX,MLT,1668.6,capital
LUX,MMR,8293.9,centroid
LUX,MNE,1286.5,capital
LUX,MNG,6787.5,capital
LUX,MNP,11792.2,capital
LUX,MOZ,8801.8,capital
LUX,MRT,4023.5,capital
LUX,MSR,7048.3,capital
LUX,MTQ,7140.6,capital
LUX,MUS,9258.8,capital
LUX,MWI,7571.2,capital
LUX,MYS,10140.6,capital
LUX,MYT,7919.4,capital
LUX,NAM,8097.6,capital
LUX,NCL,16520.4,capital
LUX,NER,4030.5,capital
LUX,NFK,17262.4,capital
LUX,NGA,4510.9,capital
LUX,NIC,9152.9,capital
LUX,NIU,16599.1,capital
LUX,NLD,319.4,capital
LUX,NOR,1182.5,capital
LUX,NPL,6950.1,capital
LUX,NRU,14261.7,capital
LUX,NZL,18736.6,capital
LUX,OMN,5346.2,capital
LUX,PAK,5630.9,capital
LUX,PAN,8934.8,capital
LUX,PCN,15377.6,capital
LUX,PER,10539.8,capital
LUX,PHL,10463.3,capital
LUX,PLW,11951.6,capital
LUX,PNG,14286.4,capital
LUX,POL,1080.7,capital
LUX,PRI,7184.5,capital
LUX,PRK,8523.2,capital
LUX,PRT,1711.5,capital
LUX,PRY,10431.3,capital
LUX,PSE,3108.7,capital
LUX,PYF,15837.6,capital
LUX,QAT,4730.9,capital
LUX,REU,9220.9,capital
LUX,ROU,1613.9,capital
LUX,RUS,2207.5,capital
LUX,RWA,6174.1,capital
LUX,SAU,4455.9,capital
LUX,SDN,4474.3,capital
LUX,SEN,4431.7,capital
LUX,SGP,10452.9,capital
LUX,SGS,12254.8,centroid
LUX,SHN,7379.8,capital
LUX,SJM,3205.8,capital
LUX,SLB,14934.0,capital
LUX,SLE,4913.7,capital
LUX,SLV,9229.1,capital
LUX,SMR,806.8,centroid
LUX,SOM,6457.5,capital
LUX,SPM,4495.3,capital
LUX,SRB,1204.7,capital
LUX,SSD,5521.0,capital
LUX,STP,5479.1,capital
LUX,SUR,7473.1,capital
LUX,SVK,818.0,capital
LUX,SVN,739.1,capital
LUX,SWE,1323.5,capital
LUX,SWZ,8815.7,capital
LUX,SXM,7000.1,capital
LUX,SYC,7663.8,capital
LUX,SYR,3049.1,capital
LUX,TCA,7305.6,capital
LUX,TCD,4249.6,capital
LUX,TGO,4856.7,capital
LUX,THA,9156.8,capital
LUX,TJK,5001.1,capital
LUX,TKL,15496.2,centroid
LUX,TKM,4295.2,capital
LUX,TLS,12827.5,capital
LUX,TON,16721.1,centroid
LUX,TTO,7502.7,capital
LUX,TUN,1458.8,capital
LUX,TUR,2351.4,capital
LUX,TUV,15401.3,capital
LUX,TWN,9556.2,capital
LUX,TZA,6830.7,capital
LUX,UGA,6031.5,capital
LUX,UKR,1736.9,capital
LUX,UMI,12114.8,centroid
LUX,UNK,1387.7,capital
LUX,URY,11218.6,capital
LUX,USA,7709.7,centroid
LUX,UZB,4860.5,capital
LUX,VAT,986.6,capital
LUX,VCT,7272.5,capital
LUX,VEN,7900.0,capital
LUX,VGB,7080.8,capital
LUX,VIR,7110.0,capital
LUX,VNM,8911.1,capital
LUX,VUT,15898.6,centroid
LUX,WLF,15970.1,capital
LUX,WSM,16032.3,capital
LUX,YEM,5387.7,centroid
LUX,ZAF,8658.8,capital
LUX,ZMB,7550.1,capital
LUX,ZWE,7890.2,capital
LVA,MAC,7924.7,centroid
LVA,MAF,8163.7,capital
LVA,MAR,3453.6,capital
LVA,MCO,1876.1,capital
LVA,MDA,1151.2,capital
LVA,MDG,8713.3,capital
LVA,MDV,7281.1,capital
LVA,MEX,10027.3,capital
LVA,MHL,12298.5,capital
LVA,MKD,1673.2,capital
LVA,MLI,5632.8,capital
LVA,MLT,2447.5,capital
LVA,MMR,7003.3,centroid
LVA,MNE,1649.0,capital
LVA,MNG,5347.6,capital
LVA,MNP,10366.0,capital
LVA,MOZ,9253.7,capital
LVA,MRT,5441.6,capital
LVA,MSR,8236.1,capital
LVA,MTQ,8360.4,capital
LVA,MUS,9121.7,capital
LVA,MWI,7935.9,capital
LVA,MYS,8964.1,capital
LVA,MYT,7994.5,capital
LVA,NAM,8865.1,capital
LVA,NCL,15103.6,capital
LVA,NER,5177.3,capital
LVA,NFK,15832.1,capital
LVA,NGA,5515.4,capital
LVA,NIC,10067.0,capital
LVA,NIU,15644.6,capital
LVA,NLD,1330.7,capital
LVA,NOR,842.9,capital
LVA,NPL,5729.4,capital
LVA,NRU,12928.6,capital
LVA,NZL,17296.7,capital
LVA,OMN,4621.1,capital
LVA,PAK,4474.8,capital
LVA,PAN,9981.3,capital
LVA,PCN,15914.6,capital
LVA,PER,11801.6,capital
LVA,PHL,9060.3,capital
LVA,PLW,10518.6,capital
LVA,PNG,12849.1,capital
LVA,POL,560.9,capital
LVA,PRI,8308.2,capital
LVA,PRK,7088.5,capital
LVA,PRT,3150.9,capital
LVA,PRY,11863.9,capital
LVA,PSE,2912.6,capital
LVA,PYF,15601.1,capital
LVA,QAT,4144.7,capital
LVA,REU,9135.4,capital
LVA,ROU,1398.4,capital
LVA,RUS,841.6,capital
LVA,RWA,6570.8,capital
LVA,SAU,4019.0,capital
LVA,SDN,4657.2,capital
LVA,SEN,5848.4,capital
LVA,SGP,9267.2,capital
LVA,SGS,13561.2,centroid
LVA,SHN,8561.3,capital
LVA,SJM,2387.1,capital
LVA,SLB,13516.9,capital
LVA,SLE,6277.5,capital
LVA,SLV,10078.9,capital
LVA,SMR,1678.6,centroid
LVA,SOM,6389.5,capital
LVA,SPM,5297.0,capital
LVA,SRB,1373.6,capital
LVA,SSD,5829.9,capital
LVA,STP,6482.7,capital
LVA,SUR,8811.3,capital
LVA,SVK,1085.4,capital
LVA,SVN,1378.8,capital
LVA,SWE,442.2,capital
LVA,SWZ,9299.0,capital
LVA,SXM,8165.4,capital
LVA,SYC,7408.1,capital
LVA,SYR,2765.5,capital
LVA,TCA,8330.3,capital
LVA,TCD,5045.8,capital
LVA,TGO,5994.1,capital
LVA,THA,7906.1,capital
LVA,TJK,3819.9,capital
LVA,TKL,14504.6,centroid
LVA,TKM,3274.0,capital
LVA,TLS,11499.0,capital
LVA,TON,15616.3,centroid
LVA,TTO,8750.5,capital
LVA,TUN,2465.1,capital
LVA,TUR,1996.4,capital
LVA,TUV,14215.1,capital
LVA,TWN,8125.6,capital
LVA,TZA,7097.7,capital
LVA,UGA,6342.3,capital
LVA,UKR,835.5,capital
LVA,UMI,10847.9,centroid
LVA,UNK,1600.7,capital
LVA,URY,12658.4,capital
LVA,USA,8106.5,centroid
LVA,UZB,3628.7,capital
LVA,VAT,1867.1,capital
LVA,VCT,8503.0,capital
LVA,VEN,9091.1,capital
LVA,VGB,8223.1,capital
LVA,VIR,8249.5,capital
LVA,VNM,7566.2,capital
LVA,VUT,14508.6,centroid
LVA,WLF,14863.3,capital
LVA,WSM,15035.8,capital
LVA,YEM,5079.8,centroid
LVA,ZAF,9202.8,capital
LVA,ZMB,8054.6,capital
LVA,ZWE,8339.6,capital
MAC,MAF,15526.2,centroid
MAC,MAR,11142.4,centroid
MAC,MCO,9529.4,centroid
MAC,MDA,7835.1,centroid
MAC,MDG,8503.8,centroid
MAC,MDV,4751.1,centroid
MAC,MEX,14184.3,centroid
MAC,MHL,6404.5,centroid
MAC,MKD,8548.6,centroid
MAC,MLI,12561.2,centroid
MAC,MLT,9347.4,centroid
MAC,MMR,1601.6,centroid
MAC,MNE,8701.7,centroid
MAC,MNG,2923.2,centroid
MAC,MNP,3471.8,centroid
MAC,MOZ,10227.2,centroid
MAC,MRT,12932.7,centroid
MAC,MSR,15668.1,centroid
MAC,MTQ,15884.6,centroid
MAC,MUS,7692.4,centroid
MAC,MWI,9569.8,centroid
MAC,MYS,2472.7,centroid
MAC,MYT,8396.8,centroid
MAC,NAM,11558.7,centroid
MAC,NCL,7565.8,centroid
MAC,NER,11558.1,centroid
MAC,NFK,8147.4,centroid
MAC,NGA,11248.3,centroid
MAC,NIC,15632.4,centroid
MAC,NIU,9492.7,centroid
MAC,NLD,9254.5,centroid
MAC,NOR,8571.0,centroid
MAC,NPL,2905.3,centroid
MAC,NRU,6306.2,centroid
MAC,NZL,9458.9,centroid
MAC,OMN,5615.6,centroid
MAC,PAK,4151.3,centroid
MAC,PAN,16268.7,centroid
MAC,PCN,13582.7,centroid
MAC,PER,18425.6,centroid
MAC,PHL,1149.3,centroid
MAC,PLW,2784.4,centroid
MAC,PNG,5079.1,centroid
MAC,POL,8245.1,centroid
MAC,PRI,15496.7,centroid
MAC,PRK,2204.6,centroid
MAC,PRT,10994.4,centroid
MAC,PRY,19054.5,centroid
MAC,PSE,7673.6,centroid
MAC,PYF,11417.3,centroid
MAC,QAT,6266.5,centroid
MAC,REU,7913.8,centroid
MAC,ROU,8108.8,centroid
MAC,RUS,7115.1,centroid
MAC,RWA,9420.1,centroid
MAC,SAU,6754.6,centroid
MAC,SDN,8460.4,centroid
MAC,SEN,13284.2,centroid
MAC,SGP,2547.6,centroid
MAC,SGS,15661.5,centroid
MAC,SHN,13633.6,centroid
MAC,SJM,7774.5,centroid
MAC,SLB,6157.6,centroid
MAC,SLE,13290.6,centroid
MAC,SLV,15320.4,centroid
MAC,SMR,9165.1,centroid
MAC,SOM,7681.6,centroid
MAC,SPM,12279.4,centroid
MAC,SRB,8525.6,centroid
MAC,SSD,8978.3,centroid
MAC,STP,11721.2,centroid
MAC,SUR,16664.6,centroid
MAC,SVK,8648.5,centroid
MAC,SVN,8915.3,centroid
MAC,SWE,8203.5,centroid
MAC,SWZ,10375.9,centroid
MAC,SXM,15530.5,centroid
MAC,SYC,6980.4,centroid
MAC,SYR,7533.8,centroid
MAC,TCA,15137.3,centroid
MAC,TCD,10356.8,centroid
MAC,TGO,12012.6,centroid
MAC,THA,1665.8,centroid
MAC,TJK,4610.9,centroid
MAC,TKL,8814.4,centroid
MAC,TKM,5506.6,centroid
MAC,TLS,3659.3,centroid
MAC,TON,9062.4,centroid
MAC,TTO,16324.8,centroid
MAC,TUN,9660.1,centroid
MAC,TUR,7682.1,centroid
MAC,TUV,7920.4,centroid
MAC,TWN,873.5,centroid
MAC,TZA,9023.5,centroid
MAC,UGA,9064.6,centroid
MAC,UKR,7644.0,centroid
MAC,UMI,5502.0,centroid
MAC,UNK,8545.8,centroid
MAC,URY,18282.4,centroid
MAC,USA,12602.8,centroid
MAC,UZB,4635.6,centroid
MAC,VAT,9245.4,centroid
MAC,VCT,16046.4,centroid
MAC,VEN,16383.8,centroid
MAC,VGB,15496.9,centroid
MAC,VIR,15507.7,centroid
MAC,VNM,807.0,centroid
MAC,VUT,7202.8,centroid
MAC,WLF,8610.6,centroid
MAC,WSM,9065.5,centroid
MAC,YEM,6905.4,centroid
MAC,ZAF,10622.9,centroid
MAC,ZMB,10176.4,centroid
MAC,ZWE,10010.0,centroid
MAF,MAR,5817.4,capital
MAF,MCO,7078.9,capital
MAF,MDA,8692.9,capital
MAF,MDG,12749.7,capital
MAF,MDV,14653.0,capital
MAF,MEX,3791.5,capital
MAF,MHL,13417.6,capital
MAF,MKD,8232.3,capital
MAF,MLI,5920.4,capital
MAF,MLT,7748.1,capital
MAF,MMR,15107.2,centroid
MAF,MNE,8048.0,capital
MAF,MNG,12611.1,capital
MAF,MNP,15149.1,capital
MAF,MOZ,11421.9,capital
MAF,MRT,4964.9,capital
MAF,MSR,177.4,capital
MAF,MTQ,440.8,capital
MAF,MUS,13801.6,capital
MAF,MWI,11194.4,capital
MAF,MYS,17125.9,capital
MAF,MYT,12353.2,capital
MAF,NAM,9810.3,capital
MAF,NCL,14846.1,capital
MAF,NER,6960.0,capital
MAF,NFK,14711.5,capital
MAF,NGA,7654.4,capital
MAF,NIC,2570.8,capital
MAF,NIU,12364.2,capital
MAF,NLD,6938.4,capital
MAF,NOR,7378.2,capital
MAF,NPL,13893.1,capital
MAF,NRU,14219.0,capital
MAF,NZL,13986.2,capital
MAF,OMN,12157.1,capital
MAF,PAK,12614.3,capital
MAF,PAN,2041.3,capital
MAF,PCN,8693.3,capital
MAF,PER,3681.4,capital
MAF,PHL,16354.9,capital
MAF,PLW,16571.1,capital
MAF,PNG,16618.6,capital
MAF,POL,8032.4,capital
MAF,PRI,322.2,capital
MAF,PRK,13599.3,capital
MAF,PRT,5659.8,capital
MAF,PRY,4856.6,capital
MAF,PSE,9704.4,capital
MAF,PYF,10248.9,capital
MAF,QAT,11457.0,capital
MAF,REU,13602.8,capital
MAF,ROU,8550.4,capital
MAF,RUS,9003.0,capital
MAF,RWA,10406.8,capital
MAF,SAU,11051.5,capital
MAF,SDN,10048.7,capital
MAF,SEN,4871.5,capital
MAF,SGP,17430.9,capital
MAF,SGS,8441.5,centroid
MAF,SHN,7330.6,capital
MAF,SJM,7786.9,capital
MAF,SLB,15280.6,capital
MAF,SLE,5482.0,capital
MAF,SLV,2831.4,capital
MAF,SMR,7479.7,centroid
MAF,SOM,11877.3,capital
MAF,SPM,3254.6,capital
MAF,SRB,8104.0,capital
MAF,SSD,10331.5,capital
MAF,STP,7865.7,capital
MAF,SUR,1606.0,capital
MAF,SVK,7803.4,capital
MAF,SVN,7626.4,capital
MAF,SWE,7788.1,capital
MAF,SWZ,11302.0,capital
MAF,SXM,6.1,capital
MAF,SYC,13180.4,capital
MAF,SYR,9739.1,capital
MAF,TCA,923.6,capital
MAF,TCD,8356.3,capital
MAF,TGO,7083.9,capital
MAF,THA,16045.0,capital
MAF,TJK,11969.1,capital
MAF,TKL,12305.6,centroid
MAF,TKM,11294.2,capital
MAF,TLS,18603.3,capital
MAF,TON,12906.9,centroid
MAF,TTO,840.1,capital
MAF,TUN,7349.5,capital
MAF,TUR,9218.0,capital
MAF,TUV,13221.5,capital
MAF,TWN,15194.3,capital
MAF,TZA,11149.7,capital
MAF,UGA,10595.4,capital
MAF,UKR,8717.6,capital
MAF,UMI,13180.1,centroid
MAF,UNK,8197.8,capital
MAF,URY,5935.0,capital
MAF,USA,3963.7,centroid
MAF,UZB,11791.6,capital
MAF,VAT,7497.6,capital
MAF,VCT,581.3,capital
MAF,VEN,936.7,capital
MAF,VGB,167.2,capital
MAF,VIR,197.5,capital
MAF,VNM,15503.8,capital
MAF,VUT,14701.4,centroid
MAF,WLF,12868.7,capital
MAF,WSM,12421.3,capital
MAF,YEM,11617.7,centroid
MAF,ZAF,10990.7,capital
MAF,ZMB,10673.3,capital
MAF,ZWE,11032.8,capital
MAR,MCO,1636.4,capital
MAR,MDA,3307.8,capital
MAR,MDG,8229.3,capital
MAR,MDV,8858.2,capital
MAR,MEX,9017.6,capital
MAR,MHL,15440.8,capital
MAR,MKD,2616.2,capital
MAR,MLI,2382.8,capital
MAR,MLT,1952.8,capital
MAR,MMR,9926.0,centroid
MAR,MNE,2452.1,capital
MAR,MNG,8779.1,capital
MAR,MNP,13819.5,capital
MAR,MOZ,7859.4,capital
MAR,MRT,1990.4,capital
MAR,MSR,5812.9,capital
MAR,MTQ,5829.6,capital
MAR,MUS,9085.3,capital
MAR,MWI,6850.0,capital
MAR,MYS,11500.7,capital
MAR,MYT,7570.7,capital
MAR,NAM,6780.4,capital
MAR,NCL,18554.0,capital
MAR,NER,2451.5,capital
MAR,NFK,19275.7,capital
MAR,NGA,3137.4,capital
MAR,NIC,8289.6,capital
MAR,NIU,17655.9,capital
MAR,NLD,2245.3,capital
MAR,NOR,3151.1,capital
MAR,NPL,8512.8,capital
MAR,NRU,16237.8,capital
MAR,NZL,19194.1,capital
MAR,OMN,6358.4,capital
MAR,PAK,7163.4,capital
MAR,PAN,7857.6,capital
MAR,PCN,14506.2,capital
MAR,PER,8997.0,capital
MAR,PHL,12290.7,capital
MAR,PLW,13869.6,capital
MAR,PNG,16209.6,capital
MAR,POL,3001.0,capital
MAR,PRI,6074.2,capital
MAR,PRK,10539.7,capital
MAR,PRT,563.5,capital
MAR,PRY,8498.8,capital
MAR,PSE,3901.7,capital
MAR,PYF,15889.6,capital
MAR,QAT,5648.5,capital
MAR,REU,8978.5,capital
MAR,ROU,3039.1,capital
MAR,RUS,4148.3,capital
MAR,RWA,5553.6,capital
MAR,SAU,5234.4,capital
MAR,SDN,4434.7,capital
MAR,SEN,2398.4,capital
MAR,SGP,11816.3,capital
MAR,SGS,10257.7,centroid
MAR,SHN,5554.1,capital
MAR,SJM,5032.3,capital
MAR,SLB,16967.0,capital
MAR,SLE,2913.1,capital
MAR,SLV,8466.5,capital
MAR,SMR,1980.3,centroid
MAR,SOM,6464.6,capital
MAR,SPM,4333.4,capital
MAR,SRB,2616.9,capital
MAR,SSD,5116.7,capital
MAR,STP,4002.4,capital
MAR,SUR,5865.2,capital
MAR,SVK,2530.6,capital
MAR,SVN,2244.6,capital
MAR,SWE,3353.3,capital
MAR,SWZ,7830.1,capital
MAR,SXM,5816.2,capital
MAR,SYC,7803.0,capital
MAR,SYR,3956.7,capital
MAR,TCA,6380.2,capital
MAR,TCD,3292.2,capital
MAR,TGO,3209.6,capital
MAR,THA,10689.8,capital
MAR,TJK,6600.7,capital
MAR,TKL,16847.5,centroid
MAR,TKM,5763.1,capital
MAR,TLS,14399.3,capital
MAR,TON,18068.6,centroid
MAR,TTO,6109.2,capital
MAR,TUN,1569.4,capital
MAR,TUR,3556.6,capital
MAR,TUV,17114.5,capital
MAR,TWN,11480.5,capital
MAR,TZA,6322.1,capital
MAR,UGA,5554.1,capital
MAR,UKR,3524.4,capital
MAR,UMI,14046.6,centroid
MAR,UNK,2609.8,capital
MAR,URY,9223.7,capital
MAR,USA,7780.5,centroid
MAR,UZB,6529.9,capital
MAR,VAT,1898.9,capital
MAR,VCT,5929.8,capital
MAR,VEN,6606.9,capital
MAR,VGB,5939.5,capital
MAR,VIR,5972.6,capital
MAR,VNM,10630.1,capital
MAR,VUT,17919.2,centroid
MAR,WLF,17471.1,capital
MAR,WSM,17306.0,capital
MAR,YEM,5860.4,centroid
MAR,ZAF,7603.3,capital
MAR,ZMB,6634.6,capital
MAR,ZWE,7022.9,capital
MCO,MDA,1707.9,capital
MCO,MDG,8075.6,capital
MCO,MDV,7780.9,capital
MCO,MEX,9778.9,capital
MCO,MHL,14137.2,capital
MCO,MKD,1156.6,capital
MCO,MLI,3761.5,capital
MCO,MLT,1060.4,capital
MCO,MMR,8383.1,centroid
MCO,MNE,971.5,capital
MCO,MNG,7151.6,capital
MCO,MNP,12213.8,capital
MCO,MOZ,8164.6,capital
MCO,MRT,3595.2,capital
MCO,MSR,7108.0,capital
MCO,MTQ,7171.4,capital
MCO,MUS,8744.4,capital
MCO,MWI,6952.5,capital
MCO,MYS,10108.0,capital
MCO,MYT,7359.8,capital
MCO,NAM,7437.5,capital
MCO,NCL,16948.2,capital
MCO,NER,3398.7,capital
MCO,NFK,17639.5,capital
MCO,NGA,3856.2,capital
MCO,NIC,9368.9,capital
MCO,NIU,17259.1,capital
MCO,NLD,978.5,capital
MCO,NOR,1812.5,capital
MCO,NPL,6994.6,capital
MCO,NRU,14801.1,capital
MCO,NZL,18944.5,capital
MCO,OMN,5125.7,capital
MCO,PAK,5650.1,capital
MCO,PAN,9073.0,capital
MCO,PCN,15662.9,capital
MCO,PER,10491.6,capital
MCO,PHL,10678.7,capital
MCO,PLW,12237.2,capital
MCO,PNG,14579.5,capital
MCO,POL,1379.7,capital
MCO,PRI,7292.9,capital
MCO,PRK,8925.4,capital
MCO,PRT,1490.3,capital
MCO,PRY,10134.5,capital
MCO,PSE,2753.9,capital
MCO,PYF,16389.8,capital
MCO,QAT,4464.4,capital
MCO,REU,8692.0,capital
MCO,ROU,1491.2,capital
MCO,RUS,2517.8,capital
MCO,RWA,5558.4,capital
MCO,SAU,4134.0,capital
MCO,SDN,3930.7,capital
MCO,SEN,3998.2,capital
MCO,SGP,10424.0,capital
MCO,SGS,11704.2,centroid
MCO,SHN,6767.6,capital
MCO,SJM,3851.7,capital
MCO,SLB,15369.2,capital
MCO,SLE,4401.5,capital
MCO,SLV,9479.3,capital
MCO,SMR,401.2,centroid
MCO,SOM,5954.1,capital
MCO,SPM,4851.4,capital
MCO,SRB,1044.2,capital
MCO,SSD,4929.2,capital
MCO,STP,4826.3,capital
MCO,SUR,7375.0,capital
MCO,SVK,894.2,capital
MCO,SVN,614.2,capital
MCO,SWE,1878.3,capital
MCO,SWZ,8174.5,capital
MCO,SXM,7079.0,capital
MCO,SYC,7204.7,capital
MCO,SYR,2735.3,capital
MCO,TCA,7480.9,capital
MCO,TCD,3592.3,capital
MCO,TGO,4225.5,capital
MCO,THA,9198.4,capital
MCO,TJK,5053.0,capital
MCO,TKL,16152.1,centroid
MCO,TKM,4266.7,capital
MCO,TLS,12910.1,capital
MCO,TON,17366.1,centroid
MCO,TTO,7502.7,capital
MCO,TUN,803.6,capital
MCO,TUR,2140.7,capital
MCO,TUV,16019.1,capital
MCO,TWN,9845.5,capital
MCO,TZA,6235.8,capital
MCO,UGA,5434.1,capital
MCO,UKR,1891.6,capital
MCO,UMI,12692.1,centroid
MCO,UNK,1119.0,capital
MCO,URY,10852.3,capital
MCO,USA,8174.0,centroid
MCO,UZB,4953.6,capital
MCO,VAT,458.3,capital
MCO,VCT,7291.6,capital
MCO,VEN,7945.2,capital
MCO,VGB,7176.6,capital
MCO,VIR,7207.6,capital
MCO,VNM,9052.9,capital
MCO,VUT,16378.2,centroid
MCO,WLF,16611.2,capital
MCO,WSM,16689.0,capital
MCO,YEM,4986.7,centroid
MCO,ZAF,8011.4,capital
MCO,ZMB,6910.4,capital
MCO,ZWE,7256.7,capital
MDA,MDG,7565.4,capital
MDA,MDV,6395.4,capital
MDA,MEX,10982.8,capital
MDA,MHL,12957.8,capital
MDA,MKD,810.3,capital
MDA,MLI,5136.1,capital
MDA,MLT,1713.7,capital
MDA,MMR,6678.1,centroid
MDA,MNE,911.5,capital
MDA,MNG,5602.4,capital
MDA,MNP,10682.3,capital
MDA,MOZ,8123.0,capital
MDA,MRT,5185.0,capital
MDA,MSR,8737.4,capital
MDA,MTQ,8820.9,capital
MDA,MUS,8001.7,capital
MDA,MWI,6798.0,capital
MDA,MYS,8456.2,capital
MDA,MYT,6845.5,capital
MDA,NAM,7825.5,capital
MDA,NCL,15344.9,capital
MDA,NER,4478.1,capital
MDA,NFK,15977.5,capital
MDA,NGA,4678.6,capital
MDA,NIC,10832.7,capital
MDA,NIU,16468.3,capital
MDA,NLD,1814.4,capital
MDA,NOR,1857.3,capital
MDA,NPL,5299.0,capital
MDA,NRU,13448.9,capital
MDA,NZL,17245.7,capital
MDA,OMN,3697.0,capital
MDA,PAK,3962.0,capital
MDA,PAN,10633.0,capital
MDA,PCN,16948.5,capital
MDA,PER,12185.1,capital
MDA,PHL,8983.9,capital
MDA,PLW,10570.1,capital
MDA,PNG,12904.6,capital
MDA,POL,809.4,capital
MDA,PRI,8882.2,capital
MDA,PRK,7406.1,capital
MDA,PRT,3196.7,capital
MDA,PRY,11781.6,capital
MDA,PSE,1764.7,capital
MDA,PYF,16734.5,capital
MDA,QAT,3135.2,capital
MDA,REU,8006.3,capital
MDA,ROU,357.4,capital
MDA,RUS,1144.6,capital
MDA,RWA,5445.3,capital
MDA,SAU,2942.8,capital
MDA,SDN,3514.3,capital
MDA,SEN,5572.9,capital
MDA,SGP,8770.1,capital
MDA,SGS,12864.5,centroid
MDA,SHN,7802.8,capital
MDA,SJM,3515.9,capital
MDA,SLB,13809.7,capital
MDA,SLE,5840.7,capital
MDA,SLV,10892.1,capital
MDA,SMR,1330.9,centroid
MDA,SOM,5248.4,capital
MDA,SPM,6116.9,capital
MDA,SRB,693.8,capital
MDA,SSD,4695.0,capital
MDA,STP,5616.4,capital
MDA,SUR,9078.2,capital
MDA,SVK,889.7,capital
MDA,SVN,1101.7,capital
MDA,SWE,1542.9,capital
MDA,SWZ,8173.5,capital
MDA,SXM,8693.5,capital
MDA,SYC,6306.2,capital
MDA,SYR,1626.2,capital
MDA,TCA,9000.5,capital
MDA,TCD,4090.8,capital
MDA,TGO,5254.7,capital
MDA,THA,7506.9,capital
MDA,TJK,3351.7,capital
MDA,TKL,15350.9,centroid
MDA,TKM,2602.7,capital
MDA,TLS,11210.5,capital
MDA,TON,16316.6,centroid
MDA,TTO,9170.8,capital
MDA,TUN,1909.3,capital
MDA,TUR,851.4,capital
MDA,TUV,14897.7,capital
MDA,TWN,8192.9,capital
MDA,TZA,5952.2,capital
MDA,UGA,5204.6,capital
MDA,UKR,402.1,capital
MDA,UMI,11517.5,centroid
MDA,UNK,774.2,capital
MDA,URY,12424.0,capital
MDA,USA,9141.2,centroid
MDA,UZB,3245.8,capital
MDA,VAT,1417.0,capital
MDA,VCT,8948.5,capital
MDA,VEN,9586.1,capital
MDA,VGB,8777.1,capital
MDA,VIR,8806.5,capital
MDA,VNM,7345.4,capital
MDA,VUT,14857.2,centroid
MDA,WLF,15600.1,capital
MDA,WSM,15857.9,capital
MDA,YEM,3975.5,centroid
MDA,ZAF,8090.1,capital
MDA,ZMB,6940.5,capital
MDA,ZWE,7212.9,capital
MDG,MDV,3830.8,capital
MDG,MEX,16518.9,capital
MDG,MHL,13816.3,capital
MDG,MKD,7284.9,capital
MDG,MLI,7019.6,capital
MDG,MLT,7016.2,capital
MDG,MMR,7126.8,centroid
MDG,MNE,7412.9,capital
MDG,MNG,9479.6,capital
MDG,MNP,11391.6,capital
MDG,MOZ,1723.4,capital
MDG,MRT,8063.6,capital
MDG,MSR,12624.7,capital
MDG,MTQ,12448.8,capital
MDG,MUS,1053.0,capital
MDG,MWI,1565.3,capital
MDG,MYS,6407.7,capital
MDG,MYT,725.0,capital
MDG,NAM,3187.2,capital
MDG,NCL,11951.3,capital
MDG,NER,6145.0,capital
MDG,NFK,11692.7,capital
MDG,NGA,5379.6,capital
MDG,NIC,15020.4,capital
MDG,NIU,14139.3,capital
MDG,NLD,8931.6,capital
MDG,NOR,9373.7,capital
MDG,NPL,6588.5,capital
MDG,NRU,13060.8,capital
MDG,NZL,11396.5,capital
MDG,OMN,4870.5,capital
MDG,PAK,6447.2,capital
MDG,PAN,14217.3,capital
MDG,PCN,15118.1,capital
MDG,PER,13033.2,capital
MDG,PHL,8860.3,capital
MDG,PLW,9973.5,capital
MDG,PNG,10661.6,capital
MDG,POL,8317.2,capital
MDG,PRI,13070.8,capital
MDG,PRK,10352.4,capital
MDG,PRT,8708.0,capital
MDG,PRY,10553.4,capital
MDG,PSE,5801.1,capital
MDG,PYF,15551.9,capital
MDG,QAT,4933.7,capital
MDG,REU,855.8,capital
MDG,ROU,7372.6,capital
MDG,RUS,8355.0,capital
MDG,RWA,2679.7,capital
MDG,SAU,4849.1,capital
MDG,SDN,4169.3,capital
MDG,SEN,8034.3,capital
MDG,SGP,6543.9,capital
MDG,SGS,7957.9,centroid
MDG,SHN,5639.2,capital
MDG,SJM,10988.6,capital
MDG,SLB,11966.8,capital
MDG,SLE,7322.9,capital
MDG,SLV,15371.1,capital
MDG,SMR,7834.0,centroid
MDG,SOM,2341.9,capital
MDG,SPM,12558.5,capital
MDG,SRB,7598.0,capital
MDG,SSD,3168.0,capital
MDG,STP,4940.1,capital
MDG,SUR,11552.1,capital
MDG,SVK,8047.7,capital
MDG,SVN,7952.1,capital
MDG,SWE,9104.1,capital
MDG,SWZ,1872.2,capital
MDG,SXM,12744.8,capital
MDG,SYC,1806.9,capital
MDG,SYR,5950.1,capital
MDG,TCA,13650.1,capital
MDG,TCD,4957.7,capital
MDG,TGO,5787.0,capital
MDG,THA,6844.2,capital
MDG,TJK,6761.4,capital
MDG,TKL,14684.3,centroid
MDG,TKM,6423.8,capital
MDG,TLS,8449.4,capital
MDG,TON,13673.4,centroid
MDG,TTO,12377.8,capital
MDG,TUN,7332.8,capital
MDG,TUR,6716.9,capital
MDG,TUV,13901.1,capital
MDG,TWN,9375.1,capital
MDG,TZA,1907.5,capital
MDG,UGA,2690.2,capital
MDG,UKR,7891.9,capital
MDG,UMI,13651.8,centroid
MDG,UNK,7361.7,capital
MDG,URY,9998.6,capital
MDG,USA,15987.3,centroid
MDG,UZB,7055.2,capital
MDG,VAT,7663.4,capital
MDG,VCT,12422.8,capital
MDG,VEN,12935.0,capital
MDG,VGB,12916.9,capital
MDG,VIR,12946.8,capital
MDG,VNM,7745.4,capital
MDG,VUT,12339.8,centroid
MDG,WLF,14036.3,capital
MDG,WSM,14376.8,capital
MDG,YEM,3771.4,centroid
MDG,ZAF,2127.2,capital
MDG,ZMB,2080.7,capital
MDG,ZWE,1742.9,capital
MDV,MEX,17269.7,capital
MDV,MHL,10816.0,capital
MDV,MKD,6640.3,capital
MDV,MLI,8983.7,capital
MDV,MLT,6970.4,capital
MDV,MMR,3300.4,centroid
MDV,MNE,6823.8,capital
MDV,MNG,5809.0,capital
MDV,MNP,7982.2,capital
MDV,MOZ,5536.2,capital
MDV,MRT,9809.5,capital
MDV,MSR,14625.3,capital
MDV,MTQ,14592.3,capital
MDV,MUS,3222.0,capital
MDV,MWI,4823.2,capital
MDV,MYS,3128.7,capital
MDV,MYT,3648.8,capital
MDV,NAM,6807.6,capital
MDV,NCL,10485.4,capital
MDV,NER,7889.7,capital
MDV,NFK,10665.6,capital
MDV,NGA,7303.2,capital
MDV,NIC,17135.1,capital
MDV,NIU,12948.9,capital
MDV,NLD,8201.9,capital
MDV,NOR,8120.9,capital
MDV,NPL,2900.0,capital
MDV,NRU,10390.8,capital
MDV,NZL,11254.4,capital
MDV,OMN,2698.9,capital
MDV,PAK,3285.7,capital
MDV,PAN,16686.1,capital
MDV,PCN,16586.2,capital
MDV,PER,16659.2,capital
MDV,PHL,5323.7,capital
MDV,PLW,6765.8,capital
MDV,PNG,8298.3,capital
MDV,POL,7179.6,capital
MDV,PRI,14925.4,capital
MDV,PRK,6522.1,capital
MDV,PRT,9080.7,capital
MDV,PRY,14305.3,capital
MDV,PSE,5041.4,capital
MDV,PYF,15097.2,capital
MDV,QAT,3318.9,capital
MDV,REU,3412.1,capital
MDV,ROU,6426.1,capital
MDV,RUS,6561.6,capital
MDV,RWA,4876.0,capital
MDV,SAU,3661.5,capital
MDV,SDN,4653.2,capital
MDV,SEN,9992.1,capital
MDV,SGP,3384.7,capital
MDV,SGS,11697.7,centroid
MDV,SHN,8988.4,capital
MDV,SJM,8857.3,capital
MDV,SLB,9694.3,capital
MDV,SLE,9581.9,capital
MDV,SLV,17259.7,capital
MDV,SMR,7396.0,centroid
MDV,SOM,3136.0,capital
MDV,SPM,12512.3,capital
MDV,SRB,6841.5,capital
MDV,SSD,4647.5,capital
MDV,STP,7429.8,capital
MDV,SUR,14207.8,capital
MDV,SVK,7228.8,capital
MDV,SVN,7324.0,capital
MDV,SWE,7721.2,capital
MDV,SWZ,5683.3,capital
MDV,SXM,14651.2,capital
MDV,SYC,2231.3,capital
MDV,SYR,5045.9,capital
MDV,TCA,15225.2,capital
MDV,TCD,6483.9,capital
MDV,TGO,8003.0,capital
MDV,THA,3146.1,capital
MDV,TJK,3850.6,capital
MDV,TKL,12767.2,centroid
MDV,TKM,4057.3,capital
MDV,TLS,5943.7,capital
MDV,TON,12410.2,centroid
MDV,TTO,14770.7,capital
MDV,TUN,7373.0,capital
MDV,TUR,5689.8,capital
MDV,TUV,11798.6,capital
MDV,TWN,5622.6,capital
MDV,TZA,4348.4,capital
MDV,UGA,4566.6,capital
MDV,UKR,6518.6,capital
MDV,UMI,10181.1,centroid
MDV,UNK,6691.2,capital
MDV,URY,13826.0,capital
MDV,USA,15224.2,centroid
MDV,UZB,4146.3,capital
MDV,VAT,7330.9,capital
MDV,VCT,14659.4,capital
MDV,VEN,15336.4,capital
MDV,VGB,14785.4,capital
MDV,VIR,14819.0,capital
MDV,VNM,3962.5,capital
MDV,VUT,10507.8,centroid
MDV,WLF,12311.1,capital
MDV,WSM,12786.2,capital
MDV,YEM,3040.1,centroid
MDV,ZAF,5907.6,capital
MDV,ZMB,5433.0,capital
MDV,ZWE,5259.0,capital
MEX,MHL,9693.0,capital
MEX,MKD,10862.4,capital
MEX,MLI,9662.7,capital
MEX,MLT,10718.2,capital
MEX,MMR,15046.5,centroid
MEX,MNE,10687.0,capital
MEX,MNG,12091.5,capital
MEX,MNP,11942.1,capital
MEX,MOZ,15035.4,capital
MEX,MRT,8658.3,capital
MEX,MSR,3906.9,capital
MEX,MTQ,4073.4,capital
MEX,MUS,17570.3,capital
MEX,MWI,14978.3,capital
MEX,MYS,16627.8,capital
MEX,MYT,16143.7,capital
MEX,NAM,13434.0,capital
MEX,NCL,11247.4,capital
MEX,NER,10651.9,capital
MEX,NFK,11312.1,capital
MEX,NGA,11381.9,capital
MEX,NIC,1597.8,capital
MEX,NIU,8824.1,capital
MEX,NLD,9215.5,capital
MEX,NOR,9195.6,capital
MEX,NPL,14752.6,capital
MEX,NRU,10441.8,capital
MEX,NZL,11103.9,capital
MEX,OMN,14647.7,capital
MEX,PAK,14047.1,capital
MEX,PAN,2407.5,capital
MEX,PCN,5975.2,capital
MEX,PER,4255.0,capital
MEX,PHL,14220.2,capital
MEX,PLW,13413.0,capital
MEX,PNG,12832.2,capital
MEX,POL,10180.2,capital
MEX,PRI,3469.3,capital
MEX,PRK,12012.7,capital
MEX,PRT,8670.2,capital
MEX,PRY,6695.6,capital
MEX,PSE,12516.6,capital
MEX,PYF,6872.3,capital
MEX,QAT,14117.2,capital
MEX,REU,17359.2,capital
MEX,ROU,11003.2,capital
MEX,RUS,10719.9,capital
MEX,RWA,14161.9,capital
MEX,SAU,13873.0,capital
MEX,SDN,13452.3,capital
MEX,SEN,8618.4,capital
MEX,SGP,16609.8,capital
MEX,SGS,10101.7,centroid
MEX,SHN,10935.9,capital
MEX,SJM,8430.8,capital
MEX,SLB,11491.3,capital
MEX,SLE,9267.4,capital
MEX,SLV,1236.3,capital
MEX,SMR,10135.0,centroid
MEX,SOM,15460.6,capital
MEX,SPM,4931.4,capital
MEX,SRB,10620.3,capital
MEX,SSD,13986.7,capital
MEX,STP,11655.1,capital
MEX,SUR,4984.3,capital
MEX,SVK,10201.1,capital
MEX,SVN,10153.4,capital
MEX,SWE,9585.2,capital
MEX,SWZ,14899.5,capital
MEX,SXM,3796.1,capital
MEX,SYC,16806.0,capital
MEX,SYR,12466.3,capital
MEX,TCA,2920.8,capital
MEX,TCD,12001.0,capital
MEX,TGO,10857.0,capital
MEX,THA,15745.3,capital
MEX,TJK,13447.5,capital
MEX,TKL,8579.5,centroid
MEX,TKM,13215.6,capital
MEX,TLS,15058.7,capital
MEX,TON,9353.1,centroid
MEX,TTO,4144.7,capital
MEX,TUN,10326.9,capital
MEX,TUR,11751.6,capital
MEX,TUV,9461.0,capital
MEX,TWN,13397.1,capital
MEX,TZA,14922.7,capital
MEX,UGA,14313.9,capital
MEX,UKR,10816.6,capital
MEX,UMI,9726.2,centroid
MEX,UNK,10801.6,capital
MEX,URY,7552.6,capital
MEX,USA,2075.3,centroid
MEX,UZB,13160.0,capital
MEX,VAT,10237.1,capital
MEX,VCT,4096.3,capital
MEX,VEN,3597.0,capital
MEX,VGB,3625.2,capital
MEX,VIR,3594.0,capital
MEX,VNM,14760.0,capital
MEX,VUT,10985.5,centroid
MEX,WLF,9181.3,capital
MEX,WSM,8765.6,capital
MEX,YEM,14762.7,centroid
MEX,ZAF,14595.0,capital
MEX,ZMB,14438.5,capital
MEX,ZWE,14781.0,capital
MHL,MKD,13762.0,capital
MHL,MLI,17823.5,capital
MHL,MLT,14658.1,capital
MHL,MMR,8003.5,centroid
MHL,MNE,13825.3,capital
MHL,MNG,7537.9,capital
MHL,MNP,2934.6,capital
MHL,MOZ,15177.4,capital
MHL,MRT,17101.5,capital
MHL,MSR,13556.2,capital
MHL,MTQ,13748.9,capital
MHL,MUS,12766.7,capital
MHL,MWI,15323.1,capital
MHL,MYS,7725.2,capital
MHL,MYT,14093.1,capital
MHL,NAM,16770.5,capital
MHL,NCL,3309.0,capital
MHL,NER,17435.9,capital
MHL,NFK,4035.7,capital
MHL,NGA,17482.8,capital
MHL,NIC,11172.8,capital
MHL,NIU,3556.6,capital
MHL,NLD,13279.7,capital
MHL,NOR,12371.2,capital
MHL,NPL,9255.6,capital
MHL,NRU,982.9,capital
MHL,NZL,5390.4,capital
MHL,OMN,11986.0,capital
MHL,PAK,10333.6,capital
MHL,PAN,11958.3,capital
MHL,PCN,7266.1,capital
MHL,PER,12510.8,capital
MHL,PHL,5555.8,capital
MHL,PLW,4053.1,capital
MHL,PNG,3255.5,capital
MHL,POL,12844.8,capital
MHL,PRI,13102.0,capital
MHL,PRK,5772.9,capital
MHL,PRT,14920.4,capital
MHL,PRY,14441.0,capital
MHL,PSE,13661.5,capital
MHL,PYF,5088.4,capital
MHL,QAT,12586.8,capital
MHL,REU,12977.2,capital
MHL,ROU,13314.0,capital
MHL,RUS,11843.9,capital
MHL,RWA,15691.7,capital
MHL,SAU,13061.5,capital
MHL,SDN,14830.5,capital
MHL,SEN,17404.7,capital
MHL,SGP,7510.7,capital
MHL,SGS,14167.1,centroid
MHL,SHN,18983.2,capital
MHL,SJM,10414.4,capital
MHL,SLB,2231.4,capital
MHL,SLE,18209.0,capital
MHL,SLV,10830.4,capital
MHL,SMR,13976.9,centroid
MHL,SOM,13942.0,capital
MHL,SPM,12413.1,capital
MHL,SRB,13553.9,capital
MHL,SSD,15360.5,capital
MHL,STP,18122.7,capital
MHL,SUR,14653.6,capital
MHL,SVK,13376.8,capital
MHL,SVN,13676.0,capital
MHL,SWE,12259.2,capital
MHL,SWZ,15289.7,capital
MHL,SXM,13422.9,capital
MHL,SYC,12927.1,capital
MHL,SYR,13475.4,capital
MHL,TCA,12497.6,capital
MHL,TCD,16638.5,capital
MHL,TGO,18184.1,capital
MHL,THA,7762.8,capital
MHL,TJK,10597.4,capital
MHL,TKL,2567.6,centroid
MHL,TKM,11484.9,capital
MHL,TLS,5366.9,capital
MHL,TON,3360.6,centroid
MHL,TTO,13836.1,capital
MHL,TUN,14755.3,capital
MHL,TUR,13277.7,capital
MHL,TUV,1940.2,capital
MHL,TWN,5649.9,capital
MHL,TZA,15116.3,capital
MHL,UGA,15371.6,capital
MHL,UKR,12593.5,capital
MHL,UMI,1451.3,centroid
MHL,UNK,13714.5,capital
MHL,URY,14265.9,capital
MHL,USA,9664.1,centroid
MHL,UZB,10490.7,capital
MHL,VAT,14161.3,capital
MHL,VCT,13784.5,capital
MHL,VEN,13276.4,capital
MHL,VGB,13251.4,capital
MHL,VIR,13223.7,capital
MHL,VNM,7191.0,capital
MHL,VUT,2612.4,centroid
MHL,WLF,2649.6,capital
MHL,WSM,2978.7,capital
MHL,YEM,13309.9,centroid
MHL,ZAF,15599.4,capital
MHL,ZMB,15891.8,capital
MHL,ZWE,15556.2,capital
MKD,MLI,4329.2,capital
MKD,MLT,903.4,capital
MKD,MMR,7311.2,centroid
MKD,MNE,185.3,capital
MKD,MNG,6403.5,capital
MKD,MNP,11478.3,capital
MKD,MOZ,7643.5,capital
MKD,MRT,4419.8,capital
MKD,MSR,8258.3,capital
MKD,MTQ,8315.3,capital
MKD,MUS,7842.6,capital
MKD,MWI,6350.4,capital
MKD,MYS,8969.1,capital
MKD,MYT,6559.9,capital
MKD,NAM,7192.2,capital
MKD,NCL,16100.4,capital
MKD,NER,3674.2,capital
MKD,NFK,16690.4,capital
MKD,NGA,3908.5,capital
MKD,NIC,10518.1,capital
MKD,NIU,17247.9,capital
MKD,NLD,1693.9,capital
MKD,NOR,2121.9,capital
MKD,NPL,5902.8,capital
MKD,NRU,14258.7,capital
MKD,NZL,17807.6,capital
MKD,OMN,3972.5,capital
MKD,PAK,4553.2,capital
MKD,PAN,10229.6,capital
MKD,PCN,16798.9,capital
MKD,PER,11594.5,capital
MKD,PHL,9692.8,capital
MKD,PLW,11308.8,capital
MKD,PNG,13627.7,capital
MKD,POL,1138.3,capital
MKD,PRI,8448.8,capital
MKD,PRK,8209.0,capital
MKD,PRT,2602.4,capital
MKD,PRY,11021.5,capital
MKD,PSE,1656.9,capital
MKD,PYF,17163.8,capital
MKD,QAT,3321.4,capital
MKD,REU,7817.4,capital
MKD,ROU,465.6,capital
MKD,RUS,1924.1,capital
MKD,RWA,4963.3,capital
MKD,SAU,3016.4,capital
MKD,SDN,3126.7,capital
MKD,SEN,4799.9,capital
MKD,SGP,9285.5,capital
MKD,SGS,12074.5,centroid
MKD,SHN,7017.1,capital
MKD,SJM,4036.6,capital
MKD,SLB,14590.6,capital
MKD,SLE,5037.9,capital
MKD,SLV,10619.7,capital
MKD,SMR,760.0,centroid
MKD,SOM,5042.9,capital
MKD,SPM,5933.3,capital
MKD,SRB,321.8,capital
MKD,SSD,4251.1,capital
MKD,STP,4860.9,capital
MKD,SUR,8465.1,capital
MKD,SVK,763.4,capital
MKD,SVN,713.6,capital
MKD,SWE,1941.2,capital
MKD,SWZ,7678.7,capital
MKD,SXM,8232.2,capital
MKD,SYC,6220.2,capital
MKD,SYR,1607.7,capital
MKD,TCA,8635.2,capital
MKD,TCD,3380.8,capital
MKD,TGO,4459.3,capital
MKD,THA,8093.4,capital
MKD,TJK,3984.5,capital
MKD,TKL,16117.4,centroid
MKD,TKM,3156.0,capital
MKD,TLS,11809.8,capital
MKD,TON,17122.4,centroid
MKD,TTO,8636.9,capital
MKD,TUN,1124.8,capital
MKD,TUR,985.8,capital
MKD,TUV,15702.3,capital
MKD,TWN,8949.4,capital
MKD,TZA,5549.5,capital
MKD,UGA,4767.5,capital
MKD,UKR,1170.2,capital
MKD,UMI,12318.6,centroid
MKD,UNK,78.3,capital
MKD,URY,11631.6,capital
MKD,USA,9157.0,centroid
MKD,UZB,3919.6,capital
MKD,VAT,742.1,capital
MKD,VCT,8432.3,capital
MKD,VEN,9091.2,capital
MKD,VGB,8331.6,capital
MKD,VIR,8362.7,capital
MKD,VNM,8015.4,capital
MKD,VUT,15643.3,centroid
MKD,WLF,16398.3,capital
MKD,WSM,16635.2,capital
MKD,YEM,3935.2,centroid
MKD,ZAF,7564.5,capital
MKD,ZMB,6421.6,capital
MKD,ZWE,6725.3,capital
MLI,MLT,3431.9,capital
MLI,MMR,11078.1,centroid
MLI,MNE,4229.4,capital
MLI,MNG,10729.0,capital
MLI,MNP,15780.7,capital
MLI,MOZ,6135.7,capital
MLI,MRT,1051.9,capital
MLI,MSR,5835.7,capital
MLI,MTQ,5730.2,capital
MLI,MUS,8032.7,capital
MLI,MWI,5468.3,capital
MLI,MYS,12055.2,capital
MLI,MYT,6510.6,capital
MLI,NAM,4769.4,capital
MLI,NCL,18788.8,capital
MLI,NER,1096.9,capital
MLI,NFK,18138.9,capital
MLI,NGA,1734.6,capital
MLI,NIC,8465.0,capital
MLI,NIU,17956.7,capital
MLI,NLD,4568.6,capital
MLI,NOR,5480.8,capital
MLI,NPL,9677.3,capital
MLI,NRU,18561.2,capital
MLI,NZL,16815.1,capital
MLI,OMN,7064.8,capital
MLI,PAK,8411.5,capital
MLI,PAN,7802.3,capital
MLI,PCN,13814.2,capital
MLI,PER,8095.3,capital
MLI,PHL,13632.1,capital
MLI,PLW,15316.1,capital
MLI,PNG,17279.4,capital
MLI,POL,5108.3,capital
MLI,PRI,6237.1,capital
MLI,PRK,12535.9,capital
MLI,PRT,2906.3,capital
MLI,PRY,6833.9,capital
MLI,PSE,4891.0,capital
MLI,PYF,15862.1,capital
MLI,QAT,6365.7,capital
MLI,REU,7864.4,capital
MLI,ROU,4794.1,capital
MLI,RUS,6184.1,capital
MLI,RWA,4499.8,capital
MLI,SAU,5879.1,capital
MLI,SDN,4374.9,capital
MLI,SEN,1048.9,capital
MLI,SGP,12338.8,capital
MLI,SGS,7947.1,centroid
MLI,SHN,3182.5,capital
MLI,SJM,7412.2,capital
MLI,SLB,18651.0,capital
MLI,SLE,735.2,capital
MLI,SLV,8747.3,capital
MLI,SMR,3975.1,centroid
MLI,SOM,5984.4,capital
MLI,SPM,5871.9,capital
MLI,SRB,4481.1,capital
MLI,SSD,4426.8,capital
MLI,STP,2119.2,capital
MLI,SUR,5226.2,capital
MLI,SVK,4582.1,capital
MLI,SVN,4277.2,capital
MLI,SWE,5624.1,capital
MLI,SWZ,6066.1,capital
MLI,SXM,5916.7,capital
MLI,SYC,7263.6,capital
MLI,SYR,5038.9,capital
MLI,TCA,6746.2,capital
MLI,TCD,2500.2,capital
MLI,TGO,1239.4,capital
MLI,THA,11607.5,capital
MLI,TJK,7993.4,capital
MLI,TKL,18225.2,centroid
MLI,TKM,7084.8,capital
MLI,TLS,14924.1,capital
MLI,TON,18406.1,centroid
MLI,TTO,5825.7,capital
MLI,TUN,3243.0,capital
MLI,TUR,5010.1,capital
MLI,TUV,19109.5,capital
MLI,TWN,13124.2,capital
MLI,TZA,5262.7,capital
MLI,UGA,4675.1,capital
MLI,UKR,5460.8,capital
MLI,UMI,16418.1,centroid
MLI,UNK,4361.9,capital
MLI,URY,7327.2,capital
MLI,USA,9064.5,centroid
MLI,UZB,8022.2,capital
MLI,VAT,3810.1,capital
MLI,VCT,5761.4,capital
MLI,VEN,6408.5,capital
MLI,VGB,6080.9,capital
MLI,VIR,6114.0,capital
MLI,VNM,11878.8,capital
MLI,VUT,19355.4,centroid
MLI,WLF,18734.2,capital
MLI,WSM,18255.6,capital
MLI,YEM,6034.7,centroid
MLI,ZAF,5788.8,capital
MLI,ZMB,5062.1,capital
MLI,ZWE,5458.7,capital
MLT,MMR,8033.8,centroid
MLT,MNE,834.3,capital
MLT,MNG,7297.3,capital
MLT,MNP,12363.5,capital
MLT,MOZ,7135.9,capital
MLT,MRT,3588.1,capital
MLT,MSR,7752.1,capital
MLT,MTQ,7777.5,capital
MLT,MUS,7701.1,capital
MLT,MWI,5903.7,capital
MLT,MYS,9548.2,capital
MLT,MYT,6301.7,capital
MLT,NAM,6506.0,capital
MLT,NCL,16912.0,capital
MLT,NER,2780.7,capital
MLT,NFK,17420.4,capital
MLT,NGA,3068.2,capital
MLT,NIC,10164.8,capital
MLT,NIU,18092.1,capital
MLT,NLD,1982.3,capital
MLT,NOR,2683.8,capital
MLT,NPL,6609.9,capital
MLT,NRU,15161.1,capital
MLT,NZL,18202.9,capital
MLT,OMN,4412.5,capital
MLT,PAK,5267.2,capital
MLT,PAN,9782.1,capital
MLT,PCN,16440.0,capital
MLT,PER,10926.1,capital
MLT,PHL,10481.7,capital
MLT,PLW,12125.4,capital
MLT,PNG,14413.4,capital
MLT,POL,1886.7,capital
MLT,PRI,7993.1,capital
MLT,PRK,9104.1,capital
MLT,PRT,2110.3,capital
MLT,PRY,10173.8,capital
MLT,PSE,1956.6,capital
MLT,PYF,17440.5,capital
MLT,QAT,3708.9,capital
MLT,REU,7642.6,capital
MLT,ROU,1365.0,capital
MLT,RUS,2814.3,capital
MLT,RWA,4507.2,capital
MLT,SAU,3314.9,capital
MLT,SDN,2883.3,capital
MLT,SEN,3953.9,capital
MLT,SGP,9863.6,capital
MLT,SGS,11190.7,centroid
MLT,SHN,6143.5,capital
MLT,SJM,4706.5,capital
MLT,SLB,15450.6,capital
MLT,SLE,4146.6,capital
MLT,SLV,10311.3,capital
MLT,SMR,892.8,centroid
MLT,SOM,4923.2,capital
MLT,SPM,5822.0,capital
MLT,SRB,1110.3,capital
MLT,SSD,3869.2,capital
MLT,STP,4035.4,capital
MLT,SUR,7799.1,capital
MLT,SVK,1378.5,capital
MLT,SVN,1128.8,capital
MLT,SWE,2618.0,capital
MLT,SWZ,7152.5,capital
MLT,SXM,7747.3,capital
MLT,SYC,6200.0,capital
MLT,SYR,2004.1,capital
MLT,TCA,8255.0,capital
MLT,TCD,2646.2,capital
MLT,TGO,3577.6,capital
MLT,THA,8760.6,capital
MLT,TJK,4743.6,capital
MLT,TKL,16952.0,centroid
MLT,TKM,3870.1,capital
MLT,TLS,12457.2,capital
MLT,TON,18018.0,centroid
MLT,TTO,8061.9,capital
MLT,TUN,402.6,capital
MLT,TUR,1666.5,capital
MLT,TUV,16597.6,capital
MLT,TWN,9793.4,capital
MLT,TZA,5176.5,capital
MLT,UGA,4375.1,capital
MLT,UKR,2065.5,capital
MLT,UMI,13211.5,centroid
MLT,UNK,945.3,capital
MLT,URY,10748.1,capital
MLT,USA,9196.9,centroid
MLT,UZB,4713.6,capital
MLT,VAT,690.8,capital
MLT,VCT,7880.3,capital
MLT,VEN,8555.6,capital
MLT,VGB,7863.6,capital
MLT,VIR,7896.2,capital
MLT,VNM,8771.0,capital
MLT,VUT,16507.3,centroid
MLT,WLF,17282.3,capital
MLT,WSM,17482.5,capital
MLT,YEM,4053.4,centroid
MLT,ZAF,7003.3,capital
MLT,ZMB,5886.2,capital
MLT,ZWE,6222.8,capital
MMR,MNE,7479.7,centroid
MMR,MNG,2987.7,centroid
MMR,MNP,5069.2,centroid
MMR,MOZ,8836.5,centroid
MMR,MRT,11564.1,centroid
MMR,MSR,15201.9,centroid
MMR,MTQ,15349.2,centroid
MMR,MUS,6428.4,centroid
MMR,MWI,8059.6,centroid
MMR,MYS,2134.4,centroid
MMR,MYT,6932.3,centroid
MMR,NAM,10062.0,centroid
MMR,NCL,8898.6,centroid
MMR,NER,10039.3,centroid
MMR,NFK,9396.7,centroid
MMR,NGA,9683.1,centroid
MMR,NIC,16191.5,centroid
MMR,NIU,10993.3,centroid
MMR,NLD,8292.3,centroid
MMR,NOR,7753.9,centroid
MMR,NPL,1426.6,centroid
MMR,NRU,7866.4,centroid
MMR,NZL,10567.6,centroid
MMR,OMN,4049.7,centroid
MMR,PAK,2767.3,centroid
MMR,PAN,16558.2,centroid
MMR,PCN,15124.7,centroid
MMR,PER,18788.6,centroid
MMR,PHL,2558.1,centroid
MMR,PLW,4239.3,centroid
MMR,PNG,6399.9,centroid
MMR,POL,7218.1,centroid
MMR,PRI,15194.7,centroid
MMR,PRK,3242.3,centroid
MMR,PRT,9873.4,centroid
MMR,PRY,17511.2,centroid
MMR,PSE,6237.5,centroid
MMR,PYF,12982.9,centroid
MMR,QAT,4724.5,centroid
MMR,REU,6637.4,centroid
MMR,ROU,6904.6,centroid
MMR,RUS,6162.6,centroid
MMR,RWA,7829.4,centroid
MMR,SAU,5213.6,centroid
MMR,SDN,6880.8,centroid
MMR,SEN,11884.0,centroid
MMR,SGP,2388.3,centroid
MMR,SGS,14821.2,centroid
MMR,SHN,12044.0,centroid
MMR,SJM,7442.0,centroid
MMR,SLB,7601.7,centroid
MMR,SLE,11794.8,centroid
MMR,SLV,15970.0,centroid
MMR,SMR,7994.8,centroid
MMR,SOM,6101.6,centroid
MMR,SPM,11939.1,centroid
MMR,SRB,7344.2,centroid
MMR,SSD,7376.8,centroid
MMR,STP,10124.4,centroid
MMR,SUR,15755.8,centroid
MMR,SVK,7545.2,centroid
MMR,SVN,7779.7,centroid
MMR,SWE,7351.7,centroid
MMR,SWZ,8983.6,centroid
MMR,SXM,15109.8,centroid
MMR,SYC,5493.6,centroid
MMR,SYR,6118.5,centroid
MMR,TCA,15041.0,centroid
MMR,TCD,8791.3,centroid
MMR,TGO,10446.3,centroid
MMR,THA,954.3,centroid
MMR,TJK,3331.7,centroid
MMR,TKL,10381.1,centroid
MMR,TKM,4167.4,centroid
MMR,TLS,4537.0,centroid
MMR,TON,10533.9,centroid
MMR,TTO,15750.7,centroid
MMR,TUN,8380.9,centroid
MMR,TUR,6378.8,centroid
MMR,TUV,9466.4,centroid
MMR,TWN,2419.3,centroid
MMR,TZA,7463.6,centroid
MMR,UGA,7470.5,centroid
MMR,UKR,6560.8,centroid
MMR,UMI,7086.2,centroid
MMR,UNK,7321.7,centroid
MMR,URY,17125.3,centroid
MMR,USA,13161.7,centroid
MMR,UZB,3438.0,centroid
MMR,VAT,8041.1,centroid
MMR,VCT,15497.0,centroid
MMR,VEN,16043.9,centroid
MMR,VGB,15138.5,centroid
MMR,VIR,15160.1,centroid
MMR,VNM,818.3,centroid
MMR,VUT,8619.5,centroid
MMR,WLF,10137.3,centroid
MMR,WSM,10602.4,centroid
MMR,YEM,5307.3,centroid
MMR,ZAF,9205.9,centroid
MMR,ZMB,8657.0,centroid
MMR,ZWE,8522.7,centroid
MNE,MNG,6513.8,capital
MNE,MNP,11593.8,capital
MNE,MOZ,7728.3,capital
MNE,MRT,4282.8,capital
MNE,MSR,8074.7,capital
MNE,MTQ,8132.9,capital
MNE,MUS,7989.2,capital
MNE,MWI,6445.8,capital
MNE,MYS,9150.4,capital
MNE,MYT,6688.4,capital
MNE,NAM,7231.2,capital
MNE,NCL,16242.3,capital
MNE,NER,3614.7,capital
MNE,NFK,16847.9,capital
MNE,NGA,3885.8,capital
MNE,NIC,10333.5,capital
MNE,NIU,17274.5,capital
MNE,NLD,1540.5,capital
MNE,NOR,2027.5,capital
MNE,NPL,6074.5,capital
MNE,NRU,14349.5,capital
MNE,NZL,17990.2,capital
MNE,OMN,4157.5,capital
MNE,PAK,4725.3,capital
MNE,PAN,10044.5,capital
MNE,PCN,16616.6,capital
MNE,PER,11420.0,capital
MNE,PHL,9847.6,capital
MNE,PLW,11455.3,capital
MNE,PNG,13780.0,capital
MNE,POL,1096.3,capital
MNE,PRI,8264.0,capital
MNE,PRK,8316.8,capital
MNE,PRT,2423.0,capital
MNE,PRY,10884.0,capital
MNE,PSE,1830.0,capital
MNE,PYF,17050.4,capital
MNE,QAT,3504.9,capital
MNE,REU,7959.6,capital
MNE,ROU,595.0,capital
MNE,RUS,1981.8,capital
MNE,RWA,5053.9,capital
MNE,SAU,3195.4,capital
MNE,SDN,3247.2,capital
MNE,SEN,4667.2,capital
MNE,SGP,9466.7,capital
MNE,SGS,12025.0,centroid
MNE,SHN,6975.9,capital
MNE,SJM,3982.1,capital
MNE,SLB,14718.3,capital
MNE,SLE,4930.5,capital
MNE,SLV,10436.1,capital
MNE,SMR,574.8,centroid
MNE,SOM,5187.7,capital
MNE,SPM,5756.7,capital
MNE,SRB,280.0,capital
MNE,SSD,4353.6,capital
MNE,STP,4846.5,capital
MNE,SUR,8292.1,capital
MNE,SVK,656.5,capital
MNE,SVN,551.8,capital
MNE,SWE,1879.7,capital
MNE,SWZ,7759.5,capital
MNE,SXM,8048.0,capital
MNE,SYC,6378.7,capital
MNE,SYR,1787.4,capital
MNE,TCA,8450.0,capital
MNE,TCD,3397.6,capital
MNE,TGO,4411.2,capital
MNE,THA,8268.2,capital
MNE,TJK,4150.5,capital
MNE,TKL,16137.3,centroid
MNE,TKM,3330.1,capital
MNE,TLS,11984.7,capital
MNE,TON,17184.2,centroid
MNE,TTO,8456.3,capital
MNE,TUN,997.9,capital
MNE,TUR,1170.1,capital
MNE,TUV,15764.1,capital
MNE,TWN,9088.4,capital
MNE,TZA,5657.1,capital
MNE,UGA,4869.7,capital
MNE,UKR,1237.7,capital
MNE,UMI,12377.9,centroid
MNE,UNK,158.0,capital
MNE,URY,11513.0,capital
MNE,USA,8995.7,centroid
MNE,UZB,4078.6,capital
MNE,VAT,564.2,capital
MNE,VCT,8250.5,capital
MNE,VEN,8908.5,capital
MNE,VGB,8147.0,capital
MNE,VIR,8178.1,capital
MNE,VNM,8178.1,capital
MNE,VUT,15767.5,centroid
MNE,WLF,16448.5,capital
MNE,WSM,16662.1,capital
MNE,YEM,4103.0,centroid
MNE,ZAF,7637.1,capital
MNE,ZMB,6498.4,capital
MNE,ZWE,6809.8,capital
MNG,MNP,5082.5,capital
MNG,MOZ,11043.0,capital
MNG,MRT,10744.3,capital
MNG,MSR,12748.9,capital
MNG,MTQ,12962.0,capital
MNG,MUS,9023.4,capital
MNG,MWI,9943.6,capital
MNG,MYS,5002.6,capital
MNG,MYT,9072.8,capital
MNG,NAM,11832.4,capital
MNG,NCL,9797.6,capital
MNG,NER,9961.6,capital
MNG,NFK,10498.8,capital
MNG,NGA,9951.2,capital
MNG,NIC,13213.5,capital
MNG,NIU,11077.7,capital
MNG,NLD,6651.9,capital
MNG,NOR,5858.6,capital
MNG,NPL,2918.2,capital
MNG,NRU,7881.2,capital
MNG,NZL,11949.2,capital
MNG,OMN,5030.2,capital
MNG,PAK,3218.9,capital
MNG,PAN,13656.6,capital
MNG,PCN,14475.6,capital
MNG,PER,16010.6,capital
MNG,PHL,3924.1,capital
MNG,PLW,5199.3,capital
MNG,PNG,7508.2,capital
MNG,POL,5778.2,capital
MNG,PRI,12601.6,capital
MNG,PRK,1807.1,capital
MNG,PRT,8498.2,capital
MNG,PRY,17157.9,capital
MNG,PSE,6135.6,capital
MNG,PYF,12444.9,capital
MNG,QAT,5402.1,capital
MNG,REU,9203.0,capital
MNG,ROU,5937.9,capital
MNG,RUS,4633.8,capital
MNG,RWA,9193.3,capital
MNG,SAU,5803.8,capital
MNG,SDN,7571.2,capital
MNG,SEN,11143.9,capital
MNG,SGP,5191.9,capital
MNG,SGS,17426.4,centroid
MNG,SHN,12990.9,capital
MNG,SJM,4854.4,capital
MNG,SLB,8227.9,capital
MNG,SLE,11441.4,capital
MNG,SLV,12982.9,capital
MNG,SMR,6849.7,centroid
MNG,SOM,7759.2,capital
MNG,SPM,9359.0,capital
MNG,SRB,6277.2,capital
MNG,SSD,8514.3,capital
MNG,STP,10734.1,capital
MNG,SUR,13783.0,capital
MNG,SVK,6263.0,capital
MNG,SVN,6561.1,capital
MNG,SWE,5538.5,capital
MNG,SWZ,11175.7,capital
MNG,SXM,12615.2,capital
MNG,SYC,7683.0,capital
MNG,SYR,5944.3,capital
MNG,TCA,12299.1,capital
MNG,TCD,9147.4,capital
MNG,TGO,10650.2,capital
MNG,THA,3843.3,capital
MNG,TJK,3220.8,capital
MNG,TKL,10095.8,centroid
MNG,TKM,4029.1,capital
MNG,TLS,6542.4,capital
MNG,TON,10800.2,centroid
MNG,TTO,13402.0,capital
MNG,TUN,7510.8,capital
MNG,TUR,5766.0,capital
MNG,TUV,9424.2,capital
MNG,TWN,2847.5,capital
MNG,TZA,9140.9,capital
MNG,UGA,8819.0,capital
MNG,UKR,5305.2,capital
MNG,UMI,6190.1,centroid
MNG,UNK,6374.9,capital
MNG,URY,18002.8,capital
MNG,USA,10174.1,centroid
MNG,UZB,3040.5,capital
MNG,VAT,6983.2,capital
MNG,VCT,13123.7,capital
MNG,VEN,13492.6,capital
MNG,VGB,12590.5,capital
MNG,VIR,12603.4,capital
MNG,VNM,2990.7,capital
MNG,VUT,9263.6,centroid
MNG,WLF,10154.6,capital
MNG,WSM,10514.8,capital
MNG,YEM,6473.7,centroid
MNG,ZAF,11316.2,capital
MNG,ZMB,10449.8,capital
MNG,ZWE,10460.1,capital
MNP,MOZ,13026.0,capital
MNP,MRT,15806.1,capital
MNP,MSR,15323.3,capital
MNP,MTQ,15577.9,capital
MNP,MUS,10408.3,capital
MNP,MWI,12724.4,capital
MNP,MYS,5007.7,capital
MNP,MYT,11485.9,capital
MNP,NAM,14578.6,capital
MNP,NCL,4738.9,capital
MNP,NER,14897.0,capital
MNP,NFK,5470.1,capital
MNP,NGA,14682.9,capital
MNP,NIC,13533.4,capital
MNP,NIU,6168.0,capital
MNP,NLD,11611.6,capital
MNP,NOR,10742.3,capital
MNP,NPL,6346.4,capital
MNP,NRU,2913.1,capital
MNP,NZL,6955.7,capital
MNP,OMN,9074.5,capital
MNP,PAK,7495.2,capital
MNP,PAN,14347.2,capital
MNP,PCN,10147.6,capital
MNP,PER,15385.4,capital
MNP,PHL,2661.3,capital
MNP,PLW,1484.9,capital
MNP,PNG,2749.7,capital
MNP,POL,10834.3,capital
MNP,PRI,14896.6,capital
MNP,PRK,3290.0,capital
MNP,PRT,13473.7,capital
MNP,PRY,17335.0,capital
MNP,PSE,10959.8,capital
MNP,PYF,7969.3,capital
MNP,QAT,9702.8,capital
MNP,REU,10634.9,capital
MNP,ROU,11013.0,capital
MNP,RUS,9702.5,capital
MNP,RWA,12818.8,capital
MNP,SAU,10186.3,capital
MNP,SDN,11923.4,capital
MNP,SEN,16211.3,capital
MNP,SGP,4850.6,capital
MNP,SGS,15640.0,centroid
MNP,SHN,16960.7,capital
MNP,SJM,9177.0,capital
MNP,SLB,3155.4,capital
MNP,SLE,16507.3,capital
MNP,SLV,13171.4,capital
MNP,SMR,11927.0,centroid
MNP,SOM,11063.2,capital
MNP,SPM,12781.5,capital
MNP,SRB,11359.6,capital
MNP,SSD,12432.6,capital
MNP,STP,15193.0,capital
MNP,SUR,16727.7,capital
MNP,SVK,11333.6,capital
MNP,SVN,11634.8,capital
MNP,SWE,10487.2,capital
MNP,SWZ,13167.6,capital
MNP,SXM,15155.2,capital
MNP,SYC,10174.2,capital
MNP,SYR,10794.6,capital
MNP,TCA,14285.9,capital
MNP,TCD,13797.0,capital
MNP,TGO,15443.4,capital
MNP,THA,4866.1,capital
MNP,TJK,7840.7,capital
MNP,TKL,5377.0,centroid
MNP,TKM,8749.0,capital
MNP,TLS,3454.3,capital
MNP,TON,5807.7,centroid
MNP,TTO,15855.2,capital
MNP,TUN,12591.5,capital
MNP,TUR,10771.3,capital
MNP,TUV,4532.4,capital
MNP,TWN,2749.9,capital
MNP,TZA,12330.4,capital
MNP,UGA,12478.9,capital
MNP,UKR,10387.1,capital
MNP,UMI,2261.6,centroid
MNP,UNK,11452.7,capital
MNP,URY,16918.6,capital
MNP,USA,11203.2,centroid
MNP,UZB,7784.4,capital
MNP,VAT,12064.7,capital
MNP,VCT,15683.5,capital
MNP,VEN,15423.0,capital
MNP,VGB,15009.2,capital
MNP,VIR,14993.4,capital
MNP,VNM,4256.4,capital
MNP,VUT,4181.7,centroid
MNP,WLF,5251.7,capital
MNP,WSM,5679.3,capital
MNP,YEM,10376.3,centroid
MNP,ZAF,13463.3,capital
MNP,ZMB,13334.6,capital
MNP,ZWE,13083.1,capital
MOZ,MRT,7177.9,capital
MOZ,MSR,11276.4,capital
MOZ,MTQ,11069.3,capital
MOZ,MUS,2624.8,capital
MOZ,MWI,1340.1,capital
MOZ,MYS,8091.7,capital
MOZ,MYT,1974.1,capital
MOZ,NAM,1615.1,capital
MOZ,NCL,12703.0,capital
MOZ,NER,5490.3,capital
MOZ,NFK,12263.9,capital
MOZ,NGA,4745.8,capital
MOZ,NIC,13461.2,capital
MOZ,NIU,14450.3,capital
MOZ,NLD,9117.6,capital
MOZ,NOR,9755.6,capital
MOZ,NPL,8209.9,capital
MOZ,NRU,14301.9,capital
MOZ,NZL,11583.5,capital
MOZ,OMN,6170.6,capital
MOZ,PAK,7892.6,capital
MOZ,PAN,12647.2,capital
MOZ,PCN,14043.7,capital
MOZ,PER,11314.9,capital
MOZ,PHL,10556.7,capital
MOZ,PLW,11572.0,capital
MOZ,PNG,11926.1,capital
MOZ,POL,8767.7,capital
MOZ,PRI,11732.9,capital
MOZ,PRK,12044.9,capital
MOZ,PRT,8400.8,capital
MOZ,PRY,8830.2,capital
MOZ,PSE,6440.3,capital
MOZ,PYF,15172.5,capital
MOZ,QAT,6051.0,capital
MOZ,REU,2397.1,capital
MOZ,ROU,7855.6,capital
MOZ,RUS,9099.1,capital
MOZ,RWA,2684.0,capital
MOZ,SAU,5833.7,capital
MOZ,SDN,4616.5,capital
MOZ,SEN,7050.7,capital
MOZ,SGP,8207.4,capital
MOZ,SGS,6384.1,centroid
MOZ,SHN,4114.6,capital
MOZ,SJM,11637.6,capital
MOZ,SLB,13099.7,capital
MOZ,SLE,6258.3,capital
MOZ,SLV,13821.6,capital
MOZ,SMR,8022.2,centroid
MOZ,SOM,3402.7,capital
MOZ,SPM,11987.1,capital
MOZ,SRB,7964.9,capital
MOZ,SSD,3428.4,capital
MOZ,STP,4030.4,capital
MOZ,SUR,10069.0,capital
MOZ,SVK,8384.7,capital
MOZ,SVN,8213.2,capital
MOZ,SWE,9577.9,capital
MOZ,SWZ,148.8,capital
MOZ,SXM,11416.4,capital
MOZ,SYC,3400.0,capital
MOZ,SYR,6625.0,capital
MOZ,TCA,12345.0,capital
MOZ,TCD,4639.4,capital
MOZ,TGO,4917.9,capital
MOZ,THA,8567.0,capital
MOZ,TJK,8101.3,capital
MOZ,TKL,15305.6,centroid
MOZ,TKM,7599.6,capital
MOZ,TLS,9887.9,capital
MOZ,TON,14099.9,centroid
MOZ,TTO,10929.7,capital
MOZ,TUN,7365.3,capital
MOZ,TUR,7326.2,capital
MOZ,TUV,14749.7,capital
MOZ,TWN,11098.4,capital
MOZ,TZA,2226.3,capital
MOZ,UGA,2922.4,capital
MOZ,UKR,8500.0,capital
MOZ,UMI,15264.9,centroid
MOZ,UNK,7721.5,capital
MOZ,URY,8290.0,capital
MOZ,USA,15137.7,centroid
MOZ,UZB,8374.4,capital
MOZ,VAT,7825.3,capital
MOZ,VCT,11017.3,capital
MOZ,VEN,11453.6,capital
MOZ,VGB,11586.9,capital
MOZ,VIR,11613.2,capital
MOZ,VNM,9467.5,capital
MOZ,VUT,13227.5,centroid
MOZ,WLF,14655.2,capital
MOZ,WSM,14864.6,capital
MOZ,YEM,4851.0,centroid
MOZ,ZAF,440.5,capital
MOZ,ZMB,1255.9,capital
MOZ,ZWE,918.5,capital
MRT,MSR,4895.5,capital
MRT,MTQ,4816.0,capital
MRT,MUS,9069.0,capital
MRT,MWI,6516.7,capital
MRT,MYS,12794.9,capital
MRT,MYT,7539.2,capital
MRT,NAM,5774.4,capital
MRT,NCL,19485.0,capital
MRT,NER,1999.8,capital
MRT,NFK,18731.2,capital
MRT,NGA,2724.8,capital
MRT,NIC,7531.3,capital
MRT,NIU,17268.7,capital
MRT,NLD,4224.0,capital
MRT,NOR,5118.5,capital
MRT,NPL,10138.7,capital
MRT,NRU,18039.6,capital
MRT,NZL,17239.4,capital
MRT,OMN,7670.3,capital
MRT,PAK,8816.6,capital
MRT,PAN,6912.9,capital
MRT,PCN,13222.2,capital
MRT,PER,7488.1,capital
MRT,PHL,14060.1,capital
MRT,PLW,15713.3,capital
MRT,PNG,17959.1,capital
MRT,POL,4973.6,capital
MRT,PRI,5275.1,capital
MRT,PRK,12520.1,capital
MRT,PRT,2388.3,capital
MRT,PRY,6601.9,capital
MRT,PSE,5330.5,capital
MRT,PYF,15114.8,capital
MRT,QAT,6952.3,capital
MRT,REU,8904.9,capital
MRT,ROU,4876.4,capital
MRT,RUS,6111.6,capital
MRT,RWA,5508.4,capital
MRT,SAU,6480.2,capital
MRT,SDN,5156.8,capital
MRT,SEN,408.3,capital
MRT,SGP,13094.0,capital
MRT,SGS,8315.1,centroid
MRT,SHN,3945.2,capital
MRT,SJM,6896.7,capital
MRT,SLB,18957.5,capital
MRT,SLE,1107.7,capital
MRT,SLV,7795.4,capital
MRT,SMR,3897.6,centroid
MRT,SOM,6912.5,capital
MRT,SPM,4854.8,capital
MRT,SRB,4494.3,capital
MRT,SSD,5369.1,capital
MRT,STP,3170.4,capital
MRT,SUR,4461.6,capital
MRT,SVK,4481.4,capital
MRT,SVN,4183.5,capital
MRT,SWE,5340.3,capital
MRT,SWZ,7104.5,capital
MRT,SXM,4961.6,capital
MRT,SYC,8221.5,capital
MRT,SYR,5445.6,capital
MRT,TCA,5755.5,capital
MRT,TCD,3391.7,capital
MRT,TGO,2291.1,capital
MRT,THA,12203.5,capital
MRT,TJK,8322.9,capital
MRT,TKL,17237.0,centroid
MRT,TKM,7434.5,capital
MRT,TLS,15731.8,capital
MRT,TON,17801.3,centroid
MRT,TTO,4961.7,capital
MRT,TUN,3295.6,capital
MRT,TUR,5251.2,capital
MRT,TUV,18061.2,capital
MRT,TWN,13369.2,capital
MRT,TZA,6281.0,capital
MRT,UGA,5658.5,capital
MRT,UKR,5449.2,capital
MRT,UMI,15848.2,centroid
MRT,UNK,4433.1,capital
MRT,URY,7261.9,capital
MRT,USA,8012.6,centroid
MRT,UZB,8301.4,capital
MRT,VAT,3775.4,capital
MRT,VCT,4865.1,capital
MRT,VEN,5533.0,capital
MRT,VGB,5120.5,capital
MRT,VIR,5154.2,capital
MRT,VNM,12329.6,capital
MRT,VUT,19622.6,centroid
MRT,WLF,17830.2,capital
MRT,WSM,17386.0,capital
MRT,YEM,6794.8,centroid
MRT,ZAF,6822.6,capital
MRT,ZMB,6114.0,capital
MRT,ZWE,6510.4,capital
MSR,MTQ,263.6,capital
MSR,MUS,13677.5,capital
MSR,MWI,11073.5,capital
MSR,MYS,17187.1,capital
MSR,MYT,12241.9,capital
MSR,NAM,9663.3,capital
MSR,NCL,14897.6,capital
MSR,NER,6885.3,capital
MSR,NFK,14734.9,capital
MSR,NGA,7570.4,capital
MSR,NIC,2636.1,capital
MSR,NIU,12416.6,capital
MSR,NLD,6996.8,capital
MSR,NOR,7459.0,capital
MSR,NPL,13963.9,capital
MSR,NRU,14344.5,capital
MSR,NZL,13963.3,capital
MSR,OMN,12164.3,capital
MSR,PAK,12672.8,capital
MSR,PAN,2061.1,capital
MSR,PCN,8693.6,capital
MSR,PER,3587.6,capital
MSR,PHL,16516.0,capital
MSR,PLW,16748.0,capital
MSR,PNG,16739.0,capital
MSR,POL,8090.1,capital
MSR,PRI,456.7,capital
MSR,PRK,13762.0,capital
MSR,PRT,5674.7,capital
MSR,PRY,4695.4,capital
MSR,PSE,9708.4,capital
MSR,PYF,10290.9,capital
MSR,QAT,11459.5,capital
MSR,REU,13476.1,capital
MSR,ROU,8585.9,capital
MSR,RUS,9076.7,capital
MSR,RWA,10311.7,capital
MSR,SAU,11046.3,capital
MSR,SDN,10002.9,capital
MSR,SEN,4787.8,capital
MSR,SGP,17496.8,capital
MSR,SGS,8271.1,centroid
MSR,SHN,7178.8,capital
MSR,SJM,7915.4,capital
MSR,SLB,15386.2,capital
MSR,SLE,5379.5,capital
MSR,SLV,2911.6,capital
MSR,SMR,7509.2,centroid
MSR,SOM,11805.8,capital
MSR,SPM,3390.0,capital
MSR,SRB,8138.5,capital
MSR,SSD,10255.2,capital
MSR,STP,7757.8,capital
MSR,SUR,1428.6,capital
MSR,SVK,7847.7,capital
MSR,SVN,7663.6,capital
MSR,SWE,7866.9,capital
MSR,SWZ,11155.1,capital
MSR,SXM,171.4,capital
MSR,SYC,13099.3,capital
MSR,SYR,9748.8,capital
MSR,TCA,1076.6,capital
MSR,TCD,8286.6,capital
MSR,TGO,6986.7,capital
MSR,THA,16132.4,capital
MSR,TJK,12031.5,capital
MSR,TKL,12389.4,centroid
MSR,TKM,11340.1,capital
MSR,TLS,18776.9,capital
MSR,TON,12959.2,centroid
MSR,TTO,675.7,capital
MSR,TUN,7355.3,capital
MSR,TUR,9243.9,capital
MSR,TUV,13313.5,capital
MSR,TWN,15354.1,capital
MSR,TZA,11048.4,capital
MSR,UGA,10508.0,capital
MSR,UKR,8773.1,capital
MSR,UMI,13342.5,centroid
MSR,UNK,8225.9,capital
MSR,URY,5773.8,capital
MSR,USA,4133.2,centroid
MSR,UZB,11860.8,capital
MSR,VAT,7520.8,capital
MSR,VCT,408.7,capital
MSR,VEN,855.6,capital
MSR,VGB,319.0,capital
MSR,VIR,340.8,capital
MSR,VNM,15622.1,capital
MSR,VUT,14777.4,centroid
MSR,WLF,12943.0,capital
MSR,WSM,12490.9,capital
MSR,YEM,11586.2,centroid
MSR,ZAF,10843.9,capital
MSR,ZMB,10546.1,capital
MSR,ZWE,10902.1,capital
MTQ,MUS,13501.8,capital
MTQ,MWI,10905.2,capital
MTQ,MYS,17276.3,capital
MTQ,MYT,12087.5,capital
MTQ,NAM,9454.7,capital
MTQ,NCL,14950.1,capital
MTQ,NER,6793.3,capital
MTQ,NFK,14745.2,capital
MTQ,NGA,7463.0,capital
MTQ,NIC,2736.0,capital
MTQ,NIU,12475.5,capital
MTQ,NLD,7102.6,capital
MTQ,NOR,7596.2,capital
MTQ,NPL,14078.5,capital
MTQ,NRU,14514.9,capital
MTQ,NZL,13907.0,capital
MTQ,OMN,12187.9,capital
MTQ,PAK,12771.3,capital
MTQ,PAN,2101.2,capital
MTQ,PCN,8679.7,capital
MTQ,PER,3445.0,capital
MTQ,PHL,16759.5,capital
MTQ,PLW,17008.7,capital
MTQ,PNG,16895.7,capital
MTQ,POL,8193.4,capital
MTQ,PRI,687.0,capital
MTQ,PRK,14008.8,capital
MTQ,PRT,5720.1,capital
MTQ,PRY,4451.1,capital
MTQ,PSE,9731.0,capital
MTQ,PYF,10337.2,capital
MTQ,QAT,11477.1,capital
MTQ,REU,13296.7,capital
MTQ,ROU,8656.3,capital
MTQ,RUS,9201.9,capital
MTQ,RWA,10184.1,capital
MTQ,SAU,11053.3,capital
MTQ,SDN,9950.5,capital
MTQ,SEN,4686.1,capital
MTQ,SGP,17590.9,capital
MTQ,SGS,8014.2,centroid
MTQ,SHN,6963.5,capital
MTQ,SJM,8118.4,capital
MTQ,SLB,15522.5,capital
MTQ,SLE,5246.7,capital
MTQ,SLV,3031.0,capital
MTQ,SMR,7572.4,centroid
MTQ,SOM,11712.1,capital
MTQ,SPM,3606.6,capital
MTQ,SRB,8208.2,capital
MTQ,SSD,10156.4,capital
MTQ,STP,7613.1,capital
MTQ,SUR,1166.6,capital
MTQ,SVK,7932.0,capital
MTQ,SVN,7737.8,capital
MTQ,SWE,8000.5,capital
MTQ,SWZ,10945.8,capital
MTQ,SXM,434.8,capital
MTQ,SYC,12989.4,capital
MTQ,SYR,9779.7,capital
MTQ,TCA,1308.6,capital
MTQ,TCD,8200.3,capital
MTQ,TGO,6859.7,capital
MTQ,THA,16266.3,capital
MTQ,TJK,12136.6,capital
MTQ,TKL,12496.5,centroid
MTQ,TKM,11422.1,capital
MTQ,TLS,19027.3,capital
MTQ,TON,13017.2,centroid
MTQ,TTO,440.4,capital
MTQ,TUN,7384.1,capital
MTQ,TUR,9299.2,capital
MTQ,TUV,13431.9,capital
MTQ,TWN,15596.5,capital
MTQ,TZA,10910.5,capital
MTQ,UGA,10392.1,capital
MTQ,UKR,8872.3,capital
MTQ,UMI,13575.8,centroid
MTQ,UNK,8285.9,capital
MTQ,URY,5529.0,capital
MTQ,USA,4381.2,centroid
MTQ,UZB,11976.0,capital
MTQ,VAT,7575.0,capital
MTQ,VCT,161.9,capital
MTQ,VEN,778.6,capital
MTQ,VGB,568.9,capital
MTQ,VIR,584.6,capital
MTQ,VNM,15803.7,capital
MTQ,VUT,14868.1,centroid
MTQ,WLF,13034.5,capital
MTQ,WSM,12575.9,capital
MTQ,YEM,11553.0,centroid
MTQ,ZAF,10634.8,capital
MTQ,ZMB,10368.2,capital
MTQ,ZWE,10718.7,capital
MUS,MWI,2609.9,capital
MUS,MYS,5472.5,capital
MUS,MYT,1543.3,capital
MUS,NAM,4181.3,capital
MUS,NCL,10976.2,capital
MUS,NER,7119.9,capital
MUS,NFK,10771.0,capital
MUS,NGA,6361.4,capital
MUS,NIC,16050.6,capital
MUS,NIU,13254.5,capital
MUS,NLD,9529.1,capital
MUS,NOR,9853.4,capital
MUS,NPL,6106.0,capital
MUS,NRU,12008.2,capital
MUS,NZL,10619.1,capital
MUS,OMN,4865.3,capital
MUS,PAK,6214.0,capital
MUS,PAN,15241.5,capital
MUS,PCN,14919.3,capital
MUS,PER,13886.1,capital
MUS,PHL,7941.4,capital
MUS,PLW,8968.4,capital
MUS,PNG,9609.9,capital
MUS,POL,8790.9,capital
MUS,PRI,14123.0,capital
MUS,PRK,9669.3,capital
MUS,PRT,9531.5,capital
MUS,PRY,11377.9,capital
MUS,PSE,6257.3,capital
MUS,PYF,14887.4,capital
MUS,QAT,5094.5,capital
MUS,REU,227.9,capital
MUS,ROU,7858.9,capital
MUS,RUS,8647.3,capital
MUS,RWA,3602.4,capital
MUS,SAU,5121.5,capital
MUS,SDN,4817.9,capital
MUS,SEN,9058.2,capital
MUS,SGP,5582.7,capital
MUS,SGS,8477.6,centroid
MUS,SHN,6661.9,capital
MUS,SJM,11256.0,capital
MUS,SLB,10922.8,capital
MUS,SLE,8361.7,capital
MUS,SLV,16405.5,capital
MUS,SMR,8461.8,centroid
MUS,SOM,2801.8,capital
MUS,SPM,13412.2,capital
MUS,SRB,8141.0,capital
MUS,SSD,3969.0,capital
MUS,STP,5974.0,capital
MUS,SUR,12595.1,capital
MUS,SVK,8592.5,capital
MUS,SVN,8539.7,capital
MUS,SWE,9539.5,capital
MUS,SWZ,2769.8,capital
MUS,SXM,13796.8,capital
MUS,SYC,1742.3,capital
MUS,SYR,6377.8,capital
MUS,TCA,14699.2,capital
MUS,TCD,5868.6,capital
MUS,TGO,6807.9,capital
MUS,THA,6027.4,capital
MUS,TJK,6632.1,capital
MUS,TKL,13704.4,centroid
MUS,TKM,6462.4,capital
MUS,TLS,7400.3,capital
MUS,TON,12762.9,centroid
MUS,TTO,13426.7,capital
MUS,TUN,8048.0,capital
MUS,TUR,7153.2,capital
MUS,TUV,12886.5,capital
MUS,TWN,8552.1,capital
MUS,TZA,2816.8,capital
MUS,UGA,3541.6,capital
MUS,UKR,8286.5,capital
MUS,UMI,12659.4,centroid
MUS,UNK,7916.3,capital
MUS,URY,10723.0,capital
MUS,USA,16860.0,centroid
MUS,UZB,6936.5,capital
MUS,VAT,8309.0,capital
MUS,VCT,13475.0,capital
MUS,VEN,13980.3,capital
MUS,VGB,13968.8,capital
MUS,VIR,13998.8,capital
MUS,VNM,6971.2,capital
MUS,VUT,11330.9,centroid
MUS,WLF,13067.4,capital
MUS,WSM,13434.9,capital
MUS,YEM,4045.3,centroid
MUS,ZAF,3057.9,capital
MUS,ZMB,3133.5,capital
MUS,ZWE,2789.7,capital
MWI,MYS,7720.4,capital
MWI,MYT,1244.6,capital
MWI,NAM,2003.5,capital
MWI,NCL,13469.7,capital
MWI,NER,4637.3,capital
MWI,NFK,13153.5,capital
MWI,NGA,3869.1,capital
MWI,NIC,13533.7,capital
MWI,NIU,15518.3,capital
MWI,NLD,7881.7,capital
MWI,NOR,8471.0,capital
MWI,NPL,7230.1,capital
MWI,NRU,14610.0,capital
MWI,NZL,12680.5,capital
MWI,OMN,4959.9,capital
MWI,PAK,6737.6,capital
MWI,PAN,12747.8,capital
MWI,PCN,15336.5,capital
MWI,PER,11861.5,capital
MWI,PHL,10102.5,capital
MWI,PLW,11371.1,capital
MWI,PNG,12216.7,capital
MWI,POL,7462.8,capital
MWI,PRI,11516.2,capital
MWI,PRK,11146.9,capital
MWI,PRT,7363.0,capital
MWI,PRY,9490.1,capital
MWI,PSE,5102.4,capital
MWI,PYF,16493.0,capital
MWI,QAT,4769.5,capital
MWI,REU,2420.6,capital
MWI,ROU,6540.1,capital
MWI,RUS,7760.7,capital
MWI,RWA,1397.6,capital
MWI,SAU,4521.6,capital
MWI,SDN,3285.2,capital
MWI,SEN,6474.4,capital
MWI,SGP,7896.0,capital
MWI,SGS,7510.8,centroid
MWI,SHN,4243.7,capital
MWI,SJM,10313.9,capital
MWI,SLB,13531.4,capital
MWI,SLE,5757.6,capital
MWI,SLV,13873.8,capital
MWI,SMR,6776.6,centroid
MWI,SOM,2188.4,capital
MWI,SPM,11131.3,capital
MWI,SRB,6672.2,capital
MWI,SSD,2106.6,capital
MWI,STP,3376.9,capital
MWI,SUR,10052.4,capital
MWI,SVK,7101.7,capital
MWI,SVN,6948.3,capital
MWI,SWE,8273.0,capital
MWI,SWZ,1415.7,capital
MWI,SXM,11189.6,capital
MWI,SYC,2592.0,capital
MWI,SYR,5285.9,capital
MWI,TCA,12089.4,capital
MWI,TCD,3559.9,capital
MWI,TGO,4231.6,capital
MWI,THA,7964.3,capital
MWI,TJK,6879.4,capital
MWI,TKL,16191.9,centroid
MWI,TKM,6317.3,capital
MWI,TLS,9969.3,capital
MWI,TON,15098.0,centroid
MWI,TTO,10856.6,capital
MWI,TUN,6165.7,capital
MWI,TUR,5992.7,capital
MWI,TUV,15451.8,capital
MWI,TWN,10438.1,capital
MWI,TZA,892.7,capital
MWI,UGA,1593.8,capital
MWI,UKR,7170.4,capital
MWI,UMI,14970.9,centroid
MWI,UNK,6428.7,capital
MWI,URY,9122.7,capital
MWI,USA,14500.1,centroid
MWI,UZB,7139.0,capital
MWI,VAT,6586.1,capital
MWI,VCT,10886.5,capital
MWI,VEN,11424.3,capital
MWI,VGB,11361.5,capital
MWI,VIR,11391.8,capital
MWI,VNM,8773.3,capital
MWI,VUT,13888.6,centroid
MWI,WLF,15535.3,capital
MWI,WSM,15835.4,capital
MWI,YEM,3580.3,centroid
MWI,ZAF,1434.0,capital
MWI,ZMB,612.8,capital
MWI,ZWE,519.4,capital
MYS,MYT,6479.3,capital
MYS,NAM,9588.7,capital
MYS,NCL,7570.9,capital
MYS,NER,10958.5,capital
MYS,NFK,7902.0,capital
MYS,NGA,10412.0,capital
MYS,NIC,18103.6,capital
MYS,NIU,9953.0,capital
MYS,NLD,10190.7,capital
MYS,NOR,9757.7,capital
MYS,NPL,3236.7,capital
MYS,NRU,7262.5,capital
MYS,NZL,8840.9,capital
MYS,OMN,5172.5,capital
MYS,PAK,4514.4,capital
MYS,PAN,18659.2,capital
MYS,PCN,13970.5,capital
MYS,PER,19015.2,capital
MYS,PHL,2470.1,capital
MYS,PLW,3677.4,capital
MYS,PNG,5228.6,capital
MYS,POL,9097.1,capital
MYS,PRI,17265.6,capital
MYS,PRK,4674.5,capital
MYS,PRT,11570.1,capital
MYS,PRY,16706.2,capital
MYS,PSE,7612.0,capital
MYS,PYF,12099.4,capital
MYS,QAT,5893.0,capital
MYS,REU,5700.2,capital
MYS,ROU,8621.0,capital
MYS,RUS,8126.2,capital
MYS,RWA,7981.5,capital
MYS,SAU,6345.1,capital
MYS,SDN,7681.8,capital
MYS,SEN,13026.1,capital
MYS,SGP,316.5,capital
MYS,SGS,13198.1,centroid
MYS,SHN,11963.7,capital
MYS,SJM,9575.8,capital
MYS,SLB,6604.2,capital
MYS,SLE,12685.4,capital
MYS,SLV,17792.2,capital
MYS,SMR,9707.4,centroid
MYS,SOM,6259.2,capital
MYS,SPM,14055.3,capital
MYS,SRB,9069.3,capital
MYS,SSD,7775.5,capital
MYS,STP,10555.8,capital
MYS,SUR,17256.4,capital
MYS,SVK,9345.4,capital
MYS,SVN,9538.7,capital
MYS,SWE,9345.4,capital
MYS,SWZ,8238.3,capital
MYS,SXM,17127.3,capital
MYS,SYC,5208.3,capital
MYS,SYR,7545.6,capital
MYS,TCA,17170.2,capital
MYS,TCD,9569.7,capital
MYS,TGO,11124.8,capital
MYS,THA,1187.2,capital
MYS,TJK,5157.3,capital
MYS,TKL,9658.0,centroid
MYS,TKM,5854.4,capital
MYS,TLS,2950.7,capital
MYS,TON,9430.1,centroid
MYS,TTO,17604.2,capital
MYS,TUN,9933.5,capital
MYS,TUR,7988.1,capital
MYS,TUV,8689.1,capital
MYS,TWN,3231.9,capital
MYS,TZA,7394.7,capital
MYS,UGA,7685.7,capital
MYS,UKR,8414.0,capital
MYS,UMI,7265.9,centroid
MYS,UNK,8996.3,capital
MYS,URY,15809.7,capital
MYS,USA,15052.1,centroid
MYS,UZB,5335.5,capital
MYS,VAT,9710.8,capital
MYS,VCT,17399.6,capital
MYS,VEN,18040.5,capital
MYS,VGB,17186.6,capital
MYS,VIR,17212.4,capital
MYS,VNM,2038.7,capital
MYS,VUT,7484.4,centroid
MYS,WLF,9239.1,capital
MYS,WSM,9718.9,capital
MYS,YEM,6023.7,centroid
MYS,ZAF,8518.1,capital
MYS,ZMB,8328.8,capital
MYS,ZWE,8076.8,capital
MYT,NAM,3166.8,capital
MYT,NCL,12517.8,capital
MYT,NER,5579.3,capital
MYT,NFK,12309.9,capital
MYT,NGA,4823.6,capital
MYT,NIC,14754.2,capital
MYT,NIU,14784.5,capital
MYT,NLD,8208.9,capital
MYT,NOR,8649.5,capital
MYT,NPL,6238.5,capital
MYT,NRU,13419.0,capital
MYT,NZL,12086.7,capital
MYT,OMN,4290.3,capital
MYT,PAK,5950.8,capital
MYT,PAN,13977.7,capital
MYT,PCN,15776.2,capital
MYT,PER,13073.5,capital
MYT,PHL,8877.4,capital
MYT,PLW,10126.5,capital
MYT,PNG,11046.0,capital
MYT,POL,7593.8,capital
MYT,PRI,12675.3,capital
MYT,PRK,10100.8,capital
MYT,PRT,8034.8,capital
MYT,PRY,10658.4,capital
MYT,PSE,5081.9,capital
MYT,PYF,16273.0,capital
MYT,QAT,4287.7,capital
MYT,REU,1411.4,capital
MYT,ROU,6649.1,capital
MYT,RUS,7653.7,capital
MYT,RWA,2059.2,capital
MYT,SAU,4169.6,capital
MYT,SDN,3446.4,capital
MYT,SEN,7545.3,capital
MYT,SGP,6652.0,capital
MYT,SGS,8353.6,centroid
MYT,SHN,5486.5,capital
MYT,SJM,10284.7,capital
MYT,SLB,12395.2,capital
MYT,SLE,6877.1,capital
MYT,SLV,15087.3,capital
MYT,SMR,7113.0,centroid
MYT,SOM,1647.9,capital
MYT,SPM,11904.0,capital
MYT,SRB,6872.9,capital
MYT,SSD,2473.4,capital
MYT,STP,4488.6,capital
MYT,SUR,11275.2,capital
MYT,SVK,7322.7,capital
MYT,SVN,7228.3,capital
MYT,SWE,8382.5,capital
MYT,SWZ,2111.6,capital
MYT,SXM,12348.7,capital
MYT,SYC,1443.9,capital
MYT,SYR,5233.9,capital
MYT,TCA,13226.9,capital
MYT,TCD,4329.6,capital
MYT,TGO,5297.2,capital
MYT,THA,6766.8,capital
MYT,TJK,6209.5,capital
MYT,TKL,15242.8,centroid
MYT,TKM,5805.5,capital
MYT,TLS,8759.4,capital
MYT,TON,14300.5,centroid
MYT,TTO,12063.4,capital
MYT,TUN,6624.3,capital
MYT,TUR,5998.3,capital
MYT,TUV,14405.3,capital
MYT,TWN,9269.5,capital
MYT,TZA,1273.6,capital
MYT,UGA,2016.6,capital
MYT,UKR,7175.9,capital
MYT,UMI,13738.6,centroid
MYT,UNK,6636.7,capital
MYT,URY,10209.7,capital
MYT,USA,15349.9,centroid
MYT,UZB,6495.1,capital
MYT,VAT,6944.1,capital
MYT,VCT,12078.5,capital
MYT,VEN,12637.4,capital
MYT,VGB,12519.2,capital
MYT,VIR,12550.6,capital
MYT,VNM,7611.3,capital
MYT,VUT,12857.8,centroid
MYT,WLF,14609.1,capital
MYT,WSM,14978.0,capital
MYT,YEM,3104.3,centroid
MYT,ZAF,2292.6,capital
MYT,ZMB,1849.7,capital
MYT,ZWE,1619.7,capital
NAM,NCL,14027.2,capital
NAM,NER,4330.2,capital
NAM,NFK,13483.6,capital
NAM,NGA,3667.6,capital
NAM,NIC,11874.4,capital
NAM,NIU,15325.9,capital
NAM,NLD,8416.0,capital
NAM,NOR,9188.7,capital
NAM,NPL,9210.3,capital
NAM,NRU,15860.0,capital
NAM,NZL,12552.0,capital
NAM,OMN,6802.6,capital
NAM,PAK,8614.1,capital
NAM,PAN,11062.7,capital
NAM,PCN,13645.5,capital
NAM,PER,9910.1,capital
NAM,PHL,12025.0,capital
NAM,PLW,13149.5,capital
NAM,PNG,13515.1,capital
NAM,POL,8325.0,capital
NAM,PRI,10119.9,capital
NAM,PRK,13133.9,capital
NAM,PRT,7342.2,capital
NAM,PRY,7498.1,capital
NAM,PSE,6355.1,capital
NAM,PYF,15326.4,capital
NAM,QAT,6488.3,capital
NAM,REU,3957.0,capital
NAM,ROU,7505.5,capital
NAM,RUS,8922.0,capital
NAM,RWA,2686.0,capital
NAM,SAU,6150.8,capital
NAM,SDN,4559.4,capital
NAM,SEN,5594.3,capital
NAM,SGP,9730.7,capital
NAM,SGS,5690.7,centroid
NAM,SHN,2501.4,capital
NAM,SJM,11206.9,capital
NAM,SLB,14628.7,capital
NAM,SLE,4777.0,capital
NAM,SLV,12232.5,capital
NAM,SMR,7390.5,centroid
NAM,SOM,4107.6,capital
NAM,SPM,10629.2,capital
NAM,SRB,7498.3,capital
NAM,SSD,3431.5,capital
NAM,STP,2781.9,capital
NAM,SUR,8457.9,capital
NAM,SVK,7862.3,capital
NAM,SVN,7633.6,capital
NAM,SWE,9106.1,capital
NAM,SWZ,1491.8,capital
NAM,SXM,9804.8,capital
NAM,SYC,4579.8,capital
NAM,SYR,6558.4,capital
NAM,TCA,10733.8,capital
NAM,TCD,3861.1,capital
NAM,TGO,3626.9,capital
NAM,THA,9933.6,capital
NAM,TJK,8667.8,capital
NAM,TKL,16369.0,centroid
NAM,TKM,7991.8,capital
NAM,TLS,11502.6,capital
NAM,TON,15104.3,centroid
NAM,TTO,9316.0,capital
NAM,TUN,6642.3,capital
NAM,TUR,7137.5,capital
NAM,TUV,16047.4,capital
NAM,TWN,12429.9,capital
NAM,TZA,2706.2,capital
NAM,UGA,3047.4,capital
NAM,UKR,8225.8,capital
NAM,UMI,16837.4,centroid
NAM,UNK,7265.6,capital
NAM,URY,7122.5,capital
NAM,USA,13590.1,centroid
NAM,UZB,8899.4,capital
NAM,VAT,7183.7,capital
NAM,VCT,9402.2,capital
NAM,VEN,9843.9,capital
NAM,VGB,9974.7,capital
NAM,VIR,10000.8,capital
NAM,VNM,10767.2,capital
NAM,VUT,14620.1,centroid
NAM,WLF,15776.0,capital
NAM,WSM,15855.1,capital
NAM,YEM,5364.3,centroid
NAM,ZAF,1180.5,capital
NAM,ZMB,1420.4,capital
NAM,ZWE,1549.0,capital
NCL,NER,18095.1,capital
NCL,NFK,769.1,capital
NCL,NGA,17330.9,capital
NCL,NIC,12276.9,capital
NCL,NIU,2482.0,capital
NCL,NLD,16316.2,capital
NCL,NOR,15418.1,capital
NCL,NPL,10325.2,capital
NCL,NRU,2416.1,capital
NCL,NZL,2253.1,capital
NCL,OMN,12729.1,capital
NCL,PAK,11657.8,capital
NCL,PAN,12849.8,capital
NCL,PCN,6409.1,capital
NCL,PER,12116.8,capital
NCL,PHL,6430.2,capital
NCL,PLW,4793.5,capital
NCL,PNG,2501.9,capital
NCL,POL,15570.6,capital
NCL,PRI,14546.9,capital
NCL,PRK,8024.3,capital
NCL,PRT,18138.5,capital
NCL,PRY,12903.1,capital
NCL,PSE,15112.4,capital
NCL,PYF,4613.1,capital
NCL,QAT,13450.0,capital
NCL,REU,11126.4,capital
NCL,ROU,15647.5,capital
NCL,RUS,14431.0,capital
NCL,RWA,14572.3,capital
NCL,SAU,13912.3,capital
NCL,SDN,15128.4,capital
NCL,SEN,19077.7,capital
NCL,SGP,7265.4,capital
NCL,SGS,11189.2,centroid
NCL,SHN,15682.7,capital
NCL,SJM,13611.0,capital
NCL,SLB,1587.3,capital
NCL,SLE,18481.7,capital
NCL,SLV,12034.1,capital
NCL,SMR,16640.8,centroid
NCL,SOM,13279.1,capital
NCL,SPM,15338.7,capital
NCL,SRB,16037.2,capital
NCL,SSD,14793.6,capital
NCL,STP,16733.2,capital
NCL,SUR,15192.7,capital
NCL,SVK,16060.4,capital
NCL,SVN,16357.1,capital
NCL,SWE,15202.3,capital
NCL,SWZ,12764.6,capital
NCL,SXM,14848.8,capital
NCL,SYC,11948.2,capital
NCL,SYR,15008.9,capital
NCL,TCA,14109.4,capital
NCL,TCD,16781.4,capital
NCL,TGO,17619.7,capital
NCL,THA,8224.5,capital
NCL,TJK,12168.7,capital
NCL,TKL,2733.1,centroid
NCL,TKM,13048.4,capital
NCL,TLS,4620.6,capital
NCL,TON,1939.3,centroid
NCL,TTO,14763.2,capital
NCL,TUN,17221.4,capital
NCL,TUR,15245.5,capital
NCL,TUV,2047.6,capital
NCL,TWN,7154.0,capital
NCL,TZA,13789.0,capital
NCL,UGA,14460.1,capital
NCL,UKR,15088.0,capital
NCL,UMI,4622.9,centroid
NCL,UNK,16090.1,capital
NCL,URY,12227.4,capital
NCL,USA,12059.6,centroid
NCL,UZB,12201.2,capital
NCL,VAT,16758.2,capital
NCL,VCT,14885.4,capital
NCL,VEN,14206.9,capital
NCL,VGB,14697.9,capital
NCL,VIR,14663.9,capital
NCL,VNM,8146.7,capital
NCL,VUT,700.0,centroid
NCL,WLF,2091.3,capital
NCL,WSM,2483.2,capital
NCL,YEM,13520.7,centroid
NCL,ZAF,13033.7,capital
NCL,ZMB,13824.9,capital
NCL,ZWE,13425.8,capital
NER,NFK,17753.9,capital
NER,NGA,768.2,capital
NER,NIC,9520.9,capital
NER,NIU,18965.2,capital
NER,NLD,4328.2,capital
NER,NOR,5207.8,capital
NER,NPL,8657.0,capital
NER,NRU,17807.6,capital
NER,NZL,16846.1,capital
NER,OMN,6003.3,capital
NER,PAK,7428.1,capital
NER,PAN,8878.2,capital
NER,PCN,14865.5,capital
NER,PER,9174.2,capital
NER,PHL,12597.4,capital
NER,PLW,14275.7,capital
NER,PNG,16182.8,capital
NER,POL,4622.4,capital
NER,PRI,7272.2,capital
NER,PRK,11757.8,capital
NER,PRT,3014.4,capital
NER,PRY,7777.1,capital
NER,PSE,3937.3,capital
NER,PYF,16951.0,capital
NER,QAT,5315.3,capital
NER,REU,6968.7,capital
NER,ROU,4122.1,capital
NER,RUS,5594.5,capital
NER,RWA,3529.1,capital
NER,SAU,4826.5,capital
NER,SDN,3279.7,capital
NER,SEN,2112.2,capital
NER,SGP,11241.9,capital
NER,SGS,8411.7,centroid
NER,SHN,3384.6,capital
NER,SJM,7234.2,capital
NER,SLB,17559.2,capital
NER,SLE,1765.0,capital
NER,SLV,9791.4,capital
NER,SMR,3504.6,centroid
NER,SOM,4920.8,capital
NER,SPM,6521.3,capital
NER,SRB,3888.5,capital
NER,SSD,3371.4,capital
NER,STP,1551.0,capital
NER,SUR,6322.1,capital
NER,SVK,4092.3,capital
NER,SVN,3800.3,capital
NER,SWE,5262.2,capital
NER,SWZ,5445.1,capital
NER,SXM,6956.6,capital
NER,SYC,6222.6,capital
NER,SYR,4103.2,capital
NER,TCA,7754.9,capital
NER,TCD,1411.0,capital
NER,TGO,826.9,capital
NER,THA,10532.3,capital
NER,TJK,7056.6,capital
NER,TKL,19200.1,centroid
NER,TKM,6148.1,capital
NER,TLS,13832.5,capital
NER,TON,19231.0,centroid
NER,TTO,6907.0,capital
NER,TUN,2712.5,capital
NER,TUR,4195.9,capital
NER,TUV,19375.6,capital
NER,TWN,12175.0,capital
NER,TZA,4310.0,capital
NER,UGA,3662.2,capital
NER,UKR,4843.4,capital
NER,UMI,15992.0,centroid
NER,UNK,3722.7,capital
NER,URY,8164.1,capital
NER,USA,9863.8,centroid
NER,UZB,7116.0,capital
NER,VAT,3310.9,capital
NER,VCT,6832.0,capital
NER,VEN,7487.4,capital
NER,VGB,7117.1,capital
NER,VIR,7150.6,capital
NER,VNM,10848.4,capital
NER,VUT,18367.5,centroid
NER,WLF,19827.7,capital
NER,WSM,19352.5,capital
NER,YEM,4939.7,centroid
NER,ZAF,5198.7,capital
NER,ZMB,4316.3,capital
NER,ZWE,4714.5,capital
NFK,NGA,16999.5,capital
NFK,NIC,12180.7,capital
NFK,NIU,2499.6,capital
NFK,NLD,17072.2,capital
NFK,NOR,16180.3,capital
NFK,NPL,10816.9,capital
NFK,NRU,3171.4,capital
NFK,NZL,1493.1,capital
NFK,OMN,13070.8,capital
NFK,PAK,12163.7,capital
NFK,PAN,12674.7,capital
NFK,PCN,6078.8,capital
NFK,PER,11683.6,capital
NFK,PHL,7000.7,capital
NFK,PLW,5409.9,capital
NFK,PNG,3073.0,capital
NFK,POL,16276.3,capital
NFK,PRI,14435.0,capital
NFK,PRK,8743.7,capital
NFK,PRT,18907.5,capital
NFK,PRY,12254.7,capital
NFK,PSE,15512.7,capital
NFK,PYF,4495.5,capital
NFK,QAT,13789.1,capital
NFK,REU,10900.2,capital
NFK,ROU,16256.1,capital
NFK,RUS,15128.1,capital
NFK,RWA,14364.3,capital
NFK,SAU,14226.1,capital
NFK,SDN,15222.8,capital
NFK,SEN,18324.2,capital
NFK,SGP,7588.9,capital
NFK,SGS,10420.8,centroid
NFK,SHN,14967.8,capital
NFK,SJM,14377.8,capital
NFK,SLB,2336.4,capital
NFK,SLE,17724.6,capital
NFK,SLV,11973.9,capital
NFK,SMR,17300.7,centroid
NFK,SOM,13257.1,capital
NFK,SPM,15743.0,capital
NFK,SRB,16670.4,capital
NFK,SSD,14699.6,capital
NFK,STP,16251.7,capital
NFK,SUR,14808.4,capital
NFK,SVK,16745.3,capital
NFK,SVN,17032.4,capital
NFK,SWE,15952.4,capital
NFK,SWZ,12310.8,capital
NFK,SXM,14713.3,capital
NFK,SYC,11911.9,capital
NFK,SYR,15437.0,capital
NFK,TCA,14070.5,capital
NFK,TCD,16639.4,capital
NFK,TGO,17110.4,capital
NFK,THA,8659.9,capital
NFK,TJK,12711.1,capital
NFK,TKL,3056.3,centroid
NFK,TKM,13564.1,capital
NFK,TLS,4971.4,capital
NFK,TON,1992.3,centroid
NFK,TTO,14498.6,capital
NFK,TUN,17777.6,capital
NFK,TUR,15775.5,capital
NFK,TUV,2566.7,capital
NFK,TWN,7796.9,capital
NFK,TZA,13580.5,capital
NFK,UGA,14308.2,capital
NFK,UKR,15753.0,capital
NFK,UMI,5378.7,centroid
NFK,UNK,16691.3,capital
NFK,URY,11528.6,capital
NFK,USA,12349.9,centroid
NFK,UZB,12770.8,capital
NFK,VAT,17392.1,capital
NFK,VCT,14657.8,capital
NFK,VEN,13975.5,capital
NFK,VGB,14577.7,capital
NFK,VIR,14543.9,capital
NFK,VNM,8677.4,capital
NFK,VUT,1455.0,centroid
NFK,WLF,2398.6,capital
NFK,WSM,2687.1,capital
NFK,YEM,13698.3,centroid
NFK,ZAF,12561.8,capital
NFK,ZMB,13443.3,capital
NFK,ZWE,13046.2,capital
NGA,NIC,10198.6,capital
NGA,NIU,18869.3,capital
NGA,NLD,4822.3,capital
NGA,NOR,5661.3,capital
NGA,NPL,8347.8,capital
NGA,NRU,17549.4,capital
NGA,NZL,16219.4,capital
NGA,OMN,5635.6,capital
NGA,PAK,7194.1,capital
NGA,PAN,9526.7,capital
NGA,PCN,15195.3,capital
NGA,PER,9629.3,capital
NGA,PHL,12225.6,capital
NGA,PLW,13874.9,capital
NGA,PNG,15589.8,capital
NGA,POL,4954.5,capital
NGA,PRI,7970.5,capital
NGA,PRK,11709.9,capital
NGA,PRT,3693.2,capital
NGA,PRY,8012.1,capital
NGA,PSE,3821.5,capital
NGA,PYF,17363.4,capital
NGA,QAT,4985.2,capital
NGA,REU,6206.9,capital
NGA,ROU,4322.8,capital
NGA,RUS,5821.0,capital
NGA,RWA,2783.7,capital
NGA,SAU,4499.3,capital
NGA,SDN,2811.7,capital
NGA,SEN,2783.1,capital
NGA,SGP,10682.5,capital
NGA,SGS,8193.6,centroid
NGA,SHN,3135.8,capital
NGA,SJM,7704.7,capital
NGA,SLB,16992.5,capital
NGA,SLE,2278.8,capital
NGA,SLV,10481.9,capital
NGA,SMR,3888.8,centroid
NGA,SOM,4257.6,capital
NGA,SPM,7283.6,capital
NGA,SRB,4165.8,capital
NGA,SSD,2698.6,capital
NGA,STP,973.3,capital
NGA,SUR,6910.3,capital
NGA,SVK,4439.3,capital
NGA,SVN,4167.4,capital
NGA,SWE,5660.5,capital
NGA,SWZ,4706.9,capital
NGA,SXM,7650.7,capital
NGA,SYC,5529.1,capital
NGA,SYR,4008.8,capital
NGA,TCA,8472.1,capital
NGA,TCD,892.0,capital
NGA,TGO,764.3,capital
NGA,THA,10089.6,capital
NGA,TJK,6895.9,capital
NGA,TKL,19959.3,centroid
NGA,TKM,6002.4,capital
NGA,TLS,13219.5,capital
NGA,TON,18769.2,centroid
NGA,TTO,7546.8,capital
NGA,TUN,3098.6,capital
NGA,TUR,4252.1,capital
NGA,TUV,19101.0,capital
NGA,TWN,11933.1,capital
NGA,TZA,3559.0,capital
NGA,UGA,2942.5,capital
NGA,UKR,5067.1,capital
NGA,UMI,16120.4,centroid
NGA,UNK,3968.3,capital
NGA,URY,8272.6,capital
NGA,USA,10632.0,centroid
NGA,UZB,6994.4,capital
NGA,VAT,3684.4,capital
NGA,VCT,7491.2,capital
NGA,VEN,8131.6,capital
NGA,VGB,7814.4,capital
NGA,VIR,7847.6,capital
NGA,VNM,10500.6,capital
NGA,VUT,17662.3,centroid
NGA,WLF,19398.0,capital
NGA,WSM,19478.0,capital
NGA,YEM,4447.9,centroid
NGA,ZAF,4470.6,capital
NGA,ZMB,3556.2,capital
NGA,ZWE,3953.5,capital
NIC,NIU,9795.4,capital
NIC,NLD,9018.7,capital
NIC,NOR,9227.3,capital
NIC,NPL,15493.5,capital
NIC,NRU,11848.7,capital
NIC,NZL,11638.9,capital
NIC,OMN,14488.7,capital
NIC,PAK,14465.1,capital
NIC,PAN,814.2,capital
NIC,PCN,6300.4,capital
NIC,PER,2874.5,capital
NIC,PHL,15791.8,capital
NIC,PLW,14996.8,capital
NIC,PNG,14183.6,capital
NIC,POL,10081.2,capital
NIC,PRI,2270.4,capital
NIC,PRK,13429.3,capital
NIC,PRT,8054.6,capital
NIC,PRY,5188.4,capital
NIC,PSE,12096.6,capital
NIC,PYF,7693.5,capital
NIC,QAT,13832.1,capital
NIC,REU,15828.8,capital
NIC,ROU,10763.7,capital
NIC,RUS,10856.7,capital
NIC,RWA,12911.7,capital
NIC,SAU,13474.5,capital
NIC,SDN,12609.5,capital
NIC,SEN,7419.1,capital
NIC,SGP,18151.8,capital
NIC,SGS,8728.1,centroid
NIC,SHN,9388.7,capital
NIC,SJM,8954.0,capital
NIC,SLB,12794.6,capital
NIC,SLE,7976.0,capital
NIC,SLV,362.3,capital
NIC,SMR,9759.1,centroid
NIC,SOM,14441.7,capital
NIC,SPM,4770.2,capital
NIC,SRB,10335.2,capital
NIC,SSD,12889.3,capital
NIC,STP,10323.6,capital
NIC,SUR,3481.3,capital
NIC,SVK,9970.2,capital
NIC,SVN,9850.2,capital
NIC,SWE,9641.4,capital
NIC,SWZ,13322.2,capital
NIC,SXM,2573.7,capital
NIC,SYC,15725.2,capital
NIC,SYR,12099.3,capital
NIC,TCA,1911.6,capital
NIC,TCD,10922.6,capital
NIC,TGO,9591.1,capital
NIC,THA,17041.9,capital
NIC,TJK,13812.2,capital
NIC,TKL,9761.0,centroid
NIC,TKM,13339.1,capital
NIC,TLS,16513.4,capital
NIC,TON,10337.9,centroid
NIC,TTO,2699.8,capital
NIC,TUN,9762.2,capital
NIC,TUR,11485.1,capital
NIC,TUV,10696.6,capital
NIC,TWN,14899.8,capital
NIC,TZA,13623.1,capital
NIC,UGA,13127.1,capital
NIC,UKR,10763.2,capital
NIC,UMI,11304.1,centroid
NIC,UNK,10471.1,capital
NIC,URY,6114.9,capital
NIC,USA,3067.8,centroid
NIC,UZB,13565.8,capital
NIC,VAT,9814.8,capital
NIC,VCT,2716.2,capital
NIC,VEN,2119.6,capital
NIC,VGB,2421.0,capital
NIC,VIR,2387.0,capital
NIC,VNM,16098.6,capital
NIC,VUT,12141.8,centroid
NIC,WLF,10307.3,capital
NIC,WSM,9854.9,capital
NIC,YEM,14143.7,centroid
NIC,ZAF,13021.4,capital
NIC,ZMB,12961.8,capital
NIC,ZWE,13279.4,capital
NIU,NLD,16282.6,capital
NIU,NOR,15471.4,capital
NIU,NPL,12387.7,capital
NIU,NRU,3256.7,capital
NIU,NZL,2866.8,capital
NIU,OMN,15006.4,capital
NIU,PAK,13631.2,capital
NIU,PAN,10374.4,capital
NIU,PCN,4142.8,capital
NIU,PER,9870.7,capital
NIU,PHL,8437.0,capital
NIU,PLW,6754.0,capital
NIU,PNG,4734.2,capital
NIU,POL,16205.4,capital
NIU,PRI,12065.7,capital
NIU,PRK,9289.2,capital
NIU,PRT,17148.7,capital
NIU,PRY,11189.7,capital
NIU,PSE,17127.7,capital
NIU,PYF,2154.0,capital
NIU,QAT,15707.7,capital
NIU,REU,13373.3,capital
NIU,ROU,16825.3,capital
NIU,RUS,15329.5,capital
NIU,RWA,16818.1,capital
NIU,SAU,16193.8,capital
NIU,SDN,17601.8,capital
NIU,SEN,17049.7,capital
NIU,SGP,9658.4,capital
NIU,SGS,10697.1,centroid
NIU,SHN,15759.0,capital
NIU,SJM,13428.9,capital
NIU,SLB,3412.4,capital
NIU,SLE,17241.1,capital
NIU,SLV,9557.1,capital
NIU,SMR,17258.4,centroid
NIU,SOM,15737.0,capital
NIU,SPM,13332.4,capital
NIU,SRB,16994.6,capital
NIU,SSD,17199.0,capital
NIU,STP,17902.2,capital
NIU,SUR,12818.7,capital
NIU,SVK,16718.3,capital
NIU,SVN,16985.7,capital
NIU,SWE,15490.6,capital
NIU,SWZ,14464.0,capital
NIU,SXM,12366.8,capital
NIU,SYC,14395.3,capital
NIU,SYR,16961.2,capital
NIU,TCA,11641.6,capital
NIU,TCD,19077.6,capital
NIU,TGO,18287.4,capital
NIU,THA,10459.4,capital
NIU,TJK,14008.4,capital
NIU,TKL,1140.1,centroid
NIU,TKM,14916.9,capital
NIU,TLS,7027.5,capital
NIU,TON,542.7,centroid
NIU,TTO,12310.4,capital
NIU,TUN,18039.6,capital
NIU,TUR,16833.7,capital
NIU,TUV,1657.7,capital
NIU,TWN,8887.9,capital
NIU,TZA,16044.2,capital
NIU,UGA,16796.0,capital
NIU,UKR,16084.3,capital
NIU,UMI,4972.8,centroid
NIU,UNK,17189.5,capital
NIU,URY,10807.2,capital
NIU,USA,9894.2,centroid
NIU,UZB,13947.8,capital
NIU,VAT,17464.4,capital
NIU,VCT,12417.2,capital
NIU,VEN,11743.6,capital
NIU,VGB,12216.4,capital
NIU,VIR,12182.4,capital
NIU,VNM,10189.5,capital
NIU,VUT,2468.8,centroid
NIU,WLF,926.0,capital
NIU,WSM,612.9,capital
NIU,YEM,15965.9,centroid
NIU,ZAF,14663.2,capital
NIU,ZMB,15696.3,capital
NIU,ZWE,15317.6,capital
NLD,NOR,912.6,capital
NLD,NPL,6976.3,capital
NLD,NRU,14014.8,capital
NLD,NZL,18564.9,capital
NLD,OMN,5503.3,capital
NLD,PAK,5676.5,capital
NLD,PAN,8837.9,capital
NLD,PCN,15188.7,capital
NLD,PER,10526.1,capital
NLD,PHL,10390.9,capital
NLD,PLW,11839.0,capital
NLD,PNG,14160.1,capital
NLD,POL,1094.1,capital
NLD,PRI,7108.9,capital
NLD,PRK,8361.4,capital
NLD,PRT,1863.4,capital
NLD,PRY,10541.6,capital
NLD,PSE,3336.7,capital
NLD,PYF,15545.7,capital
NLD,QAT,4911.4,capital
NLD,REU,9497.1,capital
NLD,ROU,1788.4,capital
NLD,RUS,2147.7,capital
NLD,RWA,6484.2,capital
NLD,SAU,4661.0,capital
NLD,SDN,4762.6,capital
NLD,SEN,4632.1,capital
NLD,SGP,10500.1,capital
NLD,SGS,12496.9,centroid
NLD,SHN,7663.1,capital
NLD,SJM,2906.1,capital
NLD,SLB,14736.0,capital
NLD,SLE,5149.5,capital
NLD,SLV,9078.8,capital
NLD,SMR,1107.2,centroid
NLD,SOM,6727.4,capital
NLD,SPM,4313.6,capital
NLD,SRB,1416.7,capital
NLD,SSD,5824.0,capital
NLD,STP,5788.7,capital
NLD,SUR,7496.0,capital
NLD,SVK,985.7,capital
NLD,SVN,989.4,capital
NLD,SWE,1125.4,capital
NLD,SWZ,9132.5,capital
NLD,SXM,6939.5,capital
NLD,SYC,7913.9,capital
NLD,SYR,3262.4,capital
NLD,TCA,7197.4,capital
NLD,TCD,4568.9,capital
NLD,TGO,5153.2,capital
NLD,THA,9174.9,capital
NLD,TJK,5035.3,capital
NLD,TKL,15183.9,centroid
NLD,TKM,4373.7,capital
NLD,TLS,12810.8,capital
NLD,TON,16415.2,centroid
NLD,TTO,7477.9,capital
NLD,TUN,1778.2,capital
NLD,TUR,2536.3,capital
NLD,TUV,15111.9,capital
NLD,TWN,9449.8,capital
NLD,TZA,7133.7,capital
NLD,UGA,6335.8,capital
NLD,UKR,1781.0,capital
NLD,UMI,11851.6,centroid
NLD,UNK,1623.5,capital
NLD,URY,11362.3,capital
NLD,USA,7465.5,centroid
NLD,UZB,4875.7,capital
NLD,VAT,1295.7,capital
NLD,VCT,7239.4,capital
NLD,VEN,7851.6,capital
NLD,VGB,7011.7,capital
NLD,VIR,7039.9,capital
NLD,VNM,8881.1,capital
NLD,VUT,15674.9,centroid
NLD,WLF,15667.2,capital
NLD,WSM,15719.2,capital
NLD,YEM,5620.2,centroid
NLD,ZAF,8977.1,capital
NLD,ZMB,7866.6,capital
NLD,ZWE,8205.1,capital
NOR,NPL,6521.4,capital
NOR,NRU,13102.5,capital
NOR,NZL,17671.2,capital
NOR,OMN,5452.2,capital
NOR,PAK,5293.8,capital
NOR,PAN,9157.9,capital
NOR,PCN,15116.9,capital
NOR,PER,11041.0,capital
NOR,PHL,9686.5,capital
NOR,PLW,11057.8,capital
NOR,PNG,13347.7,capital
NOR,POL,1063.2,capital
NOR,PRI,7508.8,capital
NOR,PRK,7522.1,capital
NOR,PRT,2738.1,capital
NOR,PRY,11307.8,capital
NOR,PSE,3598.9,capital
NOR,PYF,15044.5,capital
NOR,QAT,4952.3,capital
NOR,REU,9851.5,capital
NOR,ROU,2004.0,capital
NOR,RUS,1643.8,capital
NOR,RWA,7080.8,capital
NOR,SAU,4793.9,capital
NOR,SDN,5239.6,capital
NOR,SEN,5525.6,capital
NOR,SGP,10056.4,capital
NOR,SGS,13407.4,centroid
NOR,SHN,8562.3,capital
NOR,SJM,2043.6,capital
NOR,SLB,13845.4,capital
NOR,SLE,6059.9,capital
NOR,SLV,9236.4,capital
NOR,SMR,1798.9,centroid
NOR,SOM,7082.5,capital
NOR,SPM,4457.2,capital
NOR,SRB,1800.6,capital
NOR,SSD,6373.0,capital
NOR,STP,6633.5,capital
NOR,SUR,8119.9,capital
NOR,SVK,1371.0,capital
NOR,SVN,1561.1,capital
NOR,SWE,416.6,capital
NOR,SWZ,9785.4,capital
NOR,SXM,7380.1,capital
NOR,SYC,8163.4,capital
NOR,SYR,3475.8,capital
NOR,TCA,7507.5,capital
NOR,TCD,5327.6,capital
NOR,TGO,6034.6,capital
NOR,THA,8673.9,capital
NOR,TJK,4636.5,capital
NOR,TKL,14349.2,centroid
NOR,TKM,4115.8,capital
NOR,TLS,12196.9,capital
NOR,TON,15553.5,centroid
NOR,TTO,7997.9,capital
NOR,TUN,2568.2,capital
NOR,TUR,2701.1,capital
NOR,TUV,14219.5,capital
NOR,TWN,8690.4,capital
NOR,TZA,7670.1,capital
NOR,UGA,6889.4,capital
NOR,UKR,1626.8,capital
NOR,UMI,10940.3,centroid
NOR,UNK,2043.6,capital
NOR,URY,12177.3,capital
NOR,USA,7300.0,centroid
NOR,UZB,4431.0,capital
NOR,VAT,2006.0,capital
NOR,VCT,7743.1,capital
NOR,VEN,8311.1,capital
NOR,VGB,7429.8,capital
NOR,VIR,7455.1,capital
NOR,VNM,8273.2,capital
NOR,VUT,14768.1,centroid
NOR,WLF,14798.9,capital
NOR,WSM,14887.2,capital
NOR,YEM,5832.8,centroid
NOR,ZAF,9657.2,capital
NOR,ZMB,8522.7,capital
NOR,ZWE,8837.1,capital
NPL,NRU,9210.4,capital
NPL,NZL,11951.4,capital
NPL,OMN,2730.8,capital
NPL,PAK,1349.7,capital
NPL,PAN,15620.6,capital
NPL,PCN,16486.4,capital
NPL,PER,17484.1,capital
NPL,PHL,3956.2,capital
NPL,PLW,5640.2,capital
NPL,PNG,7826.3,capital
NPL,POL,5887.4,capital
NPL,PRI,14030.1,capital
NPL,PRK,3924.0,capital
NPL,PRT,8483.3,capital
NPL,PRY,16333.6,capital
NPL,PSE,4816.0,capital
NPL,PYF,14314.0,capital
NPL,QAT,3363.0,capital
NPL,REU,6284.9,capital
NPL,ROU,5507.6,capital
NPL,RUS,4890.3,capital
NPL,RWA,6756.7,capital
NPL,SAU,3850.3,capital
NPL,SDN,5578.9,capital
NPL,SEN,10462.2,capital
NPL,SGP,3537.9,capital
NPL,SGS,14543.7,centroid
NPL,SHN,10921.6,capital
NPL,SJM,6539.6,capital
NPL,SLB,9014.0,capital
NPL,SLE,10400.7,capital
NPL,SLV,15374.7,capital
NPL,SMR,6601.4,centroid
NPL,SOM,5115.8,capital
NPL,SPM,10875.0,capital
NPL,SRB,5951.4,capital
NPL,SSD,6212.1,capital
NPL,STP,8868.2,capital
NPL,SUR,14365.9,capital
NPL,SVK,6178.2,capital
NPL,SVN,6398.9,capital
NPL,SWE,6108.7,capital
NPL,SWZ,8349.4,capital
NPL,SXM,13894.7,capital
NPL,SYC,4813.9,capital
NPL,SYR,4693.6,capital
NPL,TCA,13991.4,capital
NPL,TCD,7457.5,capital
NPL,TGO,9111.8,capital
NPL,THA,2208.7,capital
NPL,TJK,1950.2,capital
NPL,TKL,11714.1,centroid
NPL,TKM,2749.7,capital
NPL,TLS,5915.6,capital
NPL,TON,11941.3,centroid
NPL,TTO,14451.6,capital
NPL,TUN,6960.9,capital
NPL,TUR,4959.5,capital
NPL,TUV,10825.6,capital
NPL,TWN,3606.0,capital
NPL,TZA,6518.0,capital
NPL,UGA,6383.8,capital
NPL,UKR,5213.6,capital
NPL,UMI,8200.4,centroid
NPL,UNK,5916.7,capital
NPL,URY,16295.2,capital
NPL,USA,12705.4,centroid
NPL,UZB,2103.3,capital
NPL,VAT,6637.8,capital
NPL,VCT,14215.7,capital
NPL,VEN,14819.4,capital
NPL,VGB,13950.1,capital
NPL,VIR,13975.7,capital
NPL,VNM,2203.6,capital
NPL,VUT,10039.2,centroid
NPL,WLF,11513.9,capital
NPL,WSM,11970.5,capital
NPL,YEM,4095.2,centroid
NPL,ZAF,8523.3,capital
NPL,ZMB,7790.8,capital
NPL,ZWE,7730.0,capital
NRU,NZL,4597.9,capital
NRU,OMN,11914.7,capital
NRU,PAK,10400.5,capital
NRU,PAN,12602.9,capital
NRU,PCN,7276.5,capital
NRU,PER,12821.2,capital
NRU,PHL,5326.0,capital
NRU,PLW,3692.2,capital
NRU,PNG,2402.6,capital
NRU,POL,13453.1,capital
NRU,PRI,13898.3,capital
NRU,PRK,6076.3,capital
NRU,PRT,15751.5,capital
NRU,PRY,14432.0,capital
NRU,PSE,13872.0,capital
NRU,PYF,5116.7,capital
NRU,QAT,12572.7,capital
NRU,REU,12208.3,capital
NRU,ROU,13796.1,capital
NRU,RUS,12384.1,capital
NRU,RWA,15211.5,capital
NRU,SAU,13060.6,capital
NRU,SDN,14741.3,capital
NRU,SEN,18370.8,capital
NRU,SGP,7016.1,capital
NRU,SGS,13513.6,centroid
NRU,SHN,18012.9,capital
NRU,SJM,11215.0,capital
NRU,SLB,1253.5,capital
NRU,SLE,19132.4,capital
NRU,SLV,11521.9,capital
NRU,SMR,14587.0,centroid
NRU,SOM,13519.1,capital
NRU,SPM,13394.9,capital
NRU,SRB,14092.4,capital
NRU,SSD,15033.4,capital
NRU,STP,17812.8,capital
NRU,SUR,15306.8,capital
NRU,SVK,13980.0,capital
NRU,SVN,14284.7,capital
NRU,SWE,12944.5,capital
NRU,SWZ,14404.4,capital
NRU,SXM,14224.0,capital
NRU,SYC,12381.4,capital
NRU,SYR,13704.6,capital
NRU,TCA,13312.2,capital
NRU,TCD,16657.7,capital
NRU,TGO,18311.8,capital
NRU,THA,7481.4,capital
NRU,TJK,10753.5,capital
NRU,TKL,2515.1,centroid
NRU,TKM,11661.2,capital
NRU,TLS,4664.8,capital
NRU,TON,2923.3,centroid
NRU,TTO,14546.1,capital
NRU,TUN,15327.4,capital
NRU,TUR,13638.7,capital
NRU,TUV,1622.5,capital
NRU,TWN,5648.9,capital
NRU,TZA,14546.0,capital
NRU,UGA,14938.4,capital
NRU,UKR,13113.8,capital
NRU,UMI,2207.5,centroid
NRU,UNK,14221.9,capital
NRU,URY,14053.0,capital
NRU,USA,10577.3,centroid
NRU,UZB,10691.6,capital
NRU,VAT,14754.2,capital
NRU,VCT,14530.7,capital
NRU,VEN,13968.3,capital
NRU,VGB,14051.8,capital
NRU,VIR,14022.2,capital
NRU,VNM,7049.0,capital
NRU,VUT,1717.9,centroid
NRU,WLF,2338.6,capital
NRU,WSM,2771.3,capital
NRU,YEM,13122.3,centroid
NRU,ZAF,14709.9,capital
NRU,ZMB,15137.7,capital
NRU,ZWE,14774.5,capital
NZL,OMN,13870.4,capital
NZL,PAK,13294.9,capital
NZL,PAN,11975.7,capital
NZL,PCN,5340.6,capital
NZL,PER,10593.3,capital
NZL,PHL,8311.0,capital
NZL,PLW,6794.0,capital
NZL,PNG,4455.0,capital
NZL,POL,17694.6,capital
NZL,PRI,13762.3,capital
NZL,PRK,10216.4,capital
NZL,PRT,19576.0,capital
NZL,PRY,10854.1,capital
NZL,PSE,16294.6,capital
NZL,PYF,4297.7,capital
NZL,QAT,14551.7,capital
NZL,REU,10701.1,capital
NZL,ROU,17453.5,capital
NZL,RUS,16547.3,capital
NZL,RWA,14032.6,capital
NZL,SAU,14915.8,capital
NZL,SDN,15403.2,capital
NZL,SEN,16831.7,capital
NZL,SGP,8524.7,capital
NZL,SGS,8943.6,centroid
NZL,SHN,13653.3,capital
NZL,SJM,15802.4,capital
NZL,SLB,3829.5,capital
NZL,SLE,16283.5,capital
NZL,SLV,11505.4,capital
NZL,SMR,18546.4,centroid
NZL,SOM,13346.5,capital
NZL,SPM,15968.7,capital
NZL,SRB,17900.4,capital
NZL,SSD,14560.0,capital
NZL,STP,15305.5,capital
NZL,SUR,13706.3,capital
NZL,SVK,18101.7,capital
NZL,SVN,18347.3,capital
NZL,SWE,17442.6,capital
NZL,SWZ,11598.8,capital
NZL,SXM,13986.4,capital
NZL,SYC,12039.9,capital
NZL,SYR,16284.5,capital
NZL,TCA,13542.2,capital
NZL,TCD,16218.1,capital
NZL,TGO,16053.7,capital
NZL,THA,9746.6,capital
NZL,TJK,13895.3,capital
NZL,TKL,3818.4,centroid
NZL,TKM,14678.0,capital
NZL,TLS,6036.6,capital
NZL,TON,2556.5,centroid
NZL,TTO,13580.7,capital
NZL,TUN,18598.8,capital
NZL,TUR,16822.6,capital
NZL,TUV,3668.9,capital
NZL,TWN,9190.5,capital
NZL,TZA,13293.3,capital
NZL,UGA,14085.9,capital
NZL,UKR,17099.3,capital
NZL,UMI,6789.1,centroid
NZL,UNK,17837.0,capital
NZL,URY,10074.9,capital
NZL,USA,12545.3,centroid
NZL,UZB,14001.9,capital
NZL,VAT,18546.0,capital
NZL,VCT,13789.0,capital
NZL,VEN,13131.4,capital
NZL,VGB,13883.2,capital
NZL,VIR,13851.6,capital
NZL,VNM,9909.5,capital
NZL,VUT,2909.2,centroid
NZL,WLF,3235.4,capital
NZL,WSM,3318.9,capital
NZL,YEM,14149.7,centroid
NZL,ZAF,11804.7,capital
NZL,ZMB,12830.3,capital
NZL,ZWE,12454.2,capital
OMN,PAK,1815.9,capital
OMN,PAN,14182.4,capital
OMN,PCN,19137.5,capital
OMN,PER,15147.6,capital
OMN,PHL,6602.6,capital
OMN,PLW,8274.2,capital
OMN,PNG,10301.0,capital
OMN,POL,4485.5,capital
OMN,PRI,12393.5,capital
OMN,PRK,6477.5,capital
OMN,PRT,6499.3,capital
OMN,PRY,13603.0,capital
OMN,PSE,2457.0,capital
OMN,PYF,17031.2,capital
OMN,QAT,721.3,capital
OMN,REU,4954.8,capital
OMN,ROU,3732.3,capital
OMN,RUS,3960.6,capital
OMN,RWA,4178.9,capital
OMN,SAU,1191.8,capital
OMN,SDN,2848.9,capital
OMN,SEN,7944.6,capital
OMN,SGP,5483.9,capital
OMN,SGS,12462.6,centroid
OMN,SHN,8233.9,capital
OMN,SJM,6456.2,capital
OMN,SLB,11594.2,capital
OMN,SLE,7766.7,capital
OMN,SLV,14575.3,capital
OMN,SMR,4732.3,centroid
OMN,SOM,2778.3,capital
OMN,SPM,9813.6,capital
OMN,SRB,4155.2,capital
OMN,SSD,3549.7,capital
OMN,STP,6138.6,capital
OMN,SUR,12107.8,capital
OMN,SVK,4532.9,capital
OMN,SVN,4639.7,capital
OMN,SWE,5063.3,capital
OMN,SWZ,6287.1,capital
OMN,SXM,12156.5,capital
OMN,SYC,3152.5,capital
OMN,SYR,2418.6,capital
OMN,TCA,12606.5,capital
OMN,TCD,4743.6,capital
OMN,TGO,6399.6,capital
OMN,THA,4549.4,capital
OMN,TJK,1930.7,capital
OMN,TKL,14427.9,centroid
OMN,TKM,1597.4,capital
OMN,TLS,8118.7,capital
OMN,TON,14517.4,centroid
OMN,TTO,12458.4,capital
OMN,TUN,4809.1,capital
OMN,TUR,3004.1,capital
OMN,TUV,13515.5,capital
OMN,TWN,6336.8,capital
OMN,TZA,4123.5,capital
OMN,UGA,3802.2,capital
OMN,UKR,3834.5,capital
OMN,UMI,10891.4,centroid
OMN,UNK,4018.1,capital
OMN,URY,13655.2,capital
OMN,USA,12701.5,centroid
OMN,UZB,2208.0,capital
OMN,VAT,4686.4,capital
OMN,VCT,12287.1,capital
OMN,VEN,12965.2,capital
OMN,VGB,12268.3,capital
OMN,VIR,12300.5,capital
OMN,VNM,4866.1,capital
OMN,VUT,12568.0,centroid
OMN,WLF,14178.0,capital
OMN,WSM,14647.5,capital
OMN,YEM,1449.4,centroid
OMN,ZAF,6376.9,capital
OMN,ZMB,5432.6,capital
OMN,ZWE,5479.2,capital
PAK,PAN,14451.5,capital
PAK,PCN,17582.2,capital
PAK,PER,16141.6,capital
PAK,PHL,5250.7,capital
PAK,PLW,6926.8,capital
PAK,PNG,9156.1,capital
PAK,POL,4582.7,capital
PAK,PRI,12775.4,capital
PAK,PRK,4690.2,capital
PAK,PRT,7137.2,capital
PAK,PRY,15197.3,capital
PAK,PSE,3522.3,capital
PAK,PYF,15419.7,capital
PAK,QAT,2277.3,capital
PAK,REU,6351.5,capital
PAK,ROU,4161.1,capital
PAK,RUS,3650.0,capital
PAK,RWA,5993.3,capital
PAK,SAU,2735.3,capital
PAK,SDN,4526.4,capital
PAK,SEN,9151.4,capital
PAK,SGP,4824.7,capital
PAK,SGS,14247.8,centroid
PAK,SHN,9984.9,capital
PAK,SJM,5624.7,capital
PAK,SLB,10305.3,capital
PAK,SLE,9142.7,capital
PAK,SLV,14417.1,capital
PAK,SMR,5255.4,centroid
PAK,SOM,4549.4,capital
PAK,SPM,9724.6,capital
PAK,SRB,4606.2,capital
PAK,SSD,5346.7,capital
PAK,STP,7814.9,capital
PAK,SUR,13017.3,capital
PAK,SVK,4846.4,capital
PAK,SVN,5058.8,capital
PAK,SWE,4877.3,capital
PAK,SWZ,8017.8,capital
PAK,SXM,12615.4,capital
PAK,SYC,4647.0,capital
PAK,SYR,3384.9,capital
PAK,TCA,12801.3,capital
PAK,TCD,6317.1,capital
PAK,TGO,7950.7,capital
PAK,THA,3548.3,capital
PAK,TJK,658.0,capital
PAK,TKL,12863.9,centroid
PAK,TKM,1400.8,capital
PAK,TLS,7262.0,capital
PAK,TON,13212.6,centroid
PAK,TTO,13130.5,capital
PAK,TUN,5613.9,capital
PAK,TUR,3611.9,capital
PAK,TUV,12023.0,capital
PAK,TWN,4751.6,capital
PAK,TZA,5923.1,capital
PAK,UGA,5616.9,capital
PAK,UKR,3900.1,capital
PAK,UMI,9149.1,centroid
PAK,UNK,4567.6,capital
PAK,URY,15401.6,capital
PAK,USA,11973.9,centroid
PAK,UZB,903.9,capital
PAK,VAT,5288.9,capital
PAK,VCT,12903.2,capital
PAK,VEN,13527.0,capital
PAK,VGB,12683.8,capital
PAK,VIR,12711.3,capital
PAK,VNM,3513.1,capital
PAK,VUT,11343.7,centroid
PAK,WLF,12732.3,capital
PAK,WSM,13171.7,capital
PAK,YEM,3264.6,centroid
PAK,ZAF,8133.4,capital
PAK,ZMB,7232.6,capital
PAK,ZWE,7256.2,capital
PAN,PCN,6657.9,capital
PAN,PER,2355.3,capital
PAN,PHL,16551.6,capital
PAN,PLW,15810.9,capital
PAN,PNG,14896.5,capital
PAN,POL,9924.7,capital
PAN,PRI,1789.6,capital
PAN,PRK,14070.2,capital
PAN,PRT,7684.1,capital
PAN,PRY,4487.7,capital
PAN,PSE,11736.8,capital
PAN,PYF,8237.5,capital
PAN,QAT,13489.6,capital
PAN,REU,15018.6,capital
PAN,ROU,10521.2,capital
PAN,RUS,10801.7,capital
PAN,RWA,12191.4,capital
PAN,SAU,13090.6,capital
PAN,SDN,12051.5,capital
PAN,SEN,6766.4,capital
PAN,SGP,18812.2,capital
PAN,SGS,8096.5,centroid
PAN,SHN,8580.8,capital
PAN,SJM,9145.6,capital
PAN,SLB,13495.9,capital
PAN,SLE,7274.3,capital
PAN,SLV,1175.9,capital
PAN,SMR,9471.5,centroid
PAN,SOM,13784.2,capital
PAN,SPM,4747.7,capital
PAN,SRB,10079.9,capital
PAN,SSD,12225.3,capital
PAN,STP,9589.8,capital
PAN,SUR,2706.9,capital
PAN,SVK,9750.1,capital
PAN,SVN,9596.8,capital
PAN,SWE,9574.5,capital
PAN,SWZ,12508.1,capital
PAN,SXM,2042.6,capital
PAN,SYC,15023.2,capital
PAN,SYR,11764.3,capital
PAN,TCA,1651.0,capital
PAN,TCD,10288.4,capital
PAN,TGO,8888.8,capital
PAN,THA,17485.7,capital
PAN,TJK,13793.9,capital
PAN,TKL,10432.6,centroid
PAN,TKM,13210.2,capital
PAN,TLS,17257.6,capital
PAN,TON,10916.0,centroid
PAN,TTO,1980.7,capital
PAN,TUN,9382.0,capital
PAN,TUR,11212.7,capital
PAN,TUV,11383.8,capital
PAN,TWN,15595.6,capital
PAN,TZA,12880.6,capital
PAN,UGA,12427.4,capital
PAN,UKR,10613.6,capital
PAN,UMI,12117.9,centroid
PAN,UNK,10190.5,capital
PAN,URY,5463.0,capital
PAN,USA,3670.0,centroid
PAN,UZB,13577.8,capital
PAN,VAT,9503.2,capital
PAN,VCT,2048.3,capital
PAN,VEN,1395.1,capital
PAN,VGB,1919.1,capital
PAN,VIR,1886.3,capital
PAN,VNM,16626.2,capital
PAN,VUT,12778.7,centroid
PAN,WLF,10949.5,capital
PAN,WSM,10485.7,capital
PAN,YEM,13646.3,centroid
PAN,ZAF,12207.6,capital
PAN,ZMB,12168.5,capital
PAN,ZWE,12479.1,capital
PCN,PER,5741.9,capital
PCN,PHL,12566.8,capital
PCN,PLW,10888.7,capital
PCN,PNG,8838.0,capital
PCN,POL,16140.2,capital
PCN,PRI,8447.0,capital
PCN,PRK,12901.3,capital
PCN,PRT,14337.4,capital
PCN,PRY,7190.7,capital
PCN,PSE,18392.5,capital
PCN,PYF,2180.6,capital
PCN,QAT,19849.0,capital
PCN,REU,14870.8,capital
PCN,ROU,16977.1,capital
PCN,RUS,16460.0,capital
PCN,RWA,16327.9,capital
PCN,SAU,19691.9,capital
PCN,SDN,17921.0,capital
PCN,SEN,12945.6,capital
PCN,SGP,13660.3,capital
PCN,SGS,7956.2,centroid
PCN,SHN,12461.1,capital
PCN,SJM,13852.7,capital
PCN,SLB,7553.0,capital
PCN,SLE,13106.0,capital
PCN,SLV,6183.6,capital
PCN,SMR,16046.2,centroid
PCN,SOM,17408.2,capital
PCN,SPM,10882.9,capital
PCN,SRB,16582.0,capital
PCN,SSD,17036.4,capital
PCN,STP,14626.5,capital
PCN,SUR,8783.8,capital
PCN,SVK,16173.3,capital
PCN,SVN,16104.9,capital
PCN,SWE,15478.1,capital
PCN,SWZ,13943.7,capital
PCN,SXM,8694.2,capital
PCN,SYC,16660.0,capital
PCN,SYR,18398.0,capital
PCN,TCA,8201.6,capital
PCN,TCD,16084.5,capital
PCN,TGO,14431.6,capital
PCN,THA,14592.7,capital
PCN,TJK,17694.1,capital
PCN,TKL,4773.4,centroid
PCN,TKM,18374.0,capital
PCN,TLS,11022.1,capital
PCN,TON,4625.2,centroid
PCN,TTO,8419.8,capital
PCN,TUN,16039.6,capital
PCN,TUR,17724.7,capital
PCN,TUV,5664.2,capital
PCN,TWN,12896.3,capital
PCN,TZA,16218.8,capital
PCN,UGA,16692.8,capital
PCN,UKR,16740.1,capital
PCN,UMI,8433.4,centroid
PCN,UNK,16745.2,capital
PCN,URY,7046.2,capital
PCN,USA,7816.8,centroid
PCN,UZB,17481.5,capital
PCN,VAT,16112.9,capital
PCN,VCT,8584.7,capital
PCN,VEN,7904.3,capital
PCN,VGB,8576.6,capital
PCN,VIR,8543.9,capital
PCN,VNM,14312.9,capital
PCN,VUT,6572.3,centroid
PCN,WLF,4987.3,capital
PCN,WSM,4523.5,capital
PCN,YEM,18878.4,centroid
PCN,ZAF,13902.7,capital
PCN,ZMB,14941.6,capital
PCN,ZWE,14827.3,capital
PER,PHL,18046.2,capital
PER,PLW,16512.3,capital
PER,PNG,14578.3,capital
PER,POL,11608.9,capital
PER,PRI,3597.8,capital
PER,PRK,16266.2,capital
PER,PRT,9004.5,capital
PER,PRY,2511.6,capital
PER,PSE,12800.0,capital
PER,PYF,7779.3,capital
PER,QAT,14434.8,capital
PER,REU,13662.2,capital
PER,ROU,11980.6,capital
PER,RUS,12643.2,capital
PER,RWA,11816.2,capital
PER,SAU,13955.9,capital
PER,SDN,12431.7,capital
PER,SEN,7203.8,capital
PER,SGP,18815.4,capital
PER,SGS,5870.0,centroid
PER,SHN,7670.8,capital
PER,SJM,11378.8,capital
PER,SLB,13281.5,capital
PER,SLE,7410.9,capital
PER,SLV,3159.7,capital
PER,SMR,10886.2,centroid
PER,SOM,13571.8,capital
PER,SPM,6862.6,capital
PER,SRB,11535.4,capital
PER,SSD,12141.0,capital
PER,STP,9336.7,capital
PER,SUR,3131.9,capital
PER,SVK,11306.4,capital
PER,SVN,11085.4,capital
PER,SWE,11445.4,capital
PER,SWZ,11166.2,capital
PER,SXM,3678.8,capital
PER,SYC,14445.1,capital
PER,SYR,12895.9,capital
PER,TCA,3780.6,capital
PER,TCD,10507.2,capital
PER,TGO,8882.0,capital
PER,THA,19686.6,capital
PER,TJK,15534.9,capital
PER,TKL,10333.1,centroid
PER,TKM,14750.1,capital
PER,TLS,16625.4,capital
PER,TON,10365.1,centroid
PER,TTO,3051.4,capital
PER,TUN,10560.7,capital
PER,TUR,12552.9,capital
PER,TUV,11286.6,capital
PER,TWN,17587.5,capital
PER,TZA,12311.8,capital
PER,UGA,12146.0,capital
PER,UKR,12276.6,capital
PER,UMI,13186.2,centroid
PER,UNK,11577.4,capital
PER,URY,3298.0,capital
PER,USA,5940.7,centroid
PER,UZB,15399.1,capital
PER,VAT,10856.0,capital
PER,VCT,3299.6,capital
PER,VEN,2744.8,capital
PER,VGB,3651.2,capital
PER,VIR,3629.9,capital
PER,VNM,18970.7,capital
PER,VUT,12314.1,centroid
PER,WLF,10667.3,capital
PER,WSM,10189.5,capital
PER,YEM,14077.3,centroid
PER,ZAF,10906.1,capital
PER,ZMB,11248.8,capital
PER,ZWE,11454.0,capital
PHL,PLW,1684.2,capital
PHL,PNG,3936.3,capital
PHL,POL,9390.6,capital
PHL,PRI,16256.7,capital
PHL,PRK,2756.3,capital
PHL,PRT,12142.5,capital
PHL,PRY,18818.7,capital
PHL,PSE,8765.5,capital
PHL,PYF,10435.3,capital
PHL,QAT,7282.4,capital
PHL,REU,8168.9,capital
PHL,ROU,9255.4,capital
PHL,RUS,8256.8,capital
PHL,RWA,10161.5,capital
PHL,SAU,7771.4,capital
PHL,SDN,9415.3,capital
PHL,SEN,14401.6,capital
PHL,SGP,2394.6,capital
PHL,SGS,15186.0,centroid
PHL,SHN,14311.3,capital
PHL,SJM,8759.8,capital
PHL,SLB,5059.6,capital
PHL,SLE,14351.8,capital
PHL,SLV,15441.2,capital
PHL,SMR,10314.0,centroid
PHL,SOM,8405.4,capital
PHL,SPM,13183.7,capital
PHL,SRB,9673.8,capital
PHL,SSD,9807.3,capital
PHL,STP,12601.5,capital
PHL,SUR,17699.6,capital
PHL,SVK,9797.4,capital
PHL,SVN,10064.6,capital
PHL,SWE,9327.4,capital
PHL,SWZ,10703.9,capital
PHL,SXM,16360.0,capital
PHL,SYC,7529.2,capital
PHL,SYR,8634.4,capital
PHL,TCA,15792.2,capital
PHL,TCD,11335.5,capital
PHL,TGO,12986.1,capital
PHL,THA,2209.3,capital
PHL,TJK,5738.9,capital
PHL,TKL,7839.7,centroid
PHL,TKM,6625.7,capital
PHL,TLS,2624.9,capital
PHL,TON,7985.1,centroid
PHL,TTO,17191.6,capital
PHL,TUN,10800.8,capital
PHL,TUR,8815.3,capital
PHL,TUV,6913.7,capital
PHL,TWN,1163.2,capital
PHL,TZA,9671.8,capital
PHL,UGA,9826.5,capital
PHL,UKR,8792.9,capital
PHL,UMI,4870.3,centroid
PHL,UNK,9691.3,capital
PHL,URY,17740.2,capital
PHL,USA,12951.5,centroid
PHL,UZB,5775.7,capital
PHL,VAT,10393.0,capital
PHL,VCT,16918.8,capital
PHL,VEN,17093.5,capital
PHL,VGB,16291.2,capital
PHL,VIR,16294.8,capital
PHL,VNM,1753.3,capital
PHL,VUT,6093.2,centroid
PHL,WLF,7579.6,capital
PHL,WSM,8045.9,capital
PHL,YEM,7805.3,centroid
PHL,ZAF,10979.8,capital
PHL,ZMB,10715.2,capital
PHL,ZWE,10492.5,capital
PLW,PNG,2343.0,capital
PLW,POL,10902.7,capital
PLW,PRI,16339.8,capital
PLW,PRK,3616.9,capital
PLW,PRT,13659.2,capital
PLW,PRY,17647.2,capital
PLW,PSE,10446.1,capital
PLW,PYF,8773.7,capital
PLW,QAT,8960.8,capital
PLW,REU,9193.2,capital
PLW,ROU,10860.4,capital
PLW,RUS,9753.6,capital
PLW,RWA,11641.2,capital
PLW,SAU,9449.4,capital
PLW,SDN,11064.1,capital
PLW,SEN,16068.4,capital
PLW,SGP,3479.1,capital
PLW,SGS,14735.7,centroid
PLW,SHN,15604.7,capital
PLW,SJM,9817.9,capital
PLW,SLB,3378.8,capital
PLW,SLE,16034.1,capital
PLW,SLV,14635.9,capital
PLW,SMR,11890.8,centroid
PLW,SOM,9898.7,capital
PLW,SPM,13885.5,capital
PLW,SRB,11263.8,capital
PLW,SSD,11367.7,capital
PLW,STP,14172.6,capital
PLW,SUR,18174.2,capital
PLW,SVK,11345.0,capital
PLW,SVN,11625.9,capital
PLW,SWE,10734.2,capital
PLW,SWZ,11711.1,capital
PLW,SXM,16577.2,capital
PLW,SYC,8885.6,capital
PLW,SYR,10311.7,capital
PLW,TCA,15740.2,capital
PLW,TCD,12989.5,capital
PLW,TGO,14628.8,capital
PLW,THA,3789.5,capital
PLW,TJK,7394.9,capital
PLW,TKL,6191.8,centroid
PLW,TKM,8290.7,capital
PLW,TLS,2048.1,capital
PLW,TON,6301.1,centroid
PLW,TTO,17318.2,capital
PLW,TUN,12427.9,capital
PLW,TUR,10462.4,capital
PLW,TUV,5251.0,capital
PLW,TWN,2396.6,capital
PLW,TZA,11071.8,capital
PLW,UGA,11330.2,capital
PLW,UKR,10346.1,capital
PLW,UMI,3693.6,centroid
PLW,UNK,11301.3,capital
PLW,URY,16773.9,capital
PLW,USA,12661.7,centroid
PLW,UZB,7411.9,capital
PLW,VAT,11986.9,capital
PLW,VCT,17127.1,capital
PLW,VEN,16905.9,capital
PLW,VGB,16441.7,capital
PLW,VIR,16428.9,capital
PLW,VNM,3437.5,capital
PLW,VUT,4419.4,centroid
PLW,WLF,5903.9,capital
PLW,WSM,6373.8,capital
PLW,YEM,9432.2,centroid
PLW,ZAF,12011.5,capital
PLW,ZMB,11972.3,capital
PLW,ZWE,11692.7,capital
PNG,POL,13244.1,capital
PNG,PRI,16297.1,capital
PNG,PRK,5830.4,capital
PNG,PRT,15996.9,capital
PNG,PRY,15308.2,capital
PNG,PSE,12629.2,capital
PNG,PYF,6872.3,capital
PNG,QAT,11016.2,capital
PNG,REU,9807.8,capital
PNG,ROU,13186.3,capital
PNG,RUS,12094.2,capital
PNG,RWA,12933.9,capital
PNG,SAU,11492.7,capital
PNG,SDN,12910.1,capital
PNG,SEN,18243.3,capital
PNG,SGP,4941.9,capital
PNG,SGS,12890.5,centroid
PNG,SHN,15904.2,capital
PNG,SJM,11912.7,capital
PNG,SLB,1403.8,capital
PNG,SLE,17858.4,capital
PNG,SLV,13872.9,capital
PNG,SMR,14229.5,centroid
PNG,SOM,11339.5,capital
PNG,SPM,15317.3,capital
PNG,SRB,13597.5,capital
PNG,SSD,12896.7,capital
PNG,STP,15519.3,capital
PNG,SUR,17523.8,capital
PNG,SVK,13687.7,capital
PNG,SVN,13967.5,capital
PNG,SWE,13044.4,capital
PNG,SWZ,12035.8,capital
PNG,SXM,16623.5,capital
PNG,SYC,10108.4,capital
PNG,SYR,12516.8,capital
PNG,TCA,15714.7,capital
PNG,TCD,14781.8,capital
PNG,TGO,16244.9,capital
PNG,THA,5758.9,capital
PNG,TJK,9670.2,capital
PNG,TKL,4481.0,centroid
PNG,TKM,10546.7,capital
PNG,TLS,2371.5,capital
PNG,TON,4223.5,centroid
PNG,TTO,16874.6,capital
PNG,TUN,14737.0,capital
PNG,TUR,12747.4,capital
PNG,TUV,3519.6,capital
PNG,TWN,4738.3,capital
PNG,TZA,12219.7,capital
PNG,UGA,12706.1,capital
PNG,UKR,12688.0,capital
PNG,UMI,3846.7,centroid
PNG,UNK,13624.4,capital
PNG,URY,14503.2,capital
PNG,USA,12912.0,centroid
PNG,UZB,9712.0,capital
PNG,VAT,14319.6,capital
PNG,VCT,16895.8,capital
PNG,VEN,16288.5,capital
PNG,VGB,16451.5,capital
PNG,VIR,16421.4,capital
PNG,VNM,5644.8,capital
PNG,VUT,2269.9,centroid
PNG,WLF,4016.6,capital
PNG,WSM,4494.8,capital
PNG,YEM,11252.3,centroid
PNG,ZAF,12344.9,capital
PNG,ZMB,12736.0,capital
PNG,ZWE,12371.9,capital
POL,PRI,8202.2,capital
POL,PRK,7546.5,capital
POL,PRT,2759.5,capital
POL,PRY,11477.9,capital
POL,PSE,2535.7,capital
POL,PYF,16069.9,capital
POL,QAT,3940.8,capital
POL,REU,8788.3,capital
POL,ROU,944.7,capital
POL,RUS,1150.7,capital
POL,RWA,6084.1,capital
POL,SAU,3751.6,capital
POL,SDN,4203.6,capital
POL,SEN,5377.3,capital
POL,SGP,9406.9,capital
POL,SGS,13017.9,centroid
POL,SHN,8005.1,capital
POL,SJM,2898.3,capital
POL,SLB,13989.7,capital
POL,SLE,5767.9,capital
POL,SLV,10124.8,capital
POL,SMR,1136.1,centroid
POL,SOM,6019.9,capital
POL,SPM,5338.1,capital
POL,SRB,826.7,capital
POL,SSD,5357.3,capital
POL,STP,5922.0,capital
POL,SUR,8552.9,capital
POL,SVK,532.1,capital
POL,SVN,833.6,capital
POL,SWE,810.4,capital
POL,SWZ,8806.8,capital
POL,SXM,8033.5,capital
POL,SYC,7106.3,capital
POL,SYR,2414.4,capital
POL,TCA,8280.4,capital
POL,TCD,4493.5,capital
POL,TGO,5437.0,capital
POL,THA,8090.0,capital
POL,TJK,3943.2,capital
POL,TKL,15065.4,centroid
POL,TKM,3285.4,capital
POL,TLS,11748.8,capital
POL,TON,16172.8,centroid
POL,TTO,8564.6,capital
POL,TUN,1912.4,capital
POL,TUR,1641.0,capital
POL,TUV,14767.3,capital
POL,TWN,8506.2,capital
POL,TZA,6642.6,capital
POL,UGA,5872.7,capital
POL,UKR,689.0,capital
POL,UMI,11393.5,centroid
POL,UNK,1062.8,capital
POL,URY,12224.6,capital
POL,USA,8331.9,centroid
POL,UZB,3790.3,capital
POL,VAT,1316.5,capital
POL,VCT,8328.9,capital
POL,VEN,8944.7,capital
POL,VGB,8105.6,capital
POL,VIR,8133.8,capital
POL,VNM,7830.4,capital
POL,VUT,15000.7,centroid
POL,WLF,15421.1,capital
POL,WSM,15596.7,capital
POL,YEM,4777.3,centroid
POL,ZAF,8698.5,capital
POL,ZMB,7553.5,capital
POL,ZWE,7850.5,capital
PRI,PRK,13503.2,capital
PRI,PRT,5894.6,capital
PRI,PRY,4950.4,capital
PRI,PSE,9947.3,capital
PRI,PYF,9959.5,capital
PRI,QAT,11700.0,capital
PRI,REU,13923.6,capital
PRI,ROU,8753.3,capital
PRI,RUS,9143.6,capital
PRI,RWA,10726.3,capital
PRI,SAU,11303.7,capital
PRI,SDN,10341.0,capital
PRI,SEN,5188.2,capital
PRI,SGP,17559.0,capital
PRI,SGS,8572.3,centroid
PRI,SHN,7635.4,capital
PRI,SJM,7811.9,capital
PRI,SLB,14958.7,capital
PRI,SLE,5803.5,capital
PRI,SLV,2520.6,capital
PRI,SMR,7692.7,centroid
PRI,SOM,12186.4,capital
PRI,SPM,3276.5,capital
PRI,SRB,8309.0,capital
PRI,SSD,10643.5,capital
PRI,STP,8187.7,capital
PRI,SUR,1835.8,capital
PRI,SVK,7994.5,capital
PRI,SVN,7828.2,capital
PRI,SWE,7921.9,capital
PRI,SWZ,11611.7,capital
PRI,SXM,326.8,capital
PRI,SYC,13494.2,capital
PRI,SYR,9975.1,capital
PRI,TCA,622.8,capital
PRI,TCD,8665.4,capital
PRI,TGO,7404.2,capital
PRI,THA,16143.3,capital
PRI,TJK,12124.8,capital
PRI,TKL,11989.6,centroid
PRI,TKM,11477.8,capital
PRI,TLS,18340.8,capital
PRI,TON,12608.2,centroid
PRI,TTO,997.7,capital
PRI,TUN,7592.7,capital
PRI,TUR,9433.6,capital
PRI,TUV,12902.5,capital
PRI,TWN,15105.9,capital
PRI,TZA,11470.6,capital
PRI,UGA,10912.2,capital
PRI,UKR,8889.9,capital
PRI,UMI,12891.1,centroid
PRI,UNK,8411.7,capital
PRI,URY,6026.2,capital
PRI,USA,3696.0,centroid
PRI,UZB,11935.8,capital
PRI,VAT,7718.8,capital
PRI,VCT,788.0,capital
PRI,VEN,891.0,capital
PRI,VGB,156.7,capital
PRI,VIR,124.7,capital
PRI,VNM,15537.2,capital
PRI,VUT,14388.2,centroid
PRI,WLF,12556.8,capital
PRI,WSM,12112.1,capital
PRI,YEM,11896.8,centroid
PRI,ZAF,11300.5,capital
PRI,ZMB,10993.8,capital
PRI,ZWE,11352.3,capital
PRK,PRT,10223.0,capital
PRK,PRY,18453.6,capital
PRK,PSE,7888.8,capital
PRK,PYF,10780.5,capital
PRK,QAT,6962.5,capital
PRK,REU,9879.4,capital
PRK,ROU,7743.6,capital
PRK,RUS,6412.6,capital
PRK,RWA,10635.9,capital
PRK,SAU,7404.4,capital
PRK,SDN,9197.6,capital
PRK,SEN,12923.6,capital
PRK,SGP,4750.1,capital
PRK,SGS,17863.4,centroid
PRK,SHN,14663.6,capital
PRK,SJM,6205.2,capital
PRK,SLB,6444.4,capital
PRK,SLE,13246.6,capital
PRK,SLV,13122.1,capital
PRK,SMR,8637.4,centroid
PRK,SOM,9037.3,capital
PRK,SPM,10471.2,capital
PRK,SRB,8076.6,capital
PRK,SSD,10026.9,capital
PRK,STP,12443.9,capital
PRK,SUR,15021.5,capital
PRK,SVK,8043.7,capital
PRK,SVN,8344.8,capital
PRK,SWE,7236.9,capital
PRK,SWZ,12189.9,capital
PRK,SXM,13604.5,capital
PRK,SYC,8657.8,capital
PRK,SYR,7703.9,capital
PRK,TCA,13062.1,capital
PRK,TCD,10879.9,capital
PRK,TGO,12426.2,capital
PRK,THA,3745.3,capital
PRK,TJK,4854.3,capital
PRK,TKL,8340.0,centroid
PRK,TKM,5722.8,capital
PRK,TLS,5292.1,capital
PRK,TON,8997.6,centroid
PRK,TTO,14437.5,capital
PRK,TUN,9312.7,capital
PRK,TUR,7565.4,capital
PRK,TUV,7632.4,capital
PRK,TWN,1604.3,capital
PRK,TZA,10440.5,capital
PRK,UGA,10259.3,capital
PRK,UKR,7101.0,capital
PRK,UMI,4483.2,centroid
PRK,UNK,8179.4,capital
PRK,URY,19524.5,capital
PRK,USA,10401.0,centroid
PRK,UZB,4725.5,capital
PRK,VAT,8777.1,capital
PRK,VCT,14166.8,capital
PRK,VEN,14355.2,capital
PRK,VGB,13535.1,capital
PRK,VIR,13539.0,capital
PRK,VNM,2759.5,capital
PRK,VUT,7470.1,centroid
PRK,WLF,8363.9,capital
PRK,WSM,8738.1,capital
PRK,YEM,7917.9,centroid
PRK,ZAF,12392.6,capital
PRK,ZMB,11713.8,capital
PRK,ZWE,11639.8,capital
PRT,PRY,8723.2,capital
PRT,PSE,4055.3,capital
PRT,PYF,15525.6,capital
PRT,QAT,5806.6,capital
PRT,REU,9435.5,capital
PRT,ROU,2976.1,capital
PRT,RUS,3906.3,capital
PRT,RWA,6043.2,capital
PRT,SAU,5423.8,capital
PRT,SDN,4802.9,capital
PRT,SEN,2793.1,capital
PRT,SGP,11886.5,capital
PRT,SGS,10701.7,centroid
PRT,SHN,6087.3,capital
PRT,SJM,4537.1,capital
PRT,SLB,16581.5,capital
PRT,SLE,3387.0,capital
PRT,SLV,8204.9,capital
PRT,SMR,1881.9,centroid
PRT,SOM,6853.7,capital
PRT,SPM,3881.8,capital
PRT,SRB,2531.9,capital
PRT,SSD,5566.6,capital
PRT,STP,4565.3,capital
PRT,SUR,5884.8,capital
PRT,SVK,2348.9,capital
PRT,SVN,2096.5,capital
PRT,SWE,2988.8,capital
PRT,SWZ,8375.1,capital
PRT,SXM,5659.4,capital
PRT,SYC,8178.9,capital
PRT,SYR,4080.8,capital
PRT,TCA,6144.7,capital
PRT,TCD,3803.7,capital
PRT,TGO,3771.8,capital
PRT,THA,10684.8,capital
PRT,TJK,6543.2,capital
PRT,TKL,16293.1,centroid
PRT,TKM,5748.5,capital
PRT,TLS,14398.9,capital
PRT,TON,17529.0,centroid
PRT,TTO,6035.0,capital
PRT,TUN,1707.7,capital
PRT,TUR,3582.0,capital
PRT,TUV,16554.9,capital
PRT,TWN,11262.7,capital
PRT,TZA,6801.5,capital
PRT,UGA,6021.3,capital
PRT,UKR,3352.4,capital
PRT,UMI,13548.0,centroid
PRT,UNK,2578.9,capital
PRT,URY,9509.5,capital
PRT,USA,7328.6,centroid
PRT,UZB,6442.3,capital
PRT,VAT,1860.3,capital
PRT,VCT,5833.6,capital
PRT,VEN,6497.7,capital
PRT,VGB,5769.0,capital
PRT,VIR,5801.2,capital
PRT,VNM,10538.3,capital
PRT,VUT,17460.4,centroid
PRT,WLF,16910.8,capital
PRT,WSM,16762.8,capital
PRT,YEM,6138.2,centroid
PRT,ZAF,8153.1,capital
PRT,ZMB,7168.6,capital
PRT,ZWE,7553.6,capital
PRY,PSE,11709.0,capital
PRY,PYF,9370.8,capital
PRY,QAT,12988.5,capital
PRY,REU,11155.1,capital
PRY,ROU,11478.1,capital
PRY,RUS,12627.7,capital
PRY,RWA,9684.3,capital
PRY,SAU,12506.7,capital
PRY,SDN,10756.3,capital
PRY,SEN,6223.4,capital
PRY,SGP,16689.6,capital
PRY,SGS,3664.6,centroid
PRY,SHN,5471.3,capital
PRY,SJM,12388.7,capital
PRY,SLB,14404.9,capital
PRY,SLE,6098.6,capital
PRY,SLV,5519.3,capital
PRY,SMR,10471.9,centroid
PRY,SOM,11409.7,capital
PRY,SPM,8014.7,capital
PRY,SRB,11088.4,capital
PRY,SSD,10160.5,capital
PRY,STP,7465.6,capital
PRY,SUR,3474.4,capital
PRY,SVK,11028.2,capital
PRY,SVN,10743.1,capital
PRY,SWE,11641.0,capital
PRY,SWZ,8681.4,capital
PRY,SXM,4851.4,capital
PRY,SYC,12077.5,capital
PRY,SYR,11866.1,capital
PRY,TCA,5398.4,capital
PRY,TCD,8896.9,capital
PRY,TGO,7251.7,capital
PRY,THA,17396.4,capital
PRY,TJK,14824.6,capital
PRY,TKL,11958.3,centroid
PRY,TKM,13914.9,capital
PRY,TLS,16235.6,capital
PRY,TON,11579.9,centroid
PRY,TTO,4019.8,capital
PRY,TUN,9896.9,capital
PRY,TUR,11816.7,capital
PRY,TUV,12809.6,capital
PRY,TWN,19927.9,capital
PRY,TZA,10053.3,capital
PRY,UGA,10045.6,capital
PRY,UKR,12022.4,capital
PRY,UMI,15431.1,centroid
PRY,UNK,11034.9,capital
PRY,URY,1078.5,capital
PRY,USA,8146.5,centroid
PRY,UZB,14854.1,capital
PRY,VAT,10365.9,capital
PRY,VCT,4292.1,capital
PRY,VEN,4101.8,capital
PRY,VGB,4918.9,capital
PRY,VIR,4914.9,capital
PRY,VNM,18263.2,capital
PRY,VUT,13348.0,centroid
PRY,WLF,12097.2,capital
PRY,WSM,11661.1,capital
PRY,YEM,12259.2,centroid
PRY,ZAF,8432.6,capital
PRY,ZMB,8885.0,capital
PRY,ZWE,9046.4,capital
PSE,PYF,18347.2,capital
PSE,QAT,1752.9,capital
PSE,REU,6252.6,capital
PSE,ROU,1602.2,capital
PSE,RUS,2658.9,capital
PSE,RWA,3802.8,capital
PSE,SAU,1382.3,capital
PSE,SDN,1837.8,capital
PSE,SEN,5646.7,capital
PSE,SGP,7925.9,capital
PSE,SGS,11812.5,centroid
PSE,SHN,6876.7,capital
PSE,SJM,5238.4,capital
PSE,SLB,13824.6,capital
PSE,SLE,5623.9,capital
PSE,SLV,12223.6,capital
PSE,SMR,2384.5,centroid
PSE,SOM,3486.4,capital
PSE,SPM,7585.6,capital
PSE,SRB,1920.2,capital
PSE,SSD,3031.2,capital
PSE,STP,4610.6,capital
PSE,SUR,9698.2,capital
PSE,SVK,2362.4,capital
PSE,SVN,2369.7,capital
PSE,SWE,3306.1,capital
PSE,SWZ,6503.9,capital
PSE,SXM,9703.7,capital
PSE,SYC,4591.6,capital
PSE,SYR,206.0,capital
PSE,TCA,10192.5,capital
PSE,TCD,3015.4,capital
PSE,TGO,4542.9,capital
PSE,THA,6888.4,capital
PSE,TJK,3119.4,capital
PSE,TKL,16227.6,centroid
PSE,TKM,2210.9,capital
PSE,TLS,10543.7,capital
PSE,TON,16732.9,centroid
PSE,TTO,10006.7,capital
PSE,TUN,2355.2,capital
PSE,TUR,916.5,capital
PSE,TUV,15483.2,capital
PSE,TWN,8245.2,capital
PSE,TZA,4233.8,capital
PSE,UGA,3522.7,capital
PSE,UKR,2099.0,capital
PSE,UMI,12323.3,centroid
PSE,UNK,1721.0,capital
PSE,URY,12078.0,capital
PSE,USA,10800.1,centroid
PSE,UZB,3186.6,capital
PSE,VAT,2298.2,capital
PSE,VCT,9831.3,capital
PSE,VEN,10508.6,capital
PSE,VGB,9819.0,capital
PSE,VIR,9851.5,capital
PSE,VNM,7017.2,capital
PSE,VUT,14855.1,centroid
PSE,WLF,16209.3,capital
PSE,WSM,16616.2,capital
PSE,YEM,2283.5,centroid
PSE,ZAF,6452.9,capital
PSE,ZMB,5311.7,capital
PSE,ZWE,5547.1,capital
PYF,QAT,17670.8,capital
PYF,REU,14946.8,capital
PYF,ROU,16997.0,capital
PYF,RUS,15722.3,capital
PYF,RWA,17848.1,capital
PYF,SAU,18149.5,capital
PYF,SDN,19700.8,capital
PYF,SEN,14903.9,capital
PYF,SGP,11807.8,capital
PYF,SGS,9798.7,centroid
PYF,SHN,14580.8,capital
PYF,SJM,13219.8,capital
PYF,SLB,5516.8,capital
PYF,SLE,15190.1,capital
PYF,SLV,7478.8,capital
PYF,SMR,16644.1,centroid
PYF,SOM,17644.1,capital
PYF,SPM,11671.2,capital
PYF,SRB,16843.8,capital
PYF,SSD,18599.2,capital
PYF,STP,16793.7,capital
PYF,SUR,10668.7,capital
PYF,SVK,16402.5,capital
PYF,SVN,16520.2,capital
PYF,SWE,15260.9,capital
PYF,SWZ,15121.7,capital
PYF,SXM,10251.2,capital
PYF,SYC,16325.6,capital
PYF,SYR,18144.9,capital
PYF,TCA,9575.2,capital
PYF,TCD,18255.4,capital
PYF,TGO,16599.4,capital
PYF,THA,12541.6,capital
PYF,TJK,15633.3,capital
PYF,TKL,2603.4,centroid
PYF,TKM,16474.0,capital
PYF,TLS,9181.2,capital
PYF,TON,2688.9,centroid
PYF,TTO,10159.7,capital
PYF,TUN,17092.8,capital
PYF,TUR,17515.1,capital
PYF,TUV,3523.2,capital
PYF,TWN,10716.7,capital
PYF,TZA,17315.3,capital
PYF,UGA,18086.1,capital
PYF,UKR,16354.5,capital
PYF,UMI,6297.4,centroid
PYF,UNK,17085.7,capital
PYF,URY,9200.8,capital
PYF,USA,8257.7,centroid
PYF,UZB,15482.4,capital
PYF,VAT,16812.1,capital
PYF,VCT,10273.2,capital
PYF,VEN,9596.5,capital
PYF,VGB,10106.7,capital
PYF,VIR,10072.7,capital
PYF,VNM,12165.7,capital
PYF,VUT,4617.3,centroid
PYF,WLF,2888.5,capital
PYF,WSM,2410.2,capital
PYF,YEM,18119.5,centroid
PYF,ZAF,15196.5,capital
PYF,ZMB,16344.6,capital
PYF,ZWE,16082.4,capital
QAT,REU,5151.0,capital
QAT,ROU,3124.3,capital
QAT,RUS,3570.9,capital
QAT,RWA,3810.4,capital
QAT,SAU,489.2,capital
QAT,SDN,2252.4,capital
QAT,SEN,7231.1,capital
QAT,SGP,6204.0,capital
QAT,SGS,12179.0,centroid
QAT,SHN,7707.8,capital
QAT,SJM,6161.7,capital
QAT,SLB,12298.1,capital
QAT,SLE,7074.5,capital
QAT,SLV,13941.0,capital
QAT,SMR,4077.5,centroid
QAT,SOM,2668.8,capital
QAT,SPM,9222.5,capital
QAT,SRB,3528.4,capital
QAT,SSD,3112.5,capital
QAT,STP,5549.0,capital
QAT,SUR,11386.6,capital
QAT,SVK,3929.0,capital
QAT,SVN,4008.5,capital
QAT,SWE,4583.7,capital
QAT,SWZ,6154.0,capital
QAT,SXM,11456.2,capital
QAT,SYC,3352.2,capital
QAT,SYR,1733.7,capital
QAT,TCA,11935.4,capital
QAT,TCD,4095.7,capital
QAT,TGO,5749.0,capital
QAT,THA,5260.2,capital
QAT,TJK,2188.6,capital
QAT,TKL,15076.3,centroid
QAT,TKM,1549.3,capital
QAT,TLS,8839.9,capital
QAT,TON,15226.9,centroid
QAT,TTO,11741.7,capital
QAT,TUN,4108.0,capital
QAT,TUR,2379.8,capital
QAT,TUV,14184.8,capital
QAT,TWN,6954.4,capital
QAT,TZA,3892.4,capital
QAT,UGA,3442.5,capital
QAT,UKR,3326.1,capital
QAT,UMI,11426.4,centroid
QAT,UNK,3372.7,capital
QAT,URY,13125.5,capital
QAT,USA,12250.0,centroid
QAT,UZB,2411.1,capital
QAT,VAT,4017.3,capital
QAT,VCT,11573.9,capital
QAT,VEN,12253.4,capital
QAT,VGB,11571.9,capital
QAT,VIR,11604.4,capital
QAT,VNM,5536.1,capital
QAT,VUT,13281.0,centroid
QAT,WLF,14861.8,capital
QAT,WSM,15325.6,capital
QAT,YEM,1201.4,centroid
QAT,ZAF,6203.4,capital
QAT,ZMB,5178.3,capital
QAT,ZWE,5281.6,capital
REU,ROU,7851.2,capital
REU,RUS,8686.3,capital
REU,RWA,3465.2,capital
REU,SAU,5154.3,capital
REU,SDN,4761.4,capital
REU,SEN,8884.2,capital
REU,SGP,5810.6,capital
REU,SGS,8285.6,centroid
REU,SHN,6440.7,capital
REU,SJM,11306.3,capital
REU,SLB,11111.0,capital
REU,SLE,8177.7,capital
REU,SLV,16184.8,capital
REU,SMR,8419.9,centroid
REU,SOM,2776.0,capital
REU,SPM,13310.9,capital
REU,SRB,8120.1,capital
REU,SSD,3869.0,capital
REU,STP,5793.2,capital
REU,SUR,12379.1,capital
REU,SVK,8572.1,capital
REU,SVN,8508.3,capital
REU,SWE,9547.7,capital
REU,SWZ,2542.0,capital
REU,SXM,13597.9,capital
REU,SYC,1808.3,capital
REU,SYR,6380.3,capital
REU,TCA,14505.2,capital
REU,TCD,5739.9,capital
REU,TGO,6635.0,capital
REU,THA,6248.4,capital
REU,TJK,6751.7,capital
REU,TKL,13858.2,centroid
REU,TKM,6549.0,capital
REU,TLS,7612.2,capital
REU,TON,12889.8,centroid
REU,TTO,13214.5,capital
REU,TUN,7981.8,capital
REU,TUR,7155.8,capital
REU,TUV,13055.9,capital
REU,TWN,8774.7,capital
REU,TZA,2680.4,capital
REU,UGA,3425.6,capital
REU,UKR,8301.5,capital
REU,UMI,12885.0,centroid
REU,UNK,7892.0,capital
REU,URY,10508.8,capital
REU,USA,16759.0,centroid
REU,UZB,7054.9,capital
REU,VAT,8262.1,capital
REU,VCT,13267.1,capital
REU,VEN,13765.2,capital
REU,VGB,13770.0,capital
REU,VIR,13799.7,capital
REU,VNM,7188.9,capital
REU,VUT,11496.8,centroid
REU,WLF,13216.3,capital
REU,WSM,13573.7,capital
REU,YEM,4072.0,centroid
REU,ZAF,2830.6,capital
REU,ZMB,2930.1,capital
REU,ZWE,2579.4,capital
ROU,RUS,1498.6,capital
ROU,RWA,5172.4,capital
ROU,SAU,2878.4,capital
ROU,SDN,3267.9,capital
ROU,SEN,5259.3,capital
ROU,SGP,8936.6,capital
ROU,SGS,12507.2,centroid
ROU,SHN,7445.7,capital
ROU,SJM,3785.0,capital
ROU,SLB,14128.7,capital
ROU,SLE,5503.5,capital
ROU,SLV,10842.9,capital
ROU,SMR,1094.4,centroid
ROU,SOM,5079.4,capital
ROU,SPM,6098.3,capital
ROU,SRB,448.3,capital
ROU,SSD,4433.5,capital
ROU,STP,5263.1,capital
ROU,SUR,8858.8,capital
ROU,SVK,804.8,capital
ROU,SVN,925.1,capital
ROU,SWE,1743.0,capital
ROU,SWZ,7900.6,capital
ROU,SXM,8550.7,capital
ROU,SYC,6189.8,capital
ROU,SYR,1497.5,capital
ROU,TCA,8904.4,capital
ROU,TCD,3746.1,capital
ROU,TGO,4897.3,capital
ROU,THA,7708.9,capital
ROU,TJK,3573.0,capital
ROU,TKL,15706.2,centroid
ROU,TKM,2775.5,capital
ROU,TLS,11422.9,capital
ROU,TON,16671.7,centroid
ROU,TTO,8992.5,capital
ROU,TUN,1585.2,capital
ROU,TUR,748.5,capital
ROU,TUV,15253.6,capital
ROU,TWN,8494.0,capital
ROU,TZA,5709.1,capital
ROU,UGA,4947.0,capital
ROU,UKR,747.2,capital
ROU,UMI,11874.4,centroid
ROU,UNK,443.4,capital
ROU,URY,12096.6,capital
ROU,USA,9217.7,centroid
ROU,UZB,3491.3,capital
ROU,VAT,1140.9,capital
ROU,VCT,8778.8,capital
ROU,VEN,9427.9,capital
ROU,VGB,8642.1,capital
ROU,VIR,8672.4,capital
ROU,VNM,7593.3,capital
ROU,VUT,15180.3,centroid
ROU,WLF,15957.2,capital
ROU,WSM,16214.6,capital
ROU,YEM,3869.1,centroid
ROU,ZAF,7806.2,capital
ROU,ZMB,6657.5,capital
ROU,ZWE,6941.2,capital
RUS,RWA,6452.9,capital
RUS,SAU,3532.9,capital
RUS,SDN,4491.1,capital
RUS,SEN,6512.9,capital
RUS,SGP,8428.2,capital
RUS,SGS,13998.6,centroid
RUS,SHN,8939.8,capital
RUS,SJM,2634.3,capital
RUS,SLB,12856.3,capital
RUS,SLE,6865.8,capital
RUS,SLV,10850.7,capital
RUS,SMR,2227.2,centroid
RUS,SOM,6013.1,capital
RUS,SPM,6090.2,capital
RUS,SRB,1713.7,capital
RUS,SSD,5685.3,capital
RUS,STP,6760.9,capital
RUS,SUR,9642.4,capital
RUS,SVK,1631.2,capital
RUS,SVN,1932.4,capital
RUS,SWE,1227.3,capital
RUS,SWZ,9162.6,capital
RUS,SXM,9004.6,capital
RUS,SYC,6909.0,capital
RUS,SYR,2475.3,capital
RUS,TCA,9151.3,capital
RUS,TCD,5230.8,capital
RUS,TGO,6383.4,capital
RUS,THA,7064.5,capital
RUS,TJK,2992.8,capital
RUS,TKL,14207.7,centroid
RUS,TKM,2511.7,capital
RUS,TLS,10666.0,capital
RUS,TON,15203.8,centroid
RUS,TTO,9592.0,capital
RUS,TUN,2943.3,capital
RUS,TUR,1794.9,capital
RUS,TUV,13783.3,capital
RUS,TWN,7357.0,capital
RUS,TZA,6887.8,capital
RUS,UGA,6181.0,capital
RUS,UKR,755.0,capital
RUS,UMI,10397.5,centroid
RUS,UNK,1872.5,capital
RUS,URY,13370.0,capital
RUS,USA,8741.4,centroid
RUS,UZB,2792.2,capital
RUS,VAT,2377.5,capital
RUS,VCT,9344.6,capital
RUS,VEN,9931.5,capital
RUS,VGB,9060.5,capital
RUS,VIR,9086.5,capital
RUS,VNM,6734.5,capital
RUS,VUT,13880.0,centroid
RUS,WLF,14474.5,capital
RUS,WSM,14717.8,capital
RUS,YEM,4617.6,centroid
RUS,ZAF,9106.1,capital
RUS,ZMB,7960.8,capital
RUS,ZWE,8205.0,capital
RWA,SAU,3464.8,capital
RWA,SDN,1965.0,capital
RWA,SEN,5545.9,capital
RWA,SGP,8211.8,capital
RWA,SGS,8371.9,centroid
RWA,SHN,4214.7,capital
RWA,SJM,8956.3,capital
RWA,SLB,14322.8,capital
RWA,SLE,4937.4,capital
RWA,SLV,13215.1,capital
RWA,SMR,5379.0,centroid
RWA,SOM,1756.1,capital
RWA,SPM,9879.3,capital
RWA,SRB,5285.0,capital
RWA,SSD,775.0,capital
RWA,STP,2606.1,capital
RWA,SUR,9502.0,capital
RWA,SVK,5710.3,capital
RWA,SVN,5552.0,capital
RWA,SWE,6894.5,capital
RWA,SWZ,2728.9,capital
RWA,SXM,10402.8,capital
RWA,SYC,2834.5,capital
RWA,SYR,3996.8,capital
RWA,TCA,11245.7,capital
RWA,TCD,2279.1,capital
RWA,TGO,3325.3,capital
RWA,THA,7953.3,capital
RWA,TJK,5997.0,capital
RWA,TKL,17284.3,centroid
RWA,TKM,5305.7,capital
RWA,TLS,10581.2,capital
RWA,TON,16350.8,centroid
RWA,TTO,10220.0,capital
RWA,TUN,4775.9,capital
RWA,TUR,4664.4,capital
RWA,TUV,16400.9,capital
RWA,TWN,10247.1,capital
RWA,TZA,785.6,capital
RWA,UGA,377.1,capital
RWA,UKR,5827.3,capital
RWA,UMI,14914.7,centroid
RWA,UNK,5041.4,capital
RWA,URY,9541.3,capital
RWA,USA,13310.8,centroid
RWA,UZB,6220.1,capital
RWA,VAT,5188.7,capital
RWA,VCT,10196.1,capital
RWA,VEN,10805.4,capital
RWA,VGB,10569.6,capital
RWA,VIR,10602.3,capital
RWA,VNM,8614.5,capital
RWA,VUT,14881.6,centroid
RWA,WLF,16662.2,capital
RWA,WSM,17037.2,capital
RWA,YEM,2729.6,centroid
RWA,ZAF,2653.4,capital
RWA,ZMB,1508.9,capital
RWA,ZWE,1768.9,capital
SAU,SDN,1794.2,capital
SAU,SEN,6752.8,capital
SAU,SGP,6653.8,capital
SAU,SGS,11831.1,centroid
SAU,SHN,7260.0,capital
SAU,SJM,6161.2,capital
SAU,SLB,12782.8,capital
SAU,SLE,6586.4,capital
SAU,SLV,13605.6,capital
SAU,SMR,3759.0,centroid
SAU,SOM,2523.0,capital
SAU,SPM,8948.5,capital
SAU,SRB,3252.7,capital
SAU,SSD,2735.2,capital
SAU,STP,5080.3,capital
SAU,SUR,10925.0,capital
SAU,SVK,3675.6,capital
SAU,SVN,3721.4,capital
SAU,SWE,4448.6,capital
SAU,SWZ,5927.2,capital
SAU,SXM,11050.4,capital
SAU,SYC,3393.0,capital
SAU,SYR,1408.8,capital
SAU,TCA,11567.4,capital
SAU,TCD,3610.9,capital
SAU,TGO,5262.7,capital
SAU,THA,5740.5,capital
SAU,TJK,2583.3,capital
SAU,TKL,15561.8,centroid
SAU,TKM,1840.9,capital
SAU,TLS,9295.3,capital
SAU,TON,15708.7,centroid
SAU,TTO,11304.6,capital
SAU,TUN,3717.0,capital
SAU,TUR,2131.4,capital
SAU,TUV,14673.6,capital
SAU,TWN,7437.0,capital
SAU,TZA,3631.7,capital
SAU,UGA,3107.8,capital
SAU,UKR,3185.2,capital
SAU,UMI,11879.2,centroid
SAU,UNK,3074.7,capital
SAU,URY,12667.4,capital
SAU,USA,12083.1,centroid
SAU,UZB,2777.3,capital
SAU,VAT,3679.4,capital
SAU,VCT,11145.1,capital
SAU,VEN,11826.6,capital
SAU,VGB,11171.6,capital
SAU,VIR,11204.6,capital
SAU,VNM,6025.3,capital
SAU,VUT,13759.8,centroid
SAU,WLF,15350.9,capital
SAU,WSM,15814.7,capital
SAU,YEM,1085.5,centroid
SAU,ZAF,5951.2,capital
SAU,ZMB,4886.2,capital
SAU,ZWE,5023.1,capital
SDN,SEN,5353.0,capital
SDN,SGP,7968.9,capital
SDN,SGS,10151.8,centroid
SDN,SHN,5466.2,capital
SDN,SJM,7029.4,capital
SDN,SLB,14279.5,capital
SDN,SLE,5029.6,capital
SDN,SLV,12830.1,capital
SDN,SMR,3668.6,centroid
SDN,SOM,2056.7,capital
SDN,SPM,8658.1,capital
SDN,SRB,3444.5,capital
SDN,SSD,1194.3,capital
SDN,STP,3299.0,capital
SDN,SUR,9587.5,capital
SDN,SVK,3889.8,capital
SDN,SVN,3783.2,capital
SDN,SWE,5009.6,capital
SDN,SWZ,4674.5,capital
SDN,SXM,10046.3,capital
SDN,SYC,3376.3,capital
SDN,SYR,2032.3,capital
SDN,TCA,10734.5,capital
SDN,TCD,1925.9,capital
SDN,TGO,3570.8,capital
SDN,THA,7282.8,capital
SDN,TJK,4360.5,capital
SDN,TKL,17254.3,centroid
SDN,TKM,3552.3,capital
SDN,TLS,10584.5,capital
SDN,TON,17061.7,centroid
SDN,TTO,10117.5,capital
SDN,TUN,3234.4,capital
SDN,TUR,2709.8,capital
SDN,TUV,16311.1,capital
SDN,TWN,9184.3,capital
SDN,TZA,2441.3,capital
SDN,UGA,1694.1,capital
SDN,UKR,3885.2,capital
SDN,UMI,13673.3,centroid
SDN,UNK,3204.4,capital
SDN,URY,10875.2,capital
SDN,USA,12070.3,centroid
SDN,UZB,4531.3,capital
SDN,VAT,3504.2,capital
SDN,VCT,10010.7,capital
SDN,VEN,10684.8,capital
SDN,VGB,10192.7,capital
SDN,VIR,10226.8,capital
SDN,VNM,7699.1,capital
SDN,VUT,15152.6,centroid
SDN,WLF,16915.5,capital
SDN,WSM,17395.9,capital
SDN,YEM,1659.9,centroid
SDN,ZAF,4616.0,capital
SDN,ZMB,3473.9,capital
SDN,ZWE,3715.2,capital
SEN,SGP,13318.5,capital
SEN,SGS,7913.4,centroid
SEN,SHN,3640.1,capital
SEN,SJM,7290.1,capital
SEN,SLB,19365.2,capital
SEN,SLE,828.4,capital
SEN,SLV,7699.1,capital
SEN,SMR,4294.8,centroid
SEN,SOM,7026.2,capital
SEN,SPM,5053.5,capital
SEN,SRB,4884.3,capital
SEN,SSD,5470.6,capital
SEN,STP,3099.8,capital
SEN,SUR,4235.5,capital
SEN,SVK,4882.0,capital
SEN,SVN,4582.9,capital
SEN,SWE,5748.6,capital
SEN,SWZ,6968.7,capital
SEN,SXM,4867.8,capital
SEN,SYC,8311.5,capital
SEN,SYR,5770.4,capital
SEN,TCA,5699.9,capital
SEN,TCD,3523.0,capital
SEN,TGO,2250.4,capital
SEN,THA,12490.9,capital
SEN,TJK,8673.5,capital
SEN,TKL,17176.9,centroid
SEN,TKM,7778.7,capital
SEN,TLS,15934.9,capital
SEN,TON,17563.4,centroid
SEN,TTO,4795.2,capital
SEN,TUN,3675.1,capital
SEN,TUR,5610.5,capital
SEN,TUV,18078.5,capital
SEN,TWN,13745.6,capital
SEN,TZA,6304.7,capital
SEN,UGA,5724.1,capital
SEN,UKR,5844.3,capital
SEN,UMI,16208.9,centroid
SEN,UNK,4815.8,capital
SEN,URY,6864.3,capital
SEN,USA,8104.1,centroid
SEN,UZB,8661.9,capital
SEN,VAT,4168.0,capital
SEN,VCT,4721.3,capital
SEN,VEN,5375.2,capital
SEN,VGB,5031.9,capital
SEN,VIR,5065.0,capital
SEN,VNM,12660.7,capital
SEN,VUT,19516.9,centroid
SEN,WLF,17715.6,capital
SEN,WSM,17247.7,capital
SEN,YEM,7005.6,centroid
SEN,ZAF,6678.5,capital
SEN,ZMB,6037.8,capital
SEN,ZWE,6429.6,capital
SGP,SGS,13114.3,centroid
SGP,SHN,12137.8,capital
SGP,SJM,9826.4,capital
SGP,SLB,6324.9,capital
SGP,SLE,12959.2,capital
SGP,SLV,17815.3,capital
SGP,SMR,10023.4,centroid
SGP,SOM,6503.1,capital
SGP,SPM,14325.6,capital
SGP,SRB,9384.9,capital
SGP,SSD,8030.9,capital
SGP,STP,10798.2,capital
SGP,SUR,17553.1,capital
SGP,SVK,9659.1,capital
SGP,SVN,9853.8,capital
SGP,SWE,9645.0,capital
SGP,SWZ,8352.6,capital
SGP,SXM,17432.4,capital
SGP,SYC,5416.5,capital
SGP,SYR,7860.7,capital
SGP,TCA,17427.4,capital
SGP,TCD,9847.6,capital
SGP,TGO,11387.6,capital
SGP,THA,1434.1,capital
SGP,TJK,5465.4,capital
SGP,TKL,9387.8,centroid
SGP,TKM,6168.8,capital
SGP,TLS,2645.0,capital
SGP,TON,9133.0,centroid
SGP,TTO,17920.6,capital
SGP,TUN,10249.3,capital
SGP,TUR,8304.6,capital
SGP,TUV,8418.6,capital
SGP,TWN,3253.0,capital
SGP,TZA,7605.6,capital
SGP,UGA,7924.4,capital
SGP,UKR,8724.8,capital
SGP,UMI,7112.1,centroid
SGP,UNK,9312.6,capital
SGP,URY,15743.5,capital
SGP,USA,15150.3,centroid
SGP,UZB,5639.4,capital
SGP,VAT,10027.3,capital
SGP,VCT,17715.4,capital
SGP,VEN,18351.6,capital
SGP,VGB,17486.0,capital
SGP,VIR,17510.8,capital
SGP,VNM,2205.0,capital
SGP,VUT,7190.9,centroid
SGP,WLF,8956.7,capital
SGP,WSM,9435.7,capital
SGP,YEM,6313.2,centroid
SGP,ZAF,8638.6,capital
SGP,ZMB,8500.7,capital
SGP,ZWE,8235.3,capital
SGS,SHN,5062.0,centroid
SGS,SJM,15175.3,centroid
SGS,SLB,12730.7,centroid
SGS,SLE,7347.5,centroid
SGS,SLV,9027.4,centroid
SGS,SMR,11884.2,centroid
SGS,SOM,9699.2,centroid
SGS,SPM,11405.4,centroid
SGS,SRB,12299.9,centroid
SGS,SSD,9097.0,centroid
SGS,STP,7282.4,centroid
SGS,SUR,6921.6,centroid
SGS,SVK,12485.8,centroid
SGS,SVN,12185.8,centroid
SGS,SWE,13571.0,centroid
SGS,SWZ,6252.3,centroid
SGS,SXM,8435.9,centroid
SGS,SYC,9747.7,centroid
SGS,SYR,12017.4,centroid
SGS,TCA,9051.9,centroid
SGS,TCD,8864.4,centroid
SGS,TGO,7615.6,centroid
SGS,THA,14182.7,centroid
SGS,TJK,14355.6,centroid
SGS,TKL,11803.7,centroid
SGS,TKM,13669.2,centroid
SGS,TLS,12816.3,centroid
SGS,TON,10819.3,centroid
SGS,TTO,7603.0,centroid
SGS,TUN,11107.8,centroid
SGS,TUR,12415.6,centroid
SGS,TUV,12236.6,centroid
SGS,TWN,16294.8,centroid
SGS,TZA,8339.5,centroid
SGS,UGA,8737.1,centroid
SGS,UKR,13244.0,centroid
SGS,UMI,15618.4,centroid
SGS,UNK,12127.3,centroid
SGS,URY,2636.0,centroid
SGS,USA,11765.3,centroid
SGS,UZB,14590.0,centroid
SGS,VAT,11701.5,centroid
SGS,VCT,7862.4,centroid
SGS,VEN,7750.5,centroid
SGS,VGB,8523.7,centroid
SGS,VIR,8523.7,centroid
SGS,VNM,15166.0,centroid
SGS,VUT,11852.4,centroid
SGS,WLF,11555.8,centroid
SGS,WSM,11306.2,centroid
SGS,YEM,11043.1,centroid
SGS,ZAF,6119.2,centroid
SGS,ZMB,7031.4,centroid
SGS,ZWE,6991.9,centroid
SHN,SJM,10555.0,capital
SHN,SLB,16783.9,capital
SHN,SLE,2837.9,capital
SHN,SLV,9744.1,capital
SHN,SMR,6889.1,centroid
SHN,SOM,5953.7,capital
SHN,SPM,8599.0,capital
SHN,SRB,7253.6,capital
SHN,SSD,4709.6,capital
SHN,STP,2266.5,capital
SHN,SUR,5956.5,capital
SHN,SVK,7476.0,capital
SHN,SVN,7184.9,capital
SHN,SWE,8641.0,capital
SHN,SWZ,3986.7,capital
SHN,SXM,7325.0,capital
SHN,SYC,6786.9,capital
SHN,SYR,7074.5,capital
SHN,TCA,8253.7,capital
SHN,TCD,3864.2,capital
SHN,TGO,2568.5,capital
SHN,THA,12124.0,capital
SHN,TJK,9815.7,capital
SHN,TKL,16858.7,centroid
SHN,TKM,8967.9,capital
SHN,TLS,14001.8,capital
SHN,TON,15852.3,centroid
SHN,TTO,6815.1,capital
SHN,TUN,6097.0,capital
SHN,TUR,7382.1,capital
SHN,TUV,17243.2,capital
SHN,TWN,14460.6,capital
SHN,TZA,4642.9,capital
SHN,UGA,4574.3,capital
SHN,UKR,8184.7,capital
SHN,UMI,19122.0,centroid
SHN,UNK,7072.1,capital
SHN,URY,5424.1,capital
SHN,USA,11198.7,centroid
SHN,UZB,9963.5,capital
SHN,VAT,6695.4,capital
SHN,VCT,6906.1,capital
SHN,VEN,7343.0,capital
SHN,VGB,7493.3,capital
SHN,VIR,7518.2,capital
SHN,VNM,12827.2,capital
SHN,VUT,16376.4,centroid
SHN,WLF,16602.2,capital
SHN,WSM,16368.1,capital
SHN,YEM,6827.7,centroid
SHN,ZAF,3676.6,capital
SHN,ZMB,3637.2,capital
SHN,ZWE,3912.3,capital
SJM,SLB,12109.4,capital
SJM,SLE,7924.0,capital
SJM,SLV,8848.6,capital
SJM,SMR,3834.0,centroid
SJM,SOM,8646.7,capital
SJM,SPM,4536.9,capital
SJM,SRB,3722.0,capital
SJM,SSD,8210.5,capital
SJM,STP,8676.6,capital
SJM,SUR,8940.0,capital
SJM,SVK,3344.8,capital
SJM,SVN,3577.7,capital
SJM,SWE,2102.7,capital
SJM,SWZ,11685.1,capital
SJM,SXM,7790.6,capital
SJM,SYC,9513.8,capital
SJM,SYR,5070.1,capital
SJM,TCA,7601.0,capital
SJM,TCD,7351.9,capital
SJM,TGO,8059.3,capital
SJM,THA,8394.2,capital
SJM,TJK,5016.7,capital
SJM,TKL,12305.6,centroid
SJM,TKM,4884.3,capital
SJM,TLS,11384.7,capital
SJM,TON,13516.2,centroid
SJM,TTO,8556.8,capital
SJM,TUN,4611.1,capital
SJM,TUR,4330.7,capital
SJM,TUV,12208.9,capital
SJM,TWN,7634.3,capital
SJM,TZA,9463.4,capital
SJM,UGA,8720.5,capital
SJM,UKR,3146.8,capital
SJM,UMI,9015.4,centroid
SJM,UNK,3960.7,capital
SJM,URY,13402.2,capital
SJM,USA,6367.4,centroid
SJM,UZB,4730.7,capital
SJM,VAT,4041.2,capital
SJM,VCT,8279.4,capital
SJM,VEN,8696.7,capital
SJM,VGB,7782.6,capital
SJM,VIR,7798.8,capital
SJM,VNM,7725.6,capital
SJM,VUT,12924.4,centroid
SJM,WLF,12764.3,capital
SJM,WSM,12843.5,capital
SJM,YEM,7246.7,centroid
SJM,ZAF,11589.5,capital
SJM,ZMB,10441.6,capital
SJM,ZWE,10725.1,capital
SLB,SLE,19259.3,capital
SLB,SLV,12491.8,capital
SLB,SMR,15077.6,centroid
SLB,SOM,12743.2,capital
SLB,SPM,14643.1,capital
SLB,SRB,14495.5,capital
SLB,SSD,14300.5,capital
SLB,STP,16883.7,capital
SLB,SUR,16126.5,capital
SLB,SVK,14487.5,capital
SLB,SVN,14787.6,capital
SLB,SWE,13618.1,capital
SLB,SWZ,13195.0,capital
SLB,SXM,15285.0,capital
SLB,SYC,11505.1,capital
SLB,SYR,13690.1,capital
SLB,TCA,14404.0,capital
SLB,TCD,16172.5,capital
SLB,TGO,17643.5,capital
SLB,THA,7047.4,capital
SLB,TJK,10760.3,capital
SLB,TKL,3078.3,centroid
SLB,TKM,11661.9,capital
SLB,TLS,3775.2,capital
SLB,TON,2933.6,centroid
SLB,TTO,15475.9,capital
SLB,TUN,15714.0,capital
SLB,TUR,13805.9,capital
SLB,TUV,2115.8,capital
SLB,TWN,5659.4,capital
SLB,TZA,13594.9,capital
SLB,UGA,14104.2,capital
SLB,UKR,13530.9,capital
SLB,UMI,3277.9,centroid
SLB,UNK,14571.7,capital
SLB,URY,13791.2,capital
SLB,USA,11791.9,centroid
SLB,UZB,10758.5,capital
SLB,VAT,15208.6,capital
SLB,VCT,15510.8,capital
SLB,VEN,14889.7,capital
SLB,VGB,15115.1,capital
SLB,VIR,15083.4,capital
SLB,VNM,6810.5,capital
SLB,VUT,1057.0,centroid
SLB,WLF,2636.5,capital
SLB,WSM,3116.8,capital
SLB,YEM,12619.6,centroid
SLB,ZAF,13496.2,capital
SLB,ZMB,14017.4,capital
SLB,ZWE,13638.0,capital
SLE,SLV,8277.7,capital
SLE,SMR,4643.5,centroid
SLE,SOM,6519.6,capital
SLE,SPM,5880.9,capital
SLE,SRB,5175.2,capital
SLE,SSD,4963.6,capital
SLE,STP,2390.0,capital
SLE,SUR,4633.1,capital
SLE,SVK,5248.4,capital
SLE,SVN,4943.4,capital
SLE,SWE,6236.0,capital
SLE,SWZ,6171.2,capital
SLE,SXM,5477.7,capital
SLE,SYC,7754.1,capital
SLE,SYR,5773.3,capital
SLE,TCA,6350.2,capital
SLE,TCD,3118.4,capital
SLE,TGO,1615.7,capital
SLE,THA,12296.7,capital
SLE,TJK,8728.4,capital
SLE,TKL,17680.9,centroid
SLE,TKM,7819.7,capital
SLE,TLS,15487.7,capital
SLE,TON,17673.3,centroid
SLE,TTO,5294.6,capital
SLE,TUN,3936.7,capital
SLE,TUR,5740.6,capital
SLE,TUV,18648.2,capital
SLE,TWN,13859.4,capital
SLE,TZA,5668.9,capital
SLE,UGA,5155.1,capital
SLE,UKR,6154.2,capital
SLE,UMI,16925.3,centroid
SLE,UNK,5067.2,capital
SLE,URY,6603.5,capital
SLE,USA,8883.5,centroid
SLE,UZB,8757.2,capital
SLE,VAT,4488.4,capital
SLE,VCT,5259.8,capital
SLE,VEN,5880.8,capital
SLE,VGB,5646.9,capital
SLE,VIR,5678.8,capital
SLE,VNM,12599.5,capital
SLE,VUT,19179.3,centroid
SLE,WLF,18078.2,capital
SLE,WSM,17600.2,capital
SLE,YEM,6687.0,centroid
SLE,ZAF,5876.6,capital
SLE,ZMB,5289.7,capital
SLE,ZWE,5675.2,capital
SLV,SMR,9863.7,centroid
SLV,SOM,14706.9,capital
SLV,SPM,4790.2,capital
SLV,SRB,10422.4,capital
SLV,SSD,13162.8,capital
SLV,STP,10637.8,capital
SLV,SUR,3823.4,capital
SLV,SVK,10043.2,capital
SLV,SVN,9938.9,capital
SLV,SWE,9647.2,capital
SLV,SWZ,13683.0,capital
SLV,SXM,2834.8,capital
SLV,SYC,16010.5,capital
SLV,SYR,12214.5,capital
SLV,TCA,2096.6,capital
SLV,TCD,11185.9,capital
SLV,TGO,9890.5,capital
SLV,THA,16782.4,capital
SLV,TJK,13771.7,capital
SLV,TKL,9477.9,centroid
SLV,TKM,13351.7,capital
SLV,TLS,16183.4,capital
SLV,TON,10098.5,centroid
SLV,TTO,3024.3,capital
SLV,TUN,9909.3,capital
SLV,TUR,11574.4,capital
SLV,TUV,10404.2,capital
SLV,TWN,14570.3,capital
SLV,TZA,13937.6,capital
SLV,UGA,13418.9,capital
SLV,UKR,10800.2,capital
SLV,UMI,10943.7,centroid
SLV,UNK,10569.3,capital
SLV,URY,6427.2,capital
SLV,USA,2811.2,centroid
SLV,UZB,13513.7,capital
SLV,VAT,9930.2,capital
SLV,VCT,3023.0,capital
SLV,VEN,2450.5,capital
SLV,VGB,2675.0,capital
SLV,VIR,2641.3,capital
SLV,VNM,15820.6,capital
SLV,VUT,11870.2,centroid
SLV,WLF,10037.3,capital
SLV,WSM,9591.5,capital
SLV,YEM,14326.8,centroid
SLV,ZAF,13381.7,capital
SLV,ZMB,13306.7,capital
SLV,ZWE,13628.8,capital
SMR,SOM,5662.4,centroid
SMR,SPM,5203.7,centroid
SMR,SRB,650.7,centroid
SMR,SSD,4717.1,centroid
SMR,STP,4861.9,centroid
SMR,SUR,7765.8,centroid
SMR,SVK,607.0,centroid
SMR,SVN,302.6,centroid
SMR,SWE,1772.5,centroid
SMR,SWZ,8041.2,centroid
SMR,SXM,7479.8,centroid
SMR,SYC,6887.4,centroid
SMR,SYR,2354.3,centroid
SMR,TCA,7875.2,centroid
SMR,TCD,3529.4,centroid
SMR,TGO,4325.7,centroid
SMR,THA,8803.3,centroid
SMR,TJK,4663.4,centroid
SMR,TKL,16125.6,centroid
SMR,TKM,3868.9,centroid
SMR,TLS,12516.9,centroid
SMR,TON,17284.0,centroid
SMR,TTO,7902.6,centroid
SMR,TUN,795.7,centroid
SMR,TUR,1741.2,centroid
SMR,TUV,15891.9,centroid
SMR,TWN,9505.4,centroid
SMR,TZA,6026.9,centroid
SMR,UGA,5228.7,centroid
SMR,UKR,1553.3,centroid
SMR,UMI,12526.1,centroid
SMR,UNK,719.0,centroid
SMR,URY,11158.9,centroid
SMR,USA,8485.2,centroid
SMR,UZB,4571.2,centroid
SMR,VAT,207.3,centroid
SMR,VCT,7692.3,centroid
SMR,VEN,8346.3,centroid
SMR,VGB,7576.9,centroid
SMR,VIR,7607.8,centroid
SMR,VNM,8673.3,centroid
SMR,VUT,16106.7,centroid
SMR,WLF,16527.5,centroid
SMR,WSM,16662.9,centroid
SMR,YEM,4639.8,centroid
SMR,ZAF,7895.1,centroid
SMR,ZMB,6774.9,centroid
SMR,ZWE,7107.3,centroid
SOM,SPM,10714.8,capital
SOM,SRB,5344.3,capital
SOM,SSD,1559.0,capital
SOM,STP,4296.7,capital
SOM,SUR,11145.8,capital
SOM,SVK,5796.3,capital
SOM,SVN,5738.0,capital
SOM,SWE,6791.2,capital
SOM,SWZ,3514.5,capital
SOM,SXM,11874.1,capital
SOM,SYC,1345.4,capital
SOM,SYR,3624.3,capital
SOM,TCA,12641.7,capital
SOM,TCD,3521.1,capital
SOM,TGO,4913.1,capital
SOM,THA,6197.3,capital
SOM,TJK,4705.9,capital
SOM,TKL,15813.3,centroid
SOM,TKM,4209.0,capital
SOM,TLS,8968.2,capital
SOM,TON,15201.7,centroid
SOM,TTO,11804.4,capital
SOM,TUN,5285.0,capital
SOM,TUR,4397.1,capital
SOM,TUV,14858.6,capital
SOM,TWN,8520.6,capital
SOM,TZA,1403.7,capital
SOM,UGA,1431.5,capital
SOM,UKR,5561.9,capital
SOM,UMI,13183.6,centroid
SOM,UNK,5117.1,capital
SOM,URY,11187.8,capital
SOM,USA,14119.9,centroid
SOM,UZB,4974.3,capital
SOM,VAT,5513.5,capital
SOM,VCT,11745.7,capital
SOM,VEN,12389.2,capital
SOM,VGB,12032.3,capital
SOM,VIR,12066.1,capital
SOM,VNM,6874.8,capital
SOM,VUT,13446.7,centroid
SOM,WLF,15281.3,capital
SOM,WSM,15731.5,capital
SOM,YEM,1470.6,centroid
SOM,ZAF,3598.6,capital
SOM,ZMB,2698.5,capital
SOM,ZWE,2707.4,capital
SPM,SRB,5700.0,capital
SPM,SSD,9444.2,capital
SPM,STP,7958.0,capital
SPM,SUR,4550.3,capital
SPM,SVK,5293.6,capital
SPM,SVN,5227.3,capital
SPM,SWE,4871.6,capital
SPM,SWZ,11926.9,capital
SPM,SXM,3258.6,capital
SPM,SYC,12017.9,capital
SPM,SYR,7539.8,capital
SPM,TCA,3121.8,capital
SPM,TCD,7604.0,capital
SPM,TGO,7071.8,capital
SPM,THA,12893.0,capital
SPM,TJK,9067.1,capital
SPM,TKL,12689.4,centroid
SPM,TKM,8570.3,capital
SPM,TLS,15761.9,capital
SPM,TON,13790.3,centroid
SPM,TTO,4047.0,capital
SPM,TUN,5443.2,capital
SPM,TUR,6843.2,capital
SPM,TUV,13291.0,capital
SPM,TWN,12024.4,capital
SPM,TZA,10652.9,capital
SPM,UGA,9887.5,capital
SPM,UKR,6010.5,capital
SPM,UMI,11507.7,centroid
SPM,UNK,5873.9,capital
SPM,URY,9082.7,capital
SPM,USA,3449.0,centroid
SPM,UZB,8838.4,capital
SPM,VAT,5309.3,capital
SPM,VCT,3768.5,capital
SPM,VEN,4159.8,capital
SPM,VGB,3245.8,capital
SPM,VIR,3261.9,capital
SPM,VNM,12262.2,capital
SPM,VUT,14779.4,centroid
SPM,WLF,13348.1,capital
SPM,WSM,13063.2,capital
SPM,YEM,9838.1,centroid
SPM,ZAF,11656.6,capital
SPM,ZMB,10837.6,capital
SPM,ZWE,11235.8,capital
SRB,SSD,4572.6,capital
SRB,STP,5126.4,capital
SRB,SUR,8416.3,capital
SRB,SVK,452.0,capital
SRB,SVN,485.2,capital
SRB,SWE,1623.2,capital
SRB,SWZ,7999.6,capital
SRB,SXM,8104.3,capital
SRB,SYC,6503.9,capital
SRB,SYR,1848.3,capital
SRB,TCA,8468.0,capital
SRB,TCD,3672.2,capital
SRB,TGO,4687.9,capital
SRB,THA,8154.4,capital
SRB,TJK,4012.7,capital
SRB,TKL,15857.3,centroid
SRB,TKM,3223.1,capital
SRB,TLS,11867.1,capital
SRB,TON,16910.6,centroid
SRB,TTO,8544.3,capital
SRB,TUN,1238.9,capital
SRB,TUR,1152.0,capital
SRB,TUV,15491.4,capital
SRB,TWN,8886.3,capital
SRB,TZA,5870.1,capital
SRB,UGA,5088.9,capital
SRB,UKR,979.8,capital
SRB,UMI,12105.3,centroid
SRB,UNK,243.6,capital
SRB,URY,11742.0,capital
SRB,USA,8880.5,centroid
SRB,UZB,3922.2,capital
SRB,VAT,723.2,capital
SRB,VCT,8330.5,capital
SRB,VEN,8979.9,capital
SRB,VGB,8196.8,capital
SRB,VIR,8227.2,capital
SRB,VNM,8024.8,capital
SRB,VUT,15539.2,centroid
SRB,WLF,16172.0,capital
SRB,WSM,16382.3,capital
SRB,YEM,4203.7,centroid
SRB,ZAF,7883.8,capital
SRB,ZMB,6741.7,capital
SRB,ZWE,7046.6,capital
SSD,STP,2805.2,capital
SSD,SUR,9594.1,capital
SSD,SVK,5007.4,capital
SSD,SVN,4868.8,capital
SSD,SWE,6167.1,capital
SSD,SWZ,3482.7,capital
SSD,SXM,10328.0,capital
SSD,SYC,2853.0,capital
SSD,SYR,3223.7,capital
SSD,TCA,11117.3,capital
SSD,TCD,1988.4,capital
SSD,TGO,3363.1,capital
SSD,THA,7605.0,capital
SSD,TJK,5299.4,capital
SSD,TKL,17372.3,centroid
SSD,TKM,4572.4,capital
SSD,TLS,10525.2,capital
SSD,TON,16682.4,centroid
SSD,TTO,10245.4,capital
SSD,TUN,4170.7,capital
SSD,TUR,3901.5,capital
SSD,TUV,16416.2,capital
SSD,TWN,9773.7,capital
SSD,TZA,1309.8,capital
SSD,UGA,516.4,capital
SSD,UKR,5071.8,capital
SSD,UMI,14412.4,centroid
SSD,UNK,4329.4,capital
SSD,URY,10113.3,capital
SSD,USA,12893.2,centroid
SSD,UZB,5508.6,capital
SSD,VAT,4535.2,capital
SSD,VCT,10188.0,capital
SSD,VEN,10830.3,capital
SSD,VGB,10488.5,capital
SSD,VIR,10522.0,capital
SSD,VNM,8181.8,capital
SSD,VUT,14996.9,centroid
SSD,WLF,16829.9,capital
SSD,WSM,17268.5,capital
SSD,YEM,2120.6,centroid
SSD,ZAF,3421.8,capital
SSD,ZMB,2281.7,capital
SSD,ZWE,2522.5,capital
STP,SUR,6896.1,capital
STP,SVK,5409.5,capital
STP,SVN,5139.7,capital
STP,SWE,6633.3,capital
STP,SWZ,3969.0,capital
STP,SXM,7861.3,capital
STP,SYC,5440.2,capital
STP,SYR,4808.1,capital
STP,TCA,8739.7,capital
STP,TCD,1598.2,capital
STP,TGO,887.9,capital
STP,THA,10405.9,capital
STP,TJK,7590.8,capital
STP,TKL,19041.7,centroid
STP,TKM,6724.2,capital
STP,TLS,13182.1,capital
STP,TON,17820.6,centroid
STP,TTO,7625.4,capital
STP,TUN,4071.9,capital
STP,TUR,5135.3,capital
STP,TUV,18780.0,capital
STP,TWN,12473.3,capital
STP,TZA,3300.1,capital
STP,UGA,2874.6,capital
STP,UKR,6009.9,capital
STP,UMI,16921.1,centroid
STP,UNK,4923.1,capital
STP,URY,7592.9,capital
STP,USA,11182.6,centroid
STP,UZB,7721.8,capital
STP,VAT,4657.4,capital
STP,VCT,7614.9,capital
STP,VEN,8209.2,capital
STP,VGB,8031.3,capital
STP,VIR,8062.9,capital
STP,VNM,10939.1,capital
STP,VUT,17237.2,centroid
STP,WLF,18540.6,capital
STP,WSM,18505.3,capital
STP,YEM,4817.2,centroid
STP,ZAF,3703.7,capital
STP,ZMB,2945.0,capital
STP,ZWE,3340.5,capital
SUR,SVK,8211.3,capital
SUR,SVN,7976.5,capital
SUR,SWE,8501.0,capital
SUR,SWZ,9938.2,capital
SUR,SXM,1599.9,capital
SUR,SYC,12336.4,capital
SUR,SYR,9782.5,capital
SUR,TCA,2442.0,capital
SUR,TCD,7724.5,capital
SUR,TGO,6232.8,capital
SUR,THA,16555.0,capital
SUR,TJK,12427.9,capital
SUR,TKL,13049.2,centroid
SUR,TKM,11621.1,capital
SUR,TLS,19704.8,capital
SUR,TON,13343.3,centroid
SUR,TTO,879.3,capital
SUR,TUN,7430.2,capital
SUR,TUR,9421.0,capital
SUR,TUV,14015.2,capital
SUR,TWN,16558.4,capital
SUR,TZA,10177.2,capital
SUR,UGA,9755.0,capital
SUR,UKR,9200.0,capital
SUR,UMI,14651.9,centroid
SUR,UNK,8449.8,capital
SUR,URY,4534.6,capital
SUR,USA,5524.7,centroid
SUR,UZB,12318.7,capital
SUR,VAT,7728.4,capital
SUR,VCT,1047.8,capital
SUR,VEN,1387.4,capital
SUR,VGB,1732.6,capital
SUR,VIR,1745.3,capital
SUR,VNM,16376.8,capital
SUR,VUT,15286.0,centroid
SUR,WLF,13508.2,capital
SUR,WSM,13030.8,capital
SUR,YEM,11241.1,centroid
SUR,ZAF,9629.6,capital
SUR,ZMB,9483.4,capital
SUR,ZWE,9809.1,capital
SVK,SVN,305.2,capital
SVK,SWE,1244.9,capital
SVK,SWZ,8415.3,capital
SVK,SXM,7804.1,capital
SVK,SYC,6951.0,capital
SVK,SYR,2279.9,capital
SVK,TCA,8123.0,capital
SVK,TCD,4012.2,capital
SVK,TGO,4908.7,capital
SVK,THA,8386.9,capital
SVK,TJK,4228.4,capital
SVK,TKL,15578.9,centroid
SVK,TKM,3492.4,capital
SVK,TLS,12081.7,capital
SVK,TON,16701.7,centroid
SVK,TTO,8284.4,capital
SVK,TUN,1381.0,capital
SVK,TUR,1551.3,capital
SVK,TUV,15298.6,capital
SVK,TWN,8952.1,capital
SVK,TZA,6308.9,capital
SVK,UGA,5523.6,capital
SVK,UKR,1004.5,capital
SVK,UMI,11925.6,centroid
SVK,UNK,686.2,capital
SVK,URY,11742.2,capital
SVK,USA,8438.2,centroid
SVK,UZB,4107.4,capital
SVK,VAT,784.5,capital
SVK,VCT,8060.4,capital
SVK,VEN,8696.5,capital
SVK,VGB,7888.4,capital
SVK,VIR,7918.0,capital
SVK,VNM,8192.9,capital
SVK,VUT,15509.2,centroid
SVK,WLF,15948.6,capital
SVK,WSM,16112.7,capital
SVK,YEM,4644.6,centroid
SVK,ZAF,8290.7,capital
SVK,ZMB,7153.6,capital
SVK,ZWE,7466.2,capital
SVN,SWE,1495.3,capital
SVN,SWZ,8237.8,capital
SVN,SXM,7626.7,capital
SVN,SYC,6930.0,capital
SVN,SYR,2313.1,capital
SVN,TCA,7983.1,capital
SVN,TCD,3774.8,capital
SVN,TGO,4619.4,capital
SVN,THA,8605.9,capital
SVN,TJK,4452.9,capital
SVN,TKL,15848.8,centroid
SVN,TKM,3686.2,capital
SVN,TLS,12311.9,capital
SVN,TON,16991.0,centroid
SVN,TTO,8079.8,capital
SVN,TUN,1088.0,capital
SVN,TUR,1635.8,capital
SVN,TUV,15593.8,capital
SVN,TWN,9235.9,capital
SVN,TZA,6176.5,capital
SVN,UGA,5383.6,capital
SVN,UKR,1279.8,capital
SVN,UMI,12225.0,centroid
SVN,UNK,648.9,capital
SVN,URY,11445.4,capital
SVN,USA,8445.3,centroid
SVN,UZB,4346.1,capital
SVN,VAT,489.6,capital
SVN,VCT,7862.2,capital
SVN,VEN,8507.5,capital
SVN,VGB,7717.3,capital
SVN,VIR,7747.6,capital
SVN,VNM,8442.5,capital
SVN,VUT,15812.1,centroid
SVN,WLF,16235.8,capital
SVN,WSM,16384.7,capital
SVN,YEM,4648.8,centroid
SVN,ZAF,8102.0,capital
SVN,ZMB,6972.7,capital
SVN,ZWE,7295.8,capital
SWE,SWZ,9616.3,capital
SWE,SXM,7790.0,capital
SWE,SYC,7833.1,capital
SWE,SYR,3168.7,capital
SWE,TCA,7924.0,capital
SWE,TCD,5256.9,capital
SWE,TGO,6087.1,capital
SWE,THA,8267.4,capital
SWE,TJK,4220.1,capital
SWE,TKL,14354.8,centroid
SWE,TKM,3704.5,capital
SWE,TLS,11813.8,capital
SWE,TON,15518.5,centroid
SWE,TTO,8399.0,capital
SWE,TUN,2566.8,capital
SWE,TUR,2394.2,capital
SWE,TUV,14145.9,capital
SWE,TWN,8353.7,capital
SWE,TZA,7450.0,capital
SWE,UGA,6682.3,capital
SWE,UKR,1264.0,capital
SWE,UMI,10815.6,centroid
SWE,UNK,1864.3,capital
SWE,URY,12481.6,capital
SWE,USA,7666.6,centroid
SWE,UZB,4016.1,capital
SWE,VAT,1976.1,capital
SWE,VCT,8146.3,capital
SWE,VEN,8719.9,capital
SWE,VGB,7841.6,capital
SWE,VIR,7867.1,capital
SWE,VNM,7884.6,capital
SWE,VUT,14575.2,centroid
SWE,WLF,14761.1,capital
SWE,WSM,14891.4,capital
SWE,YEM,5502.7,centroid
SWE,ZAF,9505.5,capital
SWE,ZMB,8361.7,capital
SWE,ZWE,8660.5,capital
SWZ,SXM,11296.5,capital
SWZ,SYC,3541.7,capital
SWZ,SYR,6690.8,capital
SWZ,TCA,12225.5,capital
SWZ,TCD,4631.0,capital
SWZ,TGO,4855.1,capital
SWZ,THA,8715.8,capital
SWZ,TJK,8217.5,capital
SWZ,TKL,15343.1,centroid
SWZ,TKM,7703.2,capital
SWZ,TLS,10015.1,capital
SWZ,TON,14126.0,centroid
SWZ,TTO,10801.0,capital
SWZ,TUN,7373.3,capital
SWZ,TUR,7383.8,capital
SWZ,TUV,14812.3,capital
SWZ,TWN,11247.2,capital
SWZ,TZA,2307.4,capital
SWZ,UGA,2981.8,capital
SWZ,UKR,8553.5,capital
SWZ,UMI,15403.1,centroid
SWZ,UNK,7756.4,capital
SWZ,URY,8143.2,capital
SWZ,USA,15043.1,centroid
SWZ,UZB,8488.4,capital
SWZ,VAT,7842.8,capital
SWZ,VCT,10891.8,capital
SWZ,VEN,11321.9,capital
SWZ,VGB,11466.5,capital
SWZ,VIR,11492.6,capital
SWZ,VNM,9616.0,capital
SWZ,VUT,13299.8,centroid
SWZ,WLF,14696.3,capital
SWZ,WSM,14892.2,capital
SWZ,YEM,4955.6,centroid
SWZ,ZAF,311.3,capital
SWZ,ZMB,1266.3,capital
SWZ,ZWE,960.7,capital
SXM,SYC,13176.9,capital
SXM,SYR,9738.6,capital
SXM,TCA,929.2,capital
SXM,TCD,8353.1,capital
SXM,TGO,7079.8,capital
SXM,THA,16047.3,capital
SXM,TJK,11970.4,capital
SXM,TKL,12309.3,centroid
SXM,TKM,11294.9,capital
SXM,TLS,18609.4,capital
SXM,TON,12909.5,centroid
SXM,TTO,834.7,capital
SXM,TUN,7348.7,capital
SXM,TUR,9218.0,capital
SXM,TUV,13225.5,capital
SXM,TWN,15199.4,capital
SXM,TZA,11145.5,capital
SXM,UGA,10591.6,capital
SXM,UKR,8718.7,capital
SXM,UMI,13186.0,centroid
SXM,UNK,8197.9,capital
SXM,URY,5929.9,capital
SXM,USA,3969.8,centroid
SXM,UZB,11793.1,capital
SXM,VAT,7497.4,capital
SXM,VCT,575.5,capital
SXM,VEN,934.3,capital
SXM,VGB,172.2,capital
SXM,VIR,202.2,capital
SXM,VNM,15507.2,capital
SXM,VUT,14704.9,centroid
SXM,WLF,12872.0,capital
SXM,WSM,12424.5,capital
SXM,YEM,11615.8,centroid
SXM,ZAF,10985.2,capital
SXM,ZMB,10668.4,capital
SXM,ZWE,11027.8,capital
SYC,SYR,4694.8,capital
SYC,TCA,13969.1,capital
SYC,TCD,4838.9,capital
SYC,TGO,6138.4,capital
SYC,THA,5373.6,capital
SYC,TJK,4991.1,capital
SYC,TKL,14541.4,centroid
SYC,TKM,4743.2,capital
SYC,TLS,7748.6,capital
SYC,TON,13862.2,centroid
SYC,TTO,13047.2,capital
SYC,TUN,6574.9,capital
SYC,TUR,5465.4,capital
SYC,TUV,13608.2,capital
SYC,TWN,7850.5,capital
SYC,TZA,2189.2,capital
SYC,UGA,2599.3,capital
SYC,UKR,6572.9,capital
SYC,UMI,12398.1,centroid
SYC,UNK,6290.5,capital
SYC,URY,11653.0,capital
SYC,USA,15372.2,centroid
SYC,UZB,5290.3,capital
SYC,VAT,6754.1,capital
SYC,VCT,13011.1,capital
SYC,VEN,13633.3,capital
SYC,VGB,13338.7,capital
SYC,VIR,13372.2,capital
SYC,VNM,6187.3,capital
SYC,VUT,12147.8,centroid
SYC,WLF,13978.2,capital
SYC,WSM,14416.2,capital
SYC,YEM,2331.2,centroid
SYC,ZAF,3734.9,capital
SYC,ZMB,3202.3,capital
SYC,ZWE,3033.3,capital
SYR,TCA,10201.8,capital
SYR,TCD,3211.5,capital
SYR,TGO,4724.1,capital
SYR,THA,6791.6,capital
SYR,TJK,2958.7,capital
SYR,TKL,16039.2,centroid
SYR,TKM,2049.0,capital
SYR,TLS,10465.6,capital
SYR,TON,16582.8,centroid
SYR,TTO,10065.9,capital
SYR,TUN,2395.5,capital
SYR,TUR,775.6,capital
SYR,TUV,15310.6,capital
SYR,TWN,8089.5,capital
SYR,TZA,4412.9,capital
SYR,UGA,3711.3,capital
SYR,UKR,1942.0,capital
SYR,UMI,12129.5,centroid
SYR,UNK,1665.9,capital
SYR,URY,12254.9,capital
SYR,USA,10713.8,centroid
SYR,UZB,3013.7,capital
SYR,VAT,2285.3,capital
SYR,VCT,9883.9,capital
SYR,VEN,10558.1,capital
SYR,VGB,9849.7,capital
SYR,VIR,9881.9,capital
SYR,VNM,6890.3,capital
SYR,VUT,14727.5,centroid
SYR,WLF,16039.0,capital
SYR,WSM,16437.8,capital
SYR,YEM,2371.6,centroid
SYR,ZAF,6644.3,capital
SYR,ZMB,5505.2,capital
SYR,ZWE,5735.5,capital
TCA,TCD,9130.3,capital
TCA,TGO,7936.2,capital
TCA,THA,15994.5,capital
TCA,TJK,12143.9,capital
TCA,TKL,11488.7,centroid
TCA,TKM,11565.1,capital
TCA,TLS,17720.9,capital
TCA,TON,12181.2,centroid
TCA,TTO,1579.2,capital
TCA,TUN,7852.4,capital
TCA,TUR,9611.3,capital
TCA,TUV,12380.7,capital
TCA,TWN,14665.0,capital
TCA,TZA,12002.4,capital
TCA,UGA,11412.7,capital
TCA,UKR,8968.8,capital
TCA,UMI,12268.3,centroid
TCA,UNK,8591.6,capital
TCA,URY,6463.3,capital
TCA,USA,3082.8,centroid
TCA,UZB,11931.3,capital
TCA,VAT,7921.5,capital
TCA,VCT,1399.3,capital
TCA,VEN,1302.2,capital
TCA,VGB,760.4,capital
TCA,VIR,736.1,capital
TCA,VNM,15279.5,capital
TCA,VUT,13895.2,centroid
TCA,WLF,12075.9,capital
TCA,WSM,11644.3,capital
TCA,YEM,12238.6,centroid
TCA,ZAF,11914.2,capital
TCA,ZMB,11579.2,capital
TCA,ZWE,11943.2,capital
TCD,TGO,1656.0,capital
TCD,THA,9208.5,capital
TCD,TJK,6041.5,capital
TCD,TKL,19171.2,centroid
TCD,TKM,5158.4,capital
TCD,TLS,12424.1,capital
TCD,TON,18629.5,centroid
TCD,TTO,8318.0,capital
TCD,TUN,2790.8,capital
TCD,TUR,3552.4,capital
TCD,TUV,18236.4,capital
TCD,TWN,11047.4,capital
TCD,TZA,3060.5,capital
TCD,UGA,2337.3,capital
TCD,UKR,4490.9,capital
TCD,UMI,15337.3,centroid
TCD,UNK,3449.8,capital
TCD,URY,9125.7,capital
TCD,USA,11031.7,centroid
TCD,UZB,6154.8,capital
TCD,VAT,3322.7,capital
TCD,VCT,8241.4,capital
TCD,VEN,8898.2,capital
TCD,VGB,8511.2,capital
TCD,VIR,8545.0,capital
TCD,VNM,9608.8,capital
TCD,VUT,16961.7,centroid
TCD,WLF,18791.2,capital
TCD,WSM,19252.5,capital
TCD,YEM,3573.7,centroid
TCD,ZAF,4443.0,capital
TCD,ZMB,3388.8,capital
TCD,ZWE,3763.9,capital
TGO,THA,10840.4,capital
TGO,TJK,7637.9,capital
TGO,TKL,19202.6,centroid
TGO,TKM,6739.0,capital
TGO,TLS,13877.0,capital
TGO,TON,18419.6,centroid
TGO,TTO,6909.8,capital
TGO,TUN,3531.5,capital
TGO,TUR,4906.9,capital
TGO,TUV,19667.3,capital
TGO,TWN,12694.1,capital
TGO,TZA,4067.7,capital
TGO,UGA,3539.5,capital
TGO,UKR,5629.4,capital
TGO,UMI,16767.5,centroid
TGO,UNK,4511.8,capital
TGO,URY,7537.1,capital
TGO,USA,10302.7,centroid
TGO,UZB,7726.4,capital
TGO,VAT,4129.9,capital
TGO,VCT,6874.9,capital
TGO,VEN,7496.0,capital
TGO,VGB,7247.5,capital
TGO,VIR,7279.9,capital
TGO,VNM,11264.1,capital
TGO,VUT,18116.1,centroid
TGO,WLF,19170.1,capital
TGO,WSM,18865.0,capital
TGO,YEM,5197.0,centroid
TGO,ZAF,4586.8,capital
TGO,ZMB,3824.0,capital
TGO,ZWE,4221.1,capital
THA,TJK,4158.8,capital
THA,TKL,9977.7,centroid
THA,TKM,4938.1,capital
THA,TLS,3716.5,capital
THA,TON,9968.1,centroid
THA,TTO,16652.5,capital
THA,TUN,9126.0,capital
THA,TUR,7134.1,capital
THA,TUV,9028.3,capital
THA,TWN,2532.4,capital
THA,TZA,7481.5,capital
THA,UGA,7617.3,capital
THA,UKR,7419.9,capital
THA,UMI,7037.2,centroid
THA,UNK,8110.9,capital
THA,URY,16699.6,capital
THA,USA,13977.7,centroid
THA,UZB,4299.9,capital
THA,VAT,8832.3,capital
THA,VCT,16408.9,capital
THA,VEN,16981.3,capital
THA,VGB,16082.6,capital
THA,VIR,16105.2,capital
THA,VNM,986.9,capital
THA,VUT,8020.9,centroid
THA,WLF,9655.2,capital
THA,WSM,10131.9,capital
THA,YEM,5643.4,centroid
THA,ZAF,8967.4,capital
THA,ZMB,8575.6,capital
THA,ZWE,8385.7,capital
TJK,TKL,13158.2,centroid
TJK,TKM,909.7,capital
TJK,TLS,7858.9,capital
TJK,TON,13625.5,centroid
TJK,TTO,12503.7,capital
TJK,TUN,5072.1,capital
TJK,TUR,3077.3,capital
TJK,TUV,12368.7,capital
TJK,TWN,5131.7,capital
TJK,TZA,6026.9,capital
TJK,UGA,5626.9,capital
TJK,UKR,3265.5,capital
TJK,UMI,9337.2,centroid
TJK,UNK,3992.5,capital
TJK,URY,15166.6,capital
TJK,USA,11381.2,centroid
TJK,UZB,305.7,capital
TJK,VAT,4710.5,capital
TJK,VCT,12271.2,capital
TJK,VEN,12886.6,capital
TJK,VGB,12035.5,capital
TJK,VIR,12062.6,capital
TJK,VNM,4033.9,capital
TJK,VUT,11810.6,centroid
TJK,WLF,13091.8,capital
TJK,WSM,13509.8,capital
TJK,YEM,3314.9,centroid
TJK,ZAF,8302.6,capital
TJK,ZMB,7330.1,capital
TJK,ZWE,7397.9,capital
TKL,TKM,14050.4,centroid
TKL,TLS,6851.4,centroid
TKL,TON,1264.9,centroid
TKL,TTO,12412.4,centroid
TKL,TUN,16914.1,centroid
TKL,TUR,15786.7,centroid
TKL,TUV,969.2,centroid
TKL,TWN,8126.9,centroid
TKL,TZA,16508.2,centroid
TKL,UGA,17127.3,centroid
TKL,UKR,14961.1,centroid
TKL,UMI,3922.2,centroid
TKL,UNK,16056.8,centroid
TKL,URY,11704.3,centroid
TKL,USA,9336.5,centroid
TKL,UZB,13057.5,centroid
TKL,VAT,16330.5,centroid
TKL,VCT,12468.2,centroid
TKL,VEN,11827.6,centroid
TKL,VGB,12145.7,centroid
TKL,VIR,12112.5,centroid
TKL,VNM,9563.4,centroid
TKL,VUT,2406.8,centroid
TKL,WLF,658.8,centroid
TKL,WSM,538.0,centroid
TKL,YEM,15619.8,centroid
TKL,ZAF,15577.2,centroid
TKL,ZMB,16499.4,centroid
TKL,ZWE,16102.5,centroid
TKM,TLS,8654.6,capital
TKM,TON,14534.9,centroid
TKM,TTO,11765.8,capital
TKM,TUN,4213.5,capital
TKM,TUR,2211.4,capital
TKM,TUV,13274.4,capital
TKM,TWN,6041.1,capital
TKM,TZA,5437.0,capital
TKM,UGA,4947.5,capital
TKM,UKR,2596.6,capital
TKM,UMI,10197.5,centroid
TKM,UNK,3172.8,capital
TKM,URY,14274.6,capital
TKM,USA,11201.4,centroid
TKM,UZB,997.7,capital
TKM,VAT,3894.2,capital
TKM,VCT,11548.0,capital
TKM,VEN,12188.6,capital
TKM,VGB,11375.8,capital
TKM,VIR,11404.8,capital
TKM,VNM,4902.1,capital
TKM,VUT,12709.4,centroid
TKM,WLF,13999.0,capital
TKM,WSM,14412.9,capital
TKM,YEM,2748.6,centroid
TKM,ZAF,7751.4,capital
TKM,ZMB,6713.2,capital
TKM,ZWE,6828.0,capital
TLS,TON,6497.1,centroid
TLS,TTO,19203.0,capital
TLS,TUN,12831.2,capital
TLS,TUR,10847.6,capital
TLS,TUV,5891.0,capital
TLS,TWN,3763.1,capital
TLS,TZA,9887.5,capital
TLS,UGA,10341.7,capital
TLS,UKR,11097.0,capital
TLS,UMI,5461.4,centroid
TLS,UNK,11827.3,capital
TLS,URY,15178.8,capital
TLS,USA,14646.3,centroid
TLS,UZB,7975.0,capital
TLS,VAT,12548.8,capital
TLS,VCT,19113.7,capital
TLS,VEN,18632.9,capital
TLS,VGB,18460.9,capital
TLS,VIR,18443.5,capital
TLS,VNM,3932.9,capital
TLS,VUT,4568.3,centroid
TLS,WLF,6368.8,capital
TLS,WSM,6842.8,capital
TLS,YEM,8938.4,centroid
TLS,ZAF,10325.3,capital
TLS,ZMB,10526.6,capital
TLS,ZWE,10190.0,capital
TON,TTO,12848.3,centroid
TON,TUN,18078.8,centroid
TON,TUR,16561.9,centroid
TON,TUV,1420.6,centroid
TON,TWN,8493.9,centroid
TON,TZA,15568.9,centroid
TON,UGA,16300.3,centroid
TON,UKR,15954.2,centroid
TON,UMI,4806.5,centroid
TON,UNK,17075.1,centroid
TON,URY,11132.8,centroid
TON,USA,10368.4,centroid
TON,UZB,13587.6,centroid
TON,VAT,17480.6,centroid
TON,VCT,12957.8,centroid
TON,VEN,12283.2,centroid
TON,VGB,12758.9,centroid
TON,VIR,12724.9,centroid
TON,VNM,9738.1,centroid
TON,VUT,1953.6,centroid
TON,WLF,757.4,centroid
TON,WSM,767.0,centroid
TON,YEM,15433.2,centroid
TON,ZAF,14345.5,centroid
TON,ZMB,15327.0,centroid
TON,ZWE,14938.3,centroid
TTO,TUN,7674.0,capital
TTO,TUR,9616.7,capital
TTO,TUV,13364.4,capital
TTO,TWN,16029.5,capital
TTO,TZA,10923.9,capital
TTO,UGA,10449.1,capital
TTO,UKR,9238.4,capital
TTO,UMI,13776.0,centroid
TTO,UNK,8611.0,capital
TTO,URY,5098.2,capital
TTO,USA,4656.8,centroid
TTO,UZB,12353.5,capital
TTO,VAT,7894.9,capital
TTO,VCT,278.5,capital
TTO,VEN,586.2,capital
TTO,VGB,925.1,capital
TTO,VIR,929.0,capital
TTO,VNM,16230.2,capital
TTO,VUT,14743.2,centroid
TTO,WLF,12920.9,capital
TTO,WSM,12453.0,capital
TTO,YEM,11744.4,centroid
TTO,ZAF,10491.4,capital
TTO,ZMB,10300.5,capital
TTO,ZWE,10637.1,capital
TUN,TUR,2002.2,capital
TUN,TUV,16679.6,capital
TUN,TWN,10073.7,capital
TUN,TZA,5470.2,capital
TUN,UGA,4668.3,capital
TUN,UKR,2218.6,capital
TUN,UMI,13304.0,centroid
TUN,UNK,1142.3,capital
TUN,URY,10515.1,capital
TUN,USA,8836.5,centroid
TUN,UZB,5025.3,capital
TUN,VAT,598.5,capital
TUN,VCT,7488.9,capital
TUN,VEN,8162.6,capital
TUN,VGB,7463.9,capital
TUN,VIR,7496.4,capital
TUN,VNM,9105.5,capital
TUN,VUT,16764.8,centroid
TUN,WLF,17322.8,capital
TUN,WSM,17452.0,capital
TUN,YEM,4450.1,centroid
TUN,ZAF,7208.2,capital
TUN,ZMB,6110.3,capital
TUN,ZWE,6459.7,capital
TUR,TUV,15187.8,capital
TUR,TWN,8147.4,capital
TUR,TZA,5133.7,capital
TUR,UGA,4403.8,capital
TUR,UKR,1185.4,capital
TUR,UMI,11873.5,centroid
TUR,UNK,1022.2,capital
TUR,URY,12331.1,capital
TUR,USA,9958.0,centroid
TUR,UZB,3051.5,capital
TUR,VAT,1724.2,capital
TUR,VCT,9414.9,capital
TUR,VEN,10075.6,capital
TUR,VGB,9317.0,capital
TUR,VIR,9348.0,capital
TUR,VNM,7107.1,capital
TUR,VUT,14862.1,centroid
TUR,WLF,15916.3,capital
TUR,WSM,16250.3,capital
TUR,YEM,3137.6,centroid
TUR,ZAF,7317.6,capital
TUR,ZMB,6170.2,capital
TUR,ZWE,6424.0,capital
TUV,TWN,7271.4,capital
TUV,TZA,15646.4,capital
TUV,UGA,16206.2,capital
TUV,UKR,14533.6,capital
TUV,UMI,3386.2,centroid
TUV,UNK,15654.5,capital
TUV,URY,12463.0,capital
TUV,USA,10053.2,centroid
TUV,UZB,12297.5,capital
TUV,VAT,16082.1,capital
TUV,VCT,13410.4,capital
TUV,VEN,12778.6,capital
TUV,VGB,13059.1,capital
TUV,VIR,13026.4,capital
TUV,VNM,8651.3,capital
TUV,VUT,1563.2,centroid
TUV,WLF,731.7,capital
TUV,WSM,1148.9,capital
TUV,YEM,14663.8,centroid
TUV,ZAF,15080.7,capital
TUV,ZMB,15849.4,capital
TUV,ZWE,15451.6,capital
TWN,TZA,9876.0,capital
TWN,UGA,9886.3,capital
TWN,UKR,7956.2,capital
TWN,UMI,4667.7,centroid
TWN,UNK,8937.0,capital
TWN,URY,18898.0,capital
TWN,USA,11933.9,centroid
TWN,UZB,5106.5,capital
TWN,VAT,9609.1,capital
TWN,VCT,15756.0,capital
TWN,VEN,15959.4,capital
TWN,VGB,15134.7,capital
TWN,VIR,15139.4,capital
TWN,VNM,1665.1,capital
TWN,VUT,6716.2,centroid
TWN,WLF,7982.2,capital
TWN,WSM,8420.1,capital
TWN,YEM,7676.7,centroid
TWN,ZAF,11495.6,capital
TWN,ZMB,11043.2,capital
TWN,ZWE,10881.6,capital
TZA,UGA,802.1,capital
TZA,UKR,6316.6,capital
TZA,UMI,14514.1,centroid
TZA,UNK,5627.7,capital
TZA,URY,9790.3,capital
TZA,USA,14090.5,centroid
TZA,UZB,6278.7,capital
TZA,VAT,5844.8,capital
TZA,VCT,10914.6,capital
TZA,VEN,11506.7,capital
TZA,VGB,11313.9,capital
TZA,VIR,11346.1,capital
TZA,VNM,8217.5,capital
TZA,VUT,14112.3,centroid
TZA,WLF,15879.9,capital
TZA,WSM,16251.6,capital
TZA,YEM,2714.5,centroid
TZA,ZAF,2319.6,capital
TZA,ZMB,1309.7,capital
TZA,ZWE,1392.3,capital
UGA,UKR,5578.5,capital
UGA,UMI,14552.5,centroid
UGA,UNK,4845.8,capital
UGA,URY,9915.5,capital
UGA,USA,13333.8,centroid
UGA,UZB,5853.3,capital
UGA,VAT,5045.1,capital
UGA,VCT,10412.0,capital
UGA,VEN,11035.4,capital
UGA,VGB,10756.0,capital
UGA,VIR,10789.1,capital
UGA,VNM,8260.2,capital
UGA,VUT,14722.1,centroid
UGA,WLF,16534.9,capital
UGA,WSM,16942.4,capital
UGA,YEM,2352.8,centroid
UGA,ZAF,2936.0,capital
UGA,ZMB,1810.9,capital
UGA,ZWE,2024.4,capital
UKR,UMI,11148.9,centroid
UKR,UNK,1120.9,capital
UKR,URY,12707.9,capital
UKR,USA,8924.6,centroid
UKR,UZB,3124.6,capital
UKR,VAT,1678.1,capital
UKR,VCT,9006.0,capital
UKR,VEN,9627.0,capital
UKR,VGB,8792.4,capital
UKR,VIR,8820.7,capital
UKR,VNM,7194.8,capital
UKR,VUT,14568.8,centroid
UKR,WLF,15228.1,capital
UKR,WSM,15472.5,capital
UKR,YEM,4244.2,centroid
UKR,ZAF,8476.1,capital
UKR,ZMB,7326.7,capital
UKR,ZWE,7592.8,capital
UMI,UNK,12269.4,centroid
UMI,URY,15476.9,centroid
UMI,USA,9234.7,centroid
UMI,UZB,9200.0,centroid
UMI,VAT,12710.0,centroid
UMI,VCT,13652.3,centroid
UMI,VEN,13282.4,centroid
UMI,VGB,13023.7,centroid
UMI,VIR,13001.9,centroid
UMI,VNM,6308.9,centroid
UMI,VUT,3925.4,centroid
UMI,WLF,4082.9,centroid
UMI,WSM,4377.9,centroid
UMI,YEM,12294.6,centroid
UMI,ZAF,15704.7,centroid
UMI,ZMB,15583.2,centroid
UMI,ZWE,15342.7,centroid
UNK,URY,11655.8,capital
UNK,USA,9088.1,centroid
UNK,UZB,3921.3,capital
UNK,VAT,721.5,capital
UNK,VCT,8404.2,capital
UNK,VEN,9061.0,capital
UNK,VGB,8295.6,capital
UNK,VIR,8326.6,capital
UNK,VNM,8020.4,capital
UNK,VUT,15622.7,centroid
UNK,WLF,16346.8,capital
UNK,WSM,16576.7,capital
UNK,YEM,4001.6,centroid
UNK,ZAF,7641.7,capital
UNK,ZMB,6499.1,capital
UNK,ZWE,6803.2,capital
URY,USA,9132.9,centroid
URY,UZB,15263.4,capital
URY,VAT,11030.3,capital
URY,VCT,5370.3,capital
URY,VEN,5171.4,capital
URY,VGB,5996.6,capital
URY,VIR,5992.2,capital
URY,VNM,17677.8,capital
URY,VUT,12748.5,centroid
URY,WLF,11732.6,capital
URY,WSM,11336.0,capital
URY,YEM,12233.1,centroid
URY,ZAF,7926.0,capital
URY,ZMB,8541.2,capital
URY,ZWE,8641.6,capital
USA,UZB,11090.8,centroid
USA,VAT,8621.5,centroid
USA,VCT,4481.0,centroid
USA,VEN,4284.3,centroid
USA,VGB,3815.3,centroid
USA,VIR,3797.2,centroid
USA,VNM,13031.3,centroid
USA,VUT,11610.0,centroid
USA,WLF,9991.0,centroid
USA,WSM,9664.4,centroid
USA,YEM,13082.7,centroid
USA,ZAF,14740.7,centroid
USA,ZMB,14126.6,centroid
USA,ZWE,14523.0,centroid
UZB,VAT,4632.1,capital
UZB,VCT,12114.5,capital
UZB,VEN,12716.3,capital
UZB,VGB,11851.8,capital
UZB,VIR,11878.0,capital
UZB,VNM,4102.7,capital
UZB,VUT,11813.3,centroid
UZB,WLF,13025.4,capital
UZB,WSM,13430.0,capital
UZB,YEM,3564.2,centroid
UZB,ZAF,8566.4,capital
UZB,ZMB,7577.3,capital
UZB,ZWE,7656.5,capital
VAT,VCT,7691.1,capital
VAT,VEN,8351.4,capital
VAT,VGB,7599.4,capital
VAT,VIR,7630.8,capital
VAT,VNM,8734.0,capital
VAT,VUT,16246.4,centroid
VAT,WLF,16725.2,capital
VAT,WSM,16867.5,capital
VAT,YEM,4528.8,centroid
VAT,ZAF,7694.2,capital
VAT,ZMB,6576.5,capital
VAT,ZWE,6911.4,capital
VCT,VEN,682.8,capital
VCT,VGB,689.4,capital
VCT,VIR,699.7,capital
VCT,VNM,15960.4,capital
VCT,VUT,14826.5,centroid
VCT,WLF,12995.7,capital
VCT,WSM,12533.3,capital
VCT,YEM,11622.9,centroid
VCT,ZAF,10581.1,capital
VCT,ZMB,10342.2,capital
VCT,ZWE,10687.8,capital
VEN,VGB,915.6,capital
VEN,VIR,898.1,capital
VEN,VNM,16421.9,capital
VEN,VUT,14166.1,centroid
VEN,WLF,12340.4,capital
VEN,WSM,11874.2,capital
VEN,YEM,12302.4,centroid
VEN,ZAF,11013.8,capital
VEN,ZMB,10862.0,capital
VEN,ZWE,11192.5,capital
VGB,VIR,34.0,capital
VGB,VNM,15506.9,capital
VGB,VUT,14543.6,centroid
VGB,WLF,12711.8,capital
VGB,WSM,12266.3,capital
VGB,YEM,11753.7,centroid
VGB,ZAF,11155.3,capital
VGB,ZMB,10840.5,capital
VGB,ZWE,11200.0,capital
VIR,VNM,15523.8,capital
VIR,VUT,14510.1,centroid
VIR,WLF,12678.2,capital
VIR,WSM,12232.6,capital
VIR,YEM,11787.6,centroid
VIR,ZAF,11181.3,capital
VIR,ZMB,10870.1,capital
VIR,ZWE,11229.0,capital
VNM,VUT,7838.4,centroid
VNM,WLF,9326.5,capital
VNM,WSM,9789.5,capital
VNM,YEM,6122.1,centroid
VNM,ZAF,9855.0,capital
VNM,ZMB,9378.2,capital
VNM,ZWE,9219.8,capital
VUT,WLF,1834.6,centroid
VUT,WSM,2293.1,centroid
VUT,YEM,13502.6,centroid
VUT,ZAF,13580.4,centroid
VUT,ZMB,14293.5,centroid
VUT,ZWE,13897.1,centroid
WLF,WSM,480.4,capital
WLF,YEM,15255.8,centroid
WLF,ZAF,14936.9,capital
WLF,ZMB,15841.8,capital
WLF,ZWE,15444.5,capital
WSM,YEM,15736.2,centroid
WSM,ZAF,15112.5,capital
WSM,ZMB,16086.5,capital
WSM,ZWE,15695.4,capital
YEM,ZAF,5012.6,centroid
YEM,ZMB,4015.3,centroid
YEM,ZWE,4095.8,centroid
ZAF,ZMB,1149.6,capital
ZAF,ZWE,928.6,capital
ZMB,ZWE,399.2,capital
